id,burst time,initial burst time,arrival time,final priority,wait time,turnaround time,response time,total CPU time,total I/O time,times worked on,type,start 1,finish 1,priority 1,start 2,finish 2,priority 2,start 3,finish 3,priority 3,start 4,finish 4,priority 4,io start 0,io end 0
999,1,1,8927,10,24,26,8,2,11,2,I/O,8934,8935,10,8952,8953,10,-1,-1,-1,-1,-1,-1,8935,8946
998,9,9,4949,30,6894,6915,2,21,1,4,CPU,4950,4952,10,4970,4977,20,8136,8146,20,11862,11864,30,4977,4978
997,1,1,4294,10,27,30,6,3,12,2,I/O,4299,4300,10,4322,4324,10,-1,-1,-1,-1,-1,-1,4300,4312
996,11,11,3099,20,1585,1606,3,21,2,3,CPU,3101,3103,10,3115,3124,20,4695,4705,20,-1,-1,-1,3124,3126
995,3,3,6461,20,3525,3530,4,5,10,3,I/O,6464,6466,10,6469,6470,20,9989,9991,20,-1,-1,-1,6470,6481
994,1,1,528,20,111,115,7,4,9,3,I/O,534,535,10,551,553,10,642,643,20,-1,-1,-1,535,545
993,12,12,219,20,9,30,1,21,3,3,CPU,219,221,10,221,231,20,240,249,20,-1,-1,-1,231,234
992,2,2,5950,10,25,29,9,4,12,2,I/O,5958,5960,10,5977,5979,10,-1,-1,-1,-1,-1,-1,5960,5972
991,10,10,6110,20,3661,3679,5,18,1,3,CPU,6114,6116,10,6133,6141,20,9781,9789,20,-1,-1,-1,6141,6142
990,1,1,9746,10,17,19,7,2,8,2,I/O,9752,9753,10,9764,9765,10,-1,-1,-1,-1,-1,-1,9753,9761
989,1,1,6596,20,3466,3470,8,4,12,3,I/O,6603,6604,10,6621,6623,10,10065,10066,20,-1,-1,-1,6604,6616
988,1,1,2538,10,19,21,7,2,9,2,I/O,2544,2545,10,2558,2559,10,-1,-1,-1,-1,-1,-1,2545,2555
987,10,10,3126,30,8650,8672,1,22,2,4,CPU,3126,3128,10,3152,3160,20,4844,4854,20,11796,11798,30,3160,3162
986,2,2,225,10,29,32,9,3,8,2,I/O,233,235,10,256,257,10,-1,-1,-1,-1,-1,-1,235,244
985,1,1,3589,10,21,24,6,3,10,2,I/O,3594,3595,10,3611,3613,10,-1,-1,-1,-1,-1,-1,3595,3605
984,10,10,3363,20,1813,1833,1,20,1,3,CPU,3363,3365,10,3373,3381,20,5186,5196,20,-1,-1,-1,3381,3382
983,10,10,7161,30,4753,4775,3,22,1,4,CPU,7163,7165,10,7172,7180,20,10375,10385,20,11934,11936,30,7180,7181
982,3,3,8875,20,2447,2453,9,6,9,3,I/O,8883,8885,10,8900,8901,20,11325,11328,20,-1,-1,-1,8901,8911
981,11,11,8882,20,2435,2454,6,19,1,3,CPU,8887,8889,10,8901,8910,20,11328,11336,20,-1,-1,-1,8910,8912
980,10,10,3736,20,2007,2025,3,18,3,3,CPU,3738,3740,10,3743,3751,20,5753,5761,20,-1,-1,-1,3751,3755
979,1,1,7931,10,20,22,3,2,10,2,I/O,7933,7934,10,7952,7953,10,-1,-1,-1,-1,-1,-1,7934,7944
978,10,10,7080,30,4831,4853,8,22,3,4,CPU,7087,7089,10,7089,7097,20,10317,10327,20,11931,11933,30,7097,7100
977,3,3,7465,20,3136,3140,6,4,11,3,I/O,7470,7472,10,7486,7487,20,10604,10605,20,-1,-1,-1,7487,7499
976,10,10,9086,20,2332,2351,7,19,2,3,CPU,9092,9094,10,9094,9102,20,11428,11437,20,-1,-1,-1,9102,9104
975,10,10,6166,20,3689,3707,7,18,1,3,CPU,6172,6174,10,6210,6218,20,9865,9873,20,-1,-1,-1,6218,6219
974,11,11,7698,20,3011,3031,3,20,3,3,CPU,7700,7702,10,7711,7720,20,10720,10729,20,-1,-1,-1,7720,7723
973,3,3,1250,20,558,563,6,5,10,3,I/O,1255,1257,10,1271,1272,20,1811,1813,20,-1,-1,-1,1272,1283
972,8,8,5895,20,3662,3680,2,18,1,3,CPU,5896,5898,10,5916,5922,20,9565,9575,20,-1,-1,-1,5922,5923
971,3,3,9270,20,2260,2264,5,4,8,3,I/O,9274,9276,10,9302,9303,20,11533,11534,20,-1,-1,-1,9303,9312
970,2,2,9298,10,17,20,3,3,9,2,I/O,9300,9302,10,9317,9318,10,-1,-1,-1,-1,-1,-1,9302,9311
969,9,9,6235,30,5648,5669,3,21,1,4,CPU,6237,6239,10,6239,6246,20,9884,9894,20,11902,11904,30,6246,6247
968,1,1,7618,20,3065,3069,3,4,10,3,I/O,7620,7621,10,7643,7645,10,10686,10687,20,-1,-1,-1,7621,7632
967,8,8,3448,30,8337,8356,1,19,2,4,CPU,3448,3450,10,3468,3474,20,5363,5373,20,11803,11804,30,3474,3476
966,10,10,5831,20,3602,3622,2,20,1,3,CPU,5832,5834,10,5834,5842,20,9443,9453,20,-1,-1,-1,5842,5843
965,12,12,5263,20,3491,3511,10,20,3,3,CPU,5272,5274,10,5290,5300,20,8766,8774,20,-1,-1,-1,5300,5303
964,10,10,9588,30,2392,2413,3,21,1,4,CPU,9590,9592,10,9593,9601,20,11676,11686,20,12000,12001,30,9601,9602
963,3,3,3687,20,2006,2010,1,4,8,3,I/O,3687,3689,10,3689,3690,20,5696,5697,20,-1,-1,-1,3690,3698
962,2,2,8019,10,17,20,3,3,9,2,I/O,8021,8023,10,8038,8039,10,-1,-1,-1,-1,-1,-1,8023,8032
961,1,1,5399,10,23,25,4,2,12,2,I/O,5402,5403,10,5423,5424,10,-1,-1,-1,-1,-1,-1,5403,5415
960,2,2,6267,20,3624,3629,9,5,11,3,I/O,6275,6277,10,6288,6290,10,9895,9896,20,-1,-1,-1,6277,6288
959,2,2,7214,10,22,25,1,3,12,2,I/O,7214,7216,10,7238,7239,10,-1,-1,-1,-1,-1,-1,7216,7229
958,12,12,8555,20,2570,2590,9,20,3,3,CPU,8563,8565,10,8573,8583,20,11137,11145,20,-1,-1,-1,8583,8586
957,10,10,4335,30,7479,7500,5,21,1,4,CPU,4339,4341,10,4350,4358,20,6780,6790,20,11834,11835,30,4358,4359
956,2,2,4176,20,2364,2369,3,5,10,3,I/O,4178,4180,10,4201,4203,10,6544,6545,20,-1,-1,-1,4180,4191
955,10,10,5107,20,3134,3153,9,19,3,3,CPU,5115,5117,10,5121,5129,20,8251,8260,20,-1,-1,-1,5129,5132
954,8,8,508,20,90,107,9,17,3,3,CPU,516,518,10,537,543,20,606,615,20,-1,-1,-1,543,547
953,12,12,2507,20,1013,1034,7,21,2,3,CPU,2513,2515,10,2530,2540,20,3532,3541,20,-1,-1,-1,2540,2542
952,8,8,8850,20,2446,2463,8,17,1,3,CPU,8857,8859,10,8863,8869,20,11304,11313,20,-1,-1,-1,8869,8870
951,2,2,8386,10,11,14,1,3,8,2,I/O,8386,8388,10,8399,8400,10,-1,-1,-1,-1,-1,-1,8388,8397
950,8,8,3974,30,7827,7847,2,20,1,4,CPU,3975,3977,10,3977,3983,20,6300,6310,20,11819,11821,30,3983,3984
949,9,9,9493,30,2486,2506,3,20,2,4,CPU,9495,9497,10,9506,9513,20,11628,11638,20,11998,11999,30,9513,9515
948,10,10,8754,20,2500,2519,3,19,1,3,CPU,8756,8758,10,8758,8766,20,11264,11273,20,-1,-1,-1,8766,8767
947,9,9,7454,30,4477,4497,8,20,1,4,CPU,7461,7463,10,7479,7486,20,10594,10604,20,11950,11951,30,7486,7487
946,9,9,1169,30,10556,10576,2,20,3,4,CPU,1170,1172,10,1184,1191,20,1467,1477,20,11744,11745,30,1191,1194
945,2,2,5598,10,18,22,10,4,9,2,I/O,5607,5609,10,5618,5620,10,-1,-1,-1,-1,-1,-1,5609,5618
944,8,8,6935,20,3315,3331,9,16,2,3,CPU,6943,6945,10,6961,6967,20,10258,10266,20,-1,-1,-1,6967,6969
943,3,3,4493,20,2744,2748,7,4,10,3,I/O,4499,4501,10,4527,4528,20,7240,7241,20,-1,-1,-1,4528,4539
942,9,9,2581,20,1010,1029,3,19,1,3,CPU,2583,2585,10,2587,2594,20,3600,3610,20,-1,-1,-1,2594,2595
941,11,11,5200,20,3133,3152,3,19,1,3,CPU,5202,5204,10,5214,5223,20,8344,8352,20,-1,-1,-1,5223,5224
940,11,11,8158,20,2775,2795,10,20,3,3,CPU,8167,8169,10,8169,8178,20,10944,10953,20,-1,-1,-1,8178,8181
939,2,2,2282,10,26,29,9,3,10,2,I/O,2290,2292,10,2310,2311,10,-1,-1,-1,-1,-1,-1,2292,2303
938,12,12,3774,30,8017,8040,3,23,3,4,CPU,3776,3778,10,3797,3807,20,5797,5807,20,11813,11814,30,3807,3811
937,2,2,9479,20,2126,2131,1,5,8,3,I/O,9479,9481,10,9497,9499,10,11609,11610,20,-1,-1,-1,9481,9489
936,11,11,2779,30,8985,9008,2,23,1,4,CPU,2780,2782,10,2786,2795,20,4021,4031,20,11785,11787,30,2795,2796
935,2,2,5048,10,27,31,8,4,12,2,I/O,5055,5057,10,5077,5079,10,-1,-1,-1,-1,-1,-1,5057,5069
934,2,2,72,20,22,27,1,5,8,3,I/O,72,74,10,85,87,10,98,99,20,-1,-1,-1,74,83
933,12,12,6579,20,3465,3485,7,20,2,3,CPU,6585,6587,10,6611,6621,20,10056,10064,20,-1,-1,-1,6621,6623
932,8,8,7361,30,4564,4583,4,19,2,4,CPU,7364,7366,10,7413,7419,20,10533,10543,20,11943,11944,30,7419,7421
931,10,10,822,20,60,78,3,18,2,3,CPU,824,826,10,843,851,20,892,900,20,-1,-1,-1,851,853
930,11,11,1039,20,93,114,7,21,2,3,CPU,1045,1047,10,1050,1059,20,1143,1153,20,-1,-1,-1,1059,1062
929,11,11,5255,20,3285,3306,2,21,3,3,CPU,5256,5258,10,5261,5270,20,8551,8561,20,-1,-1,-1,5270,5274
928,8,8,8597,20,2546,2564,3,18,1,3,CPU,8599,8601,10,8604,8610,20,11151,11161,20,-1,-1,-1,8610,8612
927,1,1,7325,10,14,17,1,3,8,2,I/O,7325,7326,10,7340,7342,10,-1,-1,-1,-1,-1,-1,7326,7334
926,2,2,8274,10,20,23,5,3,8,2,I/O,8278,8280,10,8296,8297,10,-1,-1,-1,-1,-1,-1,8280,8288
925,8,8,7732,20,3008,3026,1,18,3,3,CPU,7732,7734,10,7740,7746,20,10748,10758,20,-1,-1,-1,7746,7749
924,12,12,7580,20,3076,3096,2,20,3,3,CPU,7581,7583,10,7601,7611,20,10668,10676,20,-1,-1,-1,7611,7614
923,3,3,5173,20,3153,3157,1,4,9,3,I/O,5173,5175,10,5175,5176,20,8329,8330,20,-1,-1,-1,5176,5185
922,11,11,7279,20,3134,3155,3,21,2,3,CPU,7281,7283,10,7285,7294,20,10424,10434,20,-1,-1,-1,7294,7296
921,12,12,1247,20,231,251,7,20,1,3,CPU,1253,1255,10,1259,1269,20,1490,1498,20,-1,-1,-1,1269,1270
920,8,8,1255,30,10474,10494,3,20,1,4,CPU,1257,1259,10,1274,1280,20,1813,1823,20,11747,11749,30,1280,1281
919,2,2,1840,10,18,22,4,4,12,2,I/O,1843,1845,10,1860,1862,10,-1,-1,-1,-1,-1,-1,1845,1857
918,11,11,1272,30,10456,10478,1,22,3,4,CPU,1272,1274,10,1286,1295,20,1823,1833,20,11749,11750,30,1295,1298
917,1,1,8158,20,2792,2796,9,4,9,3,I/O,8166,8167,10,8181,8183,10,10953,10954,20,-1,-1,-1,8167,8176
916,1,1,1341,20,605,609,7,4,8,3,I/O,1347,1348,10,1358,1360,10,1949,1950,20,-1,-1,-1,1348,1356
915,11,11,8092,20,2830,2851,8,21,2,3,CPU,8099,8101,10,8103,8112,20,10933,10943,20,-1,-1,-1,8112,8114
914,3,3,6483,20,3505,3511,7,6,10,3,I/O,6489,6491,10,6491,6492,20,9991,9994,20,-1,-1,-1,6492,6502
913,3,3,4505,20,2761,2765,3,4,8,3,I/O,4507,4509,10,4547,4548,20,7269,7270,20,-1,-1,-1,4548,4557
912,1,1,8452,10,15,17,4,2,12,2,I/O,8455,8456,10,8468,8469,10,-1,-1,-1,-1,-1,-1,8456,8468
911,10,10,4468,20,2738,2756,7,18,3,3,CPU,4474,4476,10,4491,4499,20,7216,7224,20,-1,-1,-1,4499,4502
910,3,3,6908,20,3323,3328,2,5,8,3,I/O,6909,6911,10,6931,6932,20,10234,10236,20,-1,-1,-1,6932,6940
909,10,10,5274,30,6575,6596,3,21,3,4,CPU,5276,5278,10,5313,5321,20,8797,8807,20,11869,11870,30,5321,5324
908,1,1,3966,10,19,22,6,3,9,2,I/O,3971,3972,10,3986,3988,10,-1,-1,-1,-1,-1,-1,3972,3981
907,12,12,6074,20,3669,3690,2,21,1,3,CPU,6075,6077,10,6087,6097,20,9755,9764,20,-1,-1,-1,6097,6098
906,2,2,2482,10,19,22,5,3,10,2,I/O,2486,2488,10,2503,2504,10,-1,-1,-1,-1,-1,-1,2488,2499
905,9,9,8289,20,2678,2697,4,19,1,3,CPU,8292,8294,10,8297,8304,20,10976,10986,20,-1,-1,-1,8304,8305
904,1,1,6005,10,19,21,4,2,10,2,I/O,6008,6009,10,6025,6026,10,-1,-1,-1,-1,-1,-1,6009,6021
903,3,3,1403,20,613,619,6,6,8,3,I/O,1408,1410,10,1430,1431,20,2019,2022,20,-1,-1,-1,1431,1439
902,12,12,9149,20,2278,2299,2,21,2,3,CPU,9150,9152,10,9154,9164,20,11439,11448,20,-1,-1,-1,9164,9166
901,2,2,8273,10,19,23,4,4,12,2,I/O,8276,8278,10,8294,8296,10,-1,-1,-1,-1,-1,-1,8278,8290
900,11,11,4232,30,7575,7598,6,23,2,4,CPU,4237,4239,10,4239,4248,20,6643,6653,20,11828,11830,30,4248,4250
899,12,12,518,20,102,124,3,22,1,3,CPU,520,522,10,553,563,20,632,642,20,-1,-1,-1,563,564
898,2,2,3029,10,12,15,1,3,11,2,I/O,3029,3031,10,3043,3044,10,-1,-1,-1,-1,-1,-1,3031,3043
897,2,2,5896,10,15,18,3,3,9,2,I/O,5898,5900,10,5913,5914,10,-1,-1,-1,-1,-1,-1,5900,5909
896,3,3,2892,20,1489,1494,6,5,8,3,I/O,2897,2899,10,2902,2903,20,4384,4386,20,-1,-1,-1,2903,2912
895,11,11,3760,30,8030,8053,4,23,1,4,CPU,3763,3765,10,3778,3787,20,5777,5787,20,11811,11813,30,3787,3788
894,3,3,2027,20,923,929,6,6,12,3,I/O,2032,2034,10,2034,2035,20,2953,2956,20,-1,-1,-1,2035,2047
893,10,10,3319,20,1816,1835,2,19,2,3,CPU,3320,3322,10,3322,3330,20,5145,5154,20,-1,-1,-1,3330,3332
892,11,11,7148,30,4764,4786,1,22,3,4,CPU,7148,7150,10,7152,7161,20,10357,10367,20,11933,11934,30,7161,7164
891,10,10,9999,30,1984,2005,5,21,2,4,CPU,10003,10005,10,10005,10013,20,11724,11734,20,12003,12004,30,10013,10015
890,9,9,9282,20,2243,2260,3,17,1,3,CPU,9284,9286,10,9303,9310,20,11534,11542,20,-1,-1,-1,9310,9311
889,12,12,4146,20,2374,2394,1,20,3,3,CPU,4146,4148,10,4167,4177,20,6532,6540,20,-1,-1,-1,4177,4180
888,1,1,7509,20,3125,3129,4,4,10,3,I/O,7512,7513,10,7537,7539,10,10637,10638,20,-1,-1,-1,7513,7523
887,8,8,1788,20,968,986,1,18,1,3,CPU,1788,1790,10,1790,1796,20,2764,2774,20,-1,-1,-1,1796,1797
886,2,2,8876,10,21,24,10,3,11,2,I/O,8885,8887,10,8899,8900,10,-1,-1,-1,-1,-1,-1,8887,8898
885,9,9,6149,20,3659,3678,4,19,1,3,CPU,6152,6154,10,6176,6183,20,9817,9827,20,-1,-1,-1,6183,6184
884,3,3,2105,20,880,884,6,4,11,3,I/O,2110,2112,10,2114,2115,20,2988,2989,20,-1,-1,-1,2115,2126
883,11,11,3061,30,8708,8731,8,23,1,4,CPU,3068,3070,10,3071,3080,20,4583,4593,20,11790,11792,30,3080,3081
882,1,1,6940,20,3323,3327,6,4,9,3,I/O,6945,6946,10,6959,6961,10,10266,10267,20,-1,-1,-1,6946,6955
881,9,9,6647,20,3421,3438,10,17,2,3,CPU,6656,6658,10,6662,6669,20,10077,10085,20,-1,-1,-1,6669,6672
880,10,10,3771,20,2006,2025,4,19,2,3,CPU,3774,3776,10,3788,3796,20,5787,5796,20,-1,-1,-1,3796,3798
879,3,3,7234,20,3170,3174,3,4,9,3,I/O,7236,7238,10,7239,7240,20,10407,10408,20,-1,-1,-1,7240,7249
878,1,1,3439,10,25,28,4,3,12,2,I/O,3442,3443,10,3465,3467,10,-1,-1,-1,-1,-1,-1,3443,3455
877,11,11,7965,20,2863,2883,8,20,3,3,CPU,7972,7974,10,7978,7987,20,10839,10848,20,-1,-1,-1,7987,7990
876,10,10,8058,20,2848,2866,2,18,3,3,CPU,8059,8061,10,8079,8087,20,10916,10924,20,-1,-1,-1,8087,8090
875,11,11,4373,30,7441,7463,1,22,1,4,CPU,4373,4375,10,4375,4384,20,7019,7029,20,11835,11836,30,4384,4385
874,1,1,201,10,9,12,1,3,9,2,I/O,201,202,10,211,213,10,-1,-1,-1,-1,-1,-1,202,210
873,8,8,5147,20,3127,3145,9,18,2,3,CPU,5155,5157,10,5157,5163,20,8282,8292,20,-1,-1,-1,5163,5165
872,10,10,3292,20,1835,1853,9,18,2,3,CPU,3300,3302,10,3302,3310,20,5137,5145,20,-1,-1,-1,3310,3312
871,10,10,5036,20,3169,3189,8,20,2,3,CPU,5043,5045,10,5045,5053,20,8215,8225,20,-1,-1,-1,5053,5055
870,8,8,2917,20,1461,1477,7,16,1,3,CPU,2923,2925,10,2925,2931,20,4386,4394,20,-1,-1,-1,2931,2932
869,2,2,1379,10,17,20,6,3,9,2,I/O,1384,1386,10,1398,1399,10,-1,-1,-1,-1,-1,-1,1386,1395
868,12,12,6137,20,3660,3680,5,20,3,3,CPU,6141,6143,10,6158,6168,20,9809,9817,20,-1,-1,-1,6168,6171
867,1,1,154,20,23,27,2,4,10,3,I/O,155,156,10,168,170,10,180,181,20,-1,-1,-1,156,167
866,3,3,6691,20,3395,3400,1,5,10,3,I/O,6691,6693,10,6693,6694,20,10089,10091,20,-1,-1,-1,6694,6705
865,3,3,4023,20,2363,2368,9,5,9,3,I/O,4031,4033,10,4035,4036,20,6389,6391,20,-1,-1,-1,4036,4045
864,1,1,1705,20,991,995,4,4,8,3,I/O,1708,1709,10,1721,1723,10,2699,2700,20,-1,-1,-1,1709,1717
863,2,2,2648,20,1226,1231,2,5,12,3,I/O,2649,2651,10,2670,2672,10,3878,3879,20,-1,-1,-1,2651,2664
862,10,10,1777,30,9971,9993,1,22,3,4,CPU,1777,1779,10,1779,1787,20,2750,2760,20,11768,11770,30,1787,1790
861,11,11,9508,20,2119,2140,6,21,1,3,CPU,9513,9515,10,9515,9524,20,11638,11648,20,-1,-1,-1,9524,9525
860,1,1,1532,20,646,650,1,4,10,3,I/O,1532,1533,10,1547,1549,10,2181,2182,20,-1,-1,-1,1533,1544
859,1,1,7090,20,3234,3238,8,4,11,3,I/O,7097,7098,10,7111,7113,10,10327,10328,20,-1,-1,-1,7098,7110
858,10,10,4617,30,7210,7232,5,22,2,4,CPU,4621,4623,10,4634,4642,20,7631,7641,20,11847,11849,30,4642,4644
857,3,3,1844,20,991,997,2,6,8,3,I/O,1845,1847,10,1849,1850,20,2838,2841,20,-1,-1,-1,1850,1859
856,2,2,7526,10,17,21,8,4,10,2,I/O,7533,7535,10,7545,7547,10,-1,-1,-1,-1,-1,-1,7535,7545
855,3,3,3630,20,1991,1997,6,6,9,3,I/O,3635,3637,10,3642,3643,20,5624,5627,20,-1,-1,-1,3643,3652
854,12,12,8938,30,3023,3046,9,23,1,4,CPU,8946,8948,10,8961,8971,20,11346,11356,20,11983,11984,30,8971,8972
853,10,10,1512,20,630,649,7,19,3,3,CPU,1518,1520,10,1571,1579,20,2152,2161,20,-1,-1,-1,1579,1582
852,2,2,4907,10,17,20,5,3,10,2,I/O,4911,4913,10,4926,4927,10,-1,-1,-1,-1,-1,-1,4913,4924
851,3,3,7225,20,3178,3182,1,4,11,3,I/O,7225,7227,10,7227,7228,20,10406,10407,20,-1,-1,-1,7228,7240
850,3,3,7638,20,3046,3050,4,4,10,3,I/O,7641,7643,10,7645,7646,20,10687,10688,20,-1,-1,-1,7646,7656
849,9,9,4502,20,2749,2766,4,17,3,3,CPU,4505,4507,10,4540,4547,20,7260,7268,20,-1,-1,-1,4547,4550
848,1,1,3813,20,2127,2131,2,4,9,3,I/O,3814,3815,10,3828,3830,10,5943,5944,20,-1,-1,-1,3815,3824
847,9,9,6801,30,5100,5120,2,20,1,4,CPU,6802,6804,10,6851,6858,20,10154,10164,20,11920,11921,30,6858,6859
846,3,3,6073,20,3677,3682,1,5,9,3,I/O,6073,6075,10,6086,6087,20,9753,9755,20,-1,-1,-1,6087,6096
845,10,10,8315,30,3632,3653,2,21,3,4,CPU,8316,8318,10,8319,8327,20,10996,11006,20,11967,11968,30,8327,8330
844,2,2,5572,10,20,24,5,4,8,2,I/O,5576,5578,10,5594,5596,10,-1,-1,-1,-1,-1,-1,5578,5586
843,3,3,4216,20,2410,2415,8,5,10,3,I/O,4223,4225,10,4226,4227,20,6629,6631,20,-1,-1,-1,4227,4238
842,8,8,6798,30,5102,5122,1,20,3,4,CPU,6798,6800,10,6845,6851,20,10144,10154,20,11918,11920,30,6851,6854
841,8,8,6783,30,5116,5135,9,19,1,4,CPU,6791,6793,10,6807,6813,20,10117,10127,20,11917,11918,30,6813,6814
840,11,11,7270,20,3135,3154,1,19,2,3,CPU,7270,7272,10,7272,7281,20,10416,10424,20,-1,-1,-1,7281,7283
839,12,12,8966,20,2398,2420,6,22,1,3,CPU,8971,8973,10,8988,8998,20,11376,11386,20,-1,-1,-1,8998,8999
838,10,10,1727,20,973,992,8,19,2,3,CPU,1734,1736,10,1761,1769,20,2710,2719,20,-1,-1,-1,1769,1771
837,8,8,2645,30,9118,9138,1,20,2,4,CPU,2645,2647,10,2651,2657,20,3844,3854,20,11781,11783,30,2657,2659
836,11,11,1075,20,128,147,3,19,1,3,CPU,1077,1079,10,1084,1093,20,1214,1222,20,-1,-1,-1,1093,1094
835,1,1,7766,20,3008,3012,3,4,9,3,I/O,7768,7769,10,7778,7780,10,10777,10778,20,-1,-1,-1,7769,7778
834,1,1,2514,10,13,16,4,3,8,2,I/O,2517,2518,10,2528,2530,10,-1,-1,-1,-1,-1,-1,2518,2526
833,11,11,7427,30,4498,4521,7,23,2,4,CPU,7433,7435,10,7441,7450,20,10562,10572,20,11946,11948,30,7450,7452
832,8,8,4529,30,7297,7316,8,19,1,4,CPU,4536,4538,10,4565,4571,20,7558,7568,20,11844,11845,30,4571,4572
831,3,3,6386,20,3575,3580,1,5,11,3,I/O,6386,6388,10,6388,6389,20,9964,9966,20,-1,-1,-1,6389,6402
830,1,1,5458,10,29,31,8,2,12,2,I/O,5465,5466,10,5488,5489,10,-1,-1,-1,-1,-1,-1,5466,5478
829,1,1,5793,10,17,20,4,3,11,2,I/O,5796,5797,10,5811,5813,10,-1,-1,-1,-1,-1,-1,5797,5808
828,1,1,5001,10,15,17,5,2,10,2,I/O,5005,5006,10,5017,5018,10,-1,-1,-1,-1,-1,-1,5006,5017
827,8,8,2399,20,996,1012,10,16,1,3,CPU,2408,2410,10,2410,2416,20,3403,3411,20,-1,-1,-1,2416,2417
826,9,9,5904,30,5960,5981,8,21,1,4,CPU,5911,5913,10,5924,5931,20,9602,9612,20,11883,11885,30,5931,5932
825,11,11,1181,30,10543,10566,1,23,3,4,CPU,1181,1183,10,1193,1202,20,1480,1490,20,11745,11747,30,1202,1205
824,8,8,4105,20,2358,2374,2,16,2,3,CPU,4106,4108,10,4123,4129,20,6471,6479,20,-1,-1,-1,4129,4131
823,8,8,8456,20,2632,2649,3,17,3,3,CPU,8458,8460,10,8480,8486,20,11096,11105,20,-1,-1,-1,8486,8489
822,2,2,1045,20,153,158,3,5,12,3,I/O,1047,1049,10,1067,1069,10,1202,1203,20,-1,-1,-1,1049,1061
821,10,10,6512,30,5381,5402,3,21,3,4,CPU,6514,6516,10,6522,6530,20,10023,10033,20,11913,11914,30,6530,6533
820,3,3,4896,20,3099,3104,2,5,10,3,I/O,4897,4899,10,4941,4942,20,7998,8000,20,-1,-1,-1,4942,4952
819,1,1,8559,10,26,29,8,3,12,2,I/O,8566,8567,10,8586,8588,10,-1,-1,-1,-1,-1,-1,8567,8580
818,2,2,3660,10,13,17,2,4,10,2,I/O,3661,3663,10,3675,3677,10,-1,-1,-1,-1,-1,-1,3663,3673
817,12,12,9077,20,2330,2351,4,21,2,3,CPU,9080,9082,10,9082,9092,20,11419,11428,20,-1,-1,-1,9092,9094
816,8,8,6161,20,3686,3704,10,18,1,3,CPU,6170,6172,10,6202,6208,20,9855,9865,20,-1,-1,-1,6208,6209
815,10,10,3664,20,1973,1992,2,19,2,3,CPU,3665,3667,10,3667,3675,20,5647,5656,20,-1,-1,-1,3675,3677
814,2,2,7499,20,3132,3137,3,5,11,3,I/O,7501,7503,10,7519,7521,10,10635,10636,20,-1,-1,-1,7503,7515
813,12,12,8475,20,2618,2640,4,22,3,3,CPU,8478,8480,10,8490,8500,20,11105,11115,20,-1,-1,-1,8500,8503
812,2,2,7098,20,3235,3240,3,5,10,3,I/O,7100,7102,10,7113,7115,10,10337,10338,20,-1,-1,-1,7102,7113
811,11,11,6746,30,5148,5171,1,23,3,4,CPU,6746,6748,10,6748,6757,20,10104,10114,20,11915,11917,30,6757,6760
810,8,8,3120,20,1684,1701,5,17,1,3,CPU,3124,3126,10,3141,3147,20,4812,4821,20,-1,-1,-1,3147,3148
809,8,8,4335,20,2427,2443,3,16,2,3,CPU,4337,4339,10,4342,4348,20,6770,6778,20,-1,-1,-1,4348,4350
808,1,1,4753,10,22,24,2,2,12,2,I/O,4754,4755,10,4776,4777,10,-1,-1,-1,-1,-1,-1,4755,4768
807,3,3,4637,20,3006,3011,8,5,8,3,I/O,4644,4646,10,4652,4653,20,7646,7648,20,-1,-1,-1,4653,4661
806,9,9,7002,30,4904,4925,3,21,2,4,CPU,7004,7006,10,7008,7015,20,10286,10296,20,11925,11927,30,7015,7017
805,2,2,6576,10,28,32,6,4,11,2,I/O,6581,6583,10,6606,6608,10,-1,-1,-1,-1,-1,-1,6583,6594
804,10,10,6814,20,3342,3362,4,20,1,3,CPU,6817,6819,10,6861,6869,20,10166,10176,20,-1,-1,-1,6869,6870
803,2,2,1917,10,19,22,5,3,12,2,I/O,1921,1923,10,1938,1939,10,-1,-1,-1,-1,-1,-1,1923,1936
802,2,2,7135,10,13,17,1,4,11,2,I/O,7135,7137,10,7150,7152,10,-1,-1,-1,-1,-1,-1,7137,7149
801,9,9,3725,30,8064,8084,2,20,2,4,CPU,3726,3728,10,3731,3738,20,5741,5751,20,11808,11809,30,3738,3740
800,2,2,9463,20,2139,2144,2,5,11,3,I/O,9464,9466,10,9481,9483,10,11606,11607,20,-1,-1,-1,9466,9478
799,3,3,6934,20,3310,3316,6,6,8,3,I/O,6939,6941,10,6947,6948,20,10247,10250,20,-1,-1,-1,6948,6957
798,12,12,8370,20,2655,2677,2,22,1,3,CPU,8371,8373,10,8408,8418,20,11037,11047,20,-1,-1,-1,8418,8419
797,3,3,8513,20,2603,2608,2,5,10,3,I/O,8514,8516,10,8518,8519,20,11119,11121,20,-1,-1,-1,8519,8529
796,8,8,9553,20,2097,2113,5,16,2,3,CPU,9557,9559,10,9559,9565,20,11658,11666,20,-1,-1,-1,9565,9568
795,3,3,2732,20,1282,1288,4,6,10,3,I/O,2735,2737,10,2739,2740,20,4017,4020,20,-1,-1,-1,2740,2750
794,9,9,2512,20,1064,1082,4,18,1,3,CPU,2515,2517,10,2545,2552,20,3585,3594,20,-1,-1,-1,2552,2553
793,2,2,370,10,22,26,8,4,12,2,I/O,377,379,10,394,396,10,-1,-1,-1,-1,-1,-1,379,391
792,9,9,4247,20,2420,2437,4,17,1,3,CPU,4250,4252,10,4262,4269,20,6676,6684,20,-1,-1,-1,4269,4270
791,12,12,367,20,67,87,9,20,2,3,CPU,375,377,10,382,392,20,446,454,20,-1,-1,-1,392,395
790,12,12,4829,20,3065,3085,2,20,3,3,CPU,4830,4832,10,4832,4842,20,7906,7914,20,-1,-1,-1,4842,4845
789,2,2,6808,10,28,31,6,3,11,2,I/O,6813,6815,10,6838,6839,10,-1,-1,-1,-1,-1,-1,6815,6827
788,9,9,8538,30,3415,3436,1,21,3,4,CPU,8538,8540,10,8541,8548,20,11125,11135,20,11972,11974,30,8548,8552
787,2,2,3738,20,2022,2027,3,5,10,3,I/O,3740,3742,10,3765,3767,10,5764,5765,20,-1,-1,-1,3742,3753
786,1,1,3723,10,18,20,3,2,9,2,I/O,3725,3726,10,3742,3743,10,-1,-1,-1,-1,-1,-1,3726,3735
785,9,9,2039,30,9716,9737,2,21,2,4,CPU,2040,2042,10,2042,2049,20,2968,2978,20,11774,11776,30,2049,2051
784,1,1,28,20,38,42,4,4,11,3,I/O,31,32,10,51,53,10,69,70,20,-1,-1,-1,32,44
783,3,3,6731,20,3367,3373,10,6,10,3,I/O,6740,6742,10,6745,6746,20,10101,10104,20,-1,-1,-1,6746,6757
782,11,11,5591,20,3525,3545,2,20,1,3,CPU,5592,5594,10,5596,5605,20,9127,9136,20,-1,-1,-1,5605,5606
781,3,3,9768,20,1919,1925,1,6,9,3,I/O,9768,9770,10,9770,9771,20,11690,11693,20,-1,-1,-1,9771,9780
780,9,9,6018,30,5854,5875,6,21,1,4,CPU,6023,6025,10,6055,6062,20,9723,9733,20,11891,11893,30,6062,6064
779,8,8,8958,30,3008,3028,2,20,1,4,CPU,8959,8961,10,8982,8988,20,11366,11376,20,11984,11986,30,8988,8989
778,9,9,2362,30,9398,9419,1,21,2,4,CPU,2362,2364,10,2364,2371,20,3393,3403,20,11779,11781,30,2371,2373
777,8,8,7682,30,4256,4276,4,20,1,4,CPU,7685,7687,10,7687,7693,20,10700,10710,20,11956,11958,30,7693,7694
776,9,9,5968,20,3686,3703,5,17,1,3,CPU,5972,5974,10,5994,6001,20,9663,9671,20,-1,-1,-1,6001,6002
775,8,8,8937,30,3026,3046,8,20,2,4,CPU,8944,8946,10,8953,8959,20,11336,11346,20,11981,11983,30,8959,8961
774,3,3,6830,20,3369,3375,5,6,11,3,I/O,6834,6836,10,6902,6903,20,10202,10205,20,-1,-1,-1,6903,6915
773,11,11,1600,20,769,788,9,19,3,3,CPU,1608,1610,10,1639,1648,20,2380,2388,20,-1,-1,-1,1648,1652
772,2,2,8730,20,2529,2534,1,5,11,3,I/O,8730,8732,10,8747,8749,10,11263,11264,20,-1,-1,-1,8732,8743
771,2,2,2289,10,20,24,6,4,11,2,I/O,2294,2296,10,2311,2313,10,-1,-1,-1,-1,-1,-1,2296,2308
770,3,3,9206,20,2270,2276,5,6,9,3,I/O,9210,9212,10,9213,9214,20,11479,11482,20,-1,-1,-1,9214,9223
769,3,3,5215,20,3134,3140,9,6,8,3,I/O,5223,5225,10,5227,5228,20,8352,8355,20,-1,-1,-1,5228,5236
768,2,2,7388,10,21,25,7,4,9,2,I/O,7394,7396,10,7411,7413,10,-1,-1,-1,-1,-1,-1,7396,7405
767,3,3,5601,20,3543,3549,9,6,11,3,I/O,5609,5611,10,5620,5621,20,9147,9150,20,-1,-1,-1,5621,5632
766,3,3,1498,20,575,580,5,5,11,3,I/O,1502,1504,10,1533,1534,20,2076,2078,20,-1,-1,-1,1534,1546
765,9,9,9483,20,2118,2136,1,18,2,3,CPU,9483,9485,10,9486,9493,20,11610,11619,20,-1,-1,-1,9493,9495
764,8,8,6695,20,3388,3406,8,18,3,3,CPU,6702,6704,10,6704,6710,20,10091,10101,20,-1,-1,-1,6710,6713
763,10,10,5480,30,6373,6394,6,21,3,4,CPU,5485,5487,10,5514,5522,20,9011,9021,20,11873,11874,30,5522,5525
762,11,11,86,20,3,22,2,19,2,3,CPU,87,89,10,89,98,20,100,108,20,-1,-1,-1,98,99
761,1,1,1955,20,984,988,6,4,10,3,I/O,1960,1961,10,1978,1980,10,2942,2943,20,-1,-1,-1,1961,1971
760,12,12,7175,20,3198,3220,6,22,2,3,CPU,7180,7182,10,7182,7192,20,10385,10395,20,-1,-1,-1,7192,7194
759,1,1,9459,10,18,20,5,2,9,2,I/O,9463,9464,10,9478,9479,10,-1,-1,-1,-1,-1,-1,9464,9473
758,8,8,8602,20,2551,2568,1,17,1,3,CPU,8602,8604,10,8614,8620,20,11161,11170,20,-1,-1,-1,8620,8621
757,1,1,241,20,27,31,9,4,9,3,I/O,249,250,10,260,262,10,271,272,20,-1,-1,-1,250,260
756,8,8,1967,20,970,986,9,16,2,3,CPU,1975,1977,10,1982,1988,20,2945,2953,20,-1,-1,-1,1988,1990
755,1,1,4853,10,19,22,2,3,8,2,I/O,4854,4855,10,4873,4875,10,-1,-1,-1,-1,-1,-1,4855,4863
754,12,12,2839,20,1240,1261,3,21,1,3,CPU,2841,2843,10,2843,2853,20,4091,4100,20,-1,-1,-1,2853,2854
753,2,2,3900,20,2356,2361,1,5,10,3,I/O,3900,3902,10,3926,3928,10,6260,6261,20,-1,-1,-1,3902,3913
752,2,2,4635,10,16,20,8,4,9,2,I/O,4642,4644,10,4653,4655,10,-1,-1,-1,-1,-1,-1,4644,4653
751,12,12,4891,20,3060,3081,5,21,2,3,CPU,4895,4897,10,4927,4937,20,7963,7972,20,-1,-1,-1,4937,4939
750,10,10,5011,20,3172,3190,2,18,2,3,CPU,5012,5014,10,5020,5028,20,8193,8201,20,-1,-1,-1,5028,5030
749,2,2,5189,10,21,25,8,4,10,2,I/O,5196,5198,10,5212,5214,10,-1,-1,-1,-1,-1,-1,5198,5208
748,8,8,2218,20,967,984,5,17,3,3,CPU,2222,2224,10,2252,2258,20,3193,3202,20,-1,-1,-1,2258,2261
747,11,11,9328,30,2644,2667,6,23,2,4,CPU,9333,9335,10,9335,9344,20,11555,11565,20,11993,11995,30,9344,9346
746,3,3,231,20,36,40,7,4,10,3,I/O,237,239,10,239,240,20,270,271,20,-1,-1,-1,240,251
745,2,2,3892,10,17,20,3,3,11,2,I/O,3894,3896,10,3911,3912,10,-1,-1,-1,-1,-1,-1,3896,3907
744,9,9,4028,20,2355,2373,6,18,1,3,CPU,4033,4035,10,4036,4043,20,6392,6401,20,-1,-1,-1,4043,4044
743,3,3,3629,20,1991,1995,5,4,12,3,I/O,3633,3635,10,3639,3640,20,5623,5624,20,-1,-1,-1,3640,3653
742,11,11,6348,30,5536,5559,4,23,1,4,CPU,6351,6353,10,6353,6362,20,9928,9938,20,11905,11907,30,6362,6363
741,10,10,5880,30,5981,6003,5,22,2,4,CPU,5884,5886,10,5888,5896,20,9524,9534,20,11881,11883,30,5896,5898
740,2,2,2210,10,27,31,9,4,10,2,I/O,2218,2220,10,2239,2241,10,-1,-1,-1,-1,-1,-1,2220,2230
739,12,12,7333,20,3158,3180,6,22,1,3,CPU,7338,7340,10,7384,7394,20,10503,10513,20,-1,-1,-1,7394,7395
738,3,3,5556,20,3543,3547,8,4,8,3,I/O,5563,5565,10,5578,5579,20,9102,9103,20,-1,-1,-1,5579,5588
737,3,3,9659,20,2026,2031,1,5,8,3,I/O,9659,9661,10,9662,9663,20,11688,11690,20,-1,-1,-1,9663,9671
736,3,3,616,20,45,49,2,4,8,3,I/O,617,619,10,621,622,20,664,665,20,-1,-1,-1,622,630
735,2,2,1061,10,20,23,5,3,10,2,I/O,1065,1067,10,1083,1084,10,-1,-1,-1,-1,-1,-1,1067,1078
734,2,2,4907,10,15,19,3,4,11,2,I/O,4909,4911,10,4924,4926,10,-1,-1,-1,-1,-1,-1,4911,4922
733,9,9,4077,30,7727,7747,3,20,1,4,CPU,4079,4081,10,4081,4088,20,6432,6442,20,11823,11824,30,4088,4089
732,1,1,7247,10,20,22,7,2,10,2,I/O,7253,7254,10,7268,7269,10,-1,-1,-1,-1,-1,-1,7254,7264
731,10,10,5398,30,6452,6473,3,21,1,4,CPU,5400,5402,10,5403,5411,20,8871,8881,20,11870,11871,30,5411,5412
730,3,3,3061,20,1541,1546,6,5,11,3,I/O,3066,3068,10,3070,3071,20,4605,4607,20,-1,-1,-1,3071,3082
729,1,1,4720,10,21,23,7,2,10,2,I/O,4726,4727,10,4742,4743,10,-1,-1,-1,-1,-1,-1,4727,4738
728,1,1,6234,20,3646,3650,2,4,12,3,I/O,6235,6236,10,6249,6251,10,9883,9884,20,-1,-1,-1,6236,6248
727,8,8,4640,30,7192,7212,9,20,2,4,CPU,4648,4650,10,4667,4673,20,7674,7684,20,11850,11852,30,4673,4675
726,1,1,3530,10,14,17,2,3,11,2,I/O,3531,3532,10,3545,3547,10,-1,-1,-1,-1,-1,-1,3532,3544
725,12,12,9427,30,2548,2571,2,23,3,4,CPU,9428,9430,10,9431,9441,20,11596,11606,20,11997,11998,30,9441,9444
724,1,1,4075,20,2353,2357,4,4,8,3,I/O,4078,4079,10,4088,4090,10,6431,6432,20,-1,-1,-1,4079,4087
723,1,1,5060,10,18,21,5,3,12,2,I/O,5064,5065,10,5079,5081,10,-1,-1,-1,-1,-1,-1,5065,5079
722,3,3,2713,20,1257,1262,7,5,9,3,I/O,2719,2721,10,2724,2725,20,3973,3975,20,-1,-1,-1,2725,2735
721,2,2,8886,10,24,28,4,4,12,2,I/O,8889,8891,10,8912,8914,10,-1,-1,-1,-1,-1,-1,8891,8904
720,9,9,9063,20,2337,2356,9,19,1,3,CPU,9071,9073,10,9073,9080,20,11409,11419,20,-1,-1,-1,9080,9081
719,11,11,7124,20,3214,3233,1,19,3,3,CPU,7124,7126,10,7126,7135,20,10349,10357,20,-1,-1,-1,7135,7138
718,3,3,4478,20,2743,2747,8,4,12,3,I/O,4485,4487,10,4511,4512,20,7224,7225,20,-1,-1,-1,4512,4525
717,10,10,4725,30,7108,7129,4,21,2,4,CPU,4728,4730,10,4730,4738,20,7830,7840,20,11853,11854,30,4738,4740
716,2,2,8564,20,2577,2582,5,5,11,3,I/O,8568,8570,10,8590,8592,10,11145,11146,20,-1,-1,-1,8570,8583
715,8,8,6440,30,5452,5471,3,19,1,4,CPU,6442,6444,10,6445,6451,20,9979,9989,20,11910,11911,30,6451,6452
714,1,1,5855,10,16,19,7,3,9,2,I/O,5861,5862,10,5872,5874,10,-1,-1,-1,-1,-1,-1,5862,5871
713,3,3,4213,20,2412,2416,9,4,11,3,I/O,4221,4223,10,4225,4226,20,6628,6629,20,-1,-1,-1,4226,4237
712,8,8,7357,30,4566,4586,4,20,2,4,CPU,7360,7362,10,7397,7403,20,10515,10525,20,11941,11943,30,7403,7405
711,11,11,4591,20,2966,2986,3,20,3,3,CPU,4593,4595,10,4596,4605,20,7568,7577,20,-1,-1,-1,4605,4609
710,9,9,4424,30,7395,7415,5,20,2,4,CPU,4428,4430,10,4434,4441,20,7057,7067,20,11838,11839,30,4441,4444
709,3,3,1565,20,636,642,5,6,8,3,I/O,1569,1571,10,1619,1620,20,2204,2207,20,-1,-1,-1,1620,1629
708,9,9,476,30,170,191,1,21,3,4,CPU,476,478,10,478,485,20,488,498,20,665,667,30,485,487
707,12,12,8829,20,2453,2474,6,21,3,3,CPU,8834,8836,10,8838,8848,20,11294,11303,20,-1,-1,-1,8848,8852
706,1,1,3794,10,20,23,3,3,9,2,I/O,3796,3797,10,3815,3817,10,-1,-1,-1,-1,-1,-1,3797,3808
705,11,11,3690,20,1998,2018,1,20,3,3,CPU,3690,3692,10,3694,3703,20,5699,5708,20,-1,-1,-1,3703,3706
704,10,10,7742,30,4198,4219,5,21,3,4,CPU,7746,7748,10,7748,7756,20,10758,10768,20,11960,11961,30,7756,7759
703,10,10,4956,30,6888,6909,4,21,1,4,CPU,4959,4961,10,4977,4985,20,8146,8156,20,11864,11865,30,4985,4986
702,3,3,8340,20,2663,2668,2,5,8,3,I/O,8341,8343,10,8343,8344,20,11006,11008,20,-1,-1,-1,8344,8352
701,9,9,286,20,4,22,1,18,2,3,CPU,286,288,10,290,297,20,299,308,20,-1,-1,-1,297,298
700,11,11,5404,20,3499,3518,8,19,1,3,CPU,5411,5413,10,5414,5423,20,8914,8922,20,-1,-1,-1,5423,5424
699,9,9,3948,30,7850,7871,4,21,1,4,CPU,3951,3953,10,3954,3961,20,6290,6300,20,11817,11819,30,3961,3962
698,2,2,4102,20,2364,2369,3,5,10,3,I/O,4104,4106,10,4121,4123,10,6470,6471,20,-1,-1,-1,4106,4116
697,2,2,3691,20,2013,2018,2,5,8,3,I/O,3692,3694,10,3706,3708,10,5708,5709,20,-1,-1,-1,3694,3703
696,12,12,1146,20,290,311,8,21,2,3,CPU,1153,1155,10,1159,1169,20,1448,1457,20,-1,-1,-1,1169,1171
695,11,11,8028,20,2859,2880,9,21,1,3,CPU,8036,8038,10,8061,8070,20,10898,10908,20,-1,-1,-1,8070,8071
694,11,11,7429,30,4498,4521,7,23,1,4,CPU,7435,7437,10,7452,7461,20,10572,10582,20,11948,11950,30,7461,7462
693,10,10,8660,30,3296,3317,4,21,3,4,CPU,8663,8665,10,8688,8696,20,11201,11211,20,11976,11977,30,8696,8699
692,1,1,3503,20,1918,1922,8,4,8,3,I/O,3510,3511,10,3523,3525,10,5424,5425,20,-1,-1,-1,3511,3519
691,1,1,8308,10,18,21,8,3,11,2,I/O,8315,8316,10,8327,8329,10,-1,-1,-1,-1,-1,-1,8316,8327
690,11,11,1918,20,1003,1024,6,21,2,3,CPU,1923,1925,10,1929,1938,20,2932,2942,20,-1,-1,-1,1938,1941
689,1,1,8213,10,13,16,2,3,8,2,I/O,8214,8215,10,8227,8229,10,-1,-1,-1,-1,-1,-1,8215,8223
688,10,10,7577,30,4356,4377,3,21,3,4,CPU,7579,7581,10,7593,7601,20,10658,10668,20,11953,11954,30,7601,7604
687,3,3,2315,20,1063,1069,8,6,9,3,I/O,2322,2324,10,2355,2356,20,3381,3384,20,-1,-1,-1,2356,2365
686,3,3,8944,20,2409,2413,5,4,12,3,I/O,8948,8950,10,8973,8974,20,11356,11357,20,-1,-1,-1,8974,8986
685,3,3,8488,20,2625,2630,1,5,9,3,I/O,8488,8490,10,8503,8504,20,11116,11118,20,-1,-1,-1,8504,8514
684,12,12,8027,20,2850,2871,8,21,3,3,CPU,8034,8036,10,8047,8057,20,10889,10898,20,-1,-1,-1,8057,8060
683,2,2,3640,20,1993,1998,1,5,12,3,I/O,3640,3642,10,3663,3665,10,5637,5638,20,-1,-1,-1,3642,3655
682,2,2,3547,10,12,15,3,3,9,2,I/O,3549,3551,10,3561,3562,10,-1,-1,-1,-1,-1,-1,3551,3560
681,2,2,1027,10,20,23,7,3,12,2,I/O,1033,1035,10,1049,1050,10,-1,-1,-1,-1,-1,-1,1035,1047
680,2,2,5003,10,13,17,4,4,8,2,I/O,5006,5008,10,5018,5020,10,-1,-1,-1,-1,-1,-1,5008,5016
679,3,3,4994,20,3194,3199,3,5,10,3,I/O,4996,4998,10,5008,5009,20,8191,8193,20,-1,-1,-1,5009,5021
678,2,2,4409,10,20,24,6,4,11,2,I/O,4414,4416,10,4431,4433,10,-1,-1,-1,-1,-1,-1,4416,4427
677,11,11,3798,20,2033,2054,10,21,2,3,CPU,3807,3809,10,3817,3826,20,5842,5852,20,-1,-1,-1,3826,3828
676,9,9,3546,30,8240,8260,2,20,1,4,CPU,3547,3549,10,3571,3578,20,5469,5479,20,11805,11806,30,3578,3579
675,3,3,4250,20,2435,2439,5,4,10,3,I/O,4254,4256,10,4274,4275,20,6688,6689,20,-1,-1,-1,4275,4285
674,3,3,1959,20,981,985,3,4,12,3,I/O,1961,1963,10,1963,1964,20,2943,2944,20,-1,-1,-1,1964,1977
673,1,1,8417,10,16,19,2,3,10,2,I/O,8418,8419,10,8434,8436,10,-1,-1,-1,-1,-1,-1,8419,8429
672,8,8,2788,20,1251,1268,8,17,1,3,CPU,2795,2797,10,2804,2810,20,4047,4056,20,-1,-1,-1,2810,2811
671,3,3,4774,20,3118,3123,1,5,11,3,I/O,4774,4776,10,4811,4812,20,7895,7897,20,-1,-1,-1,4812,4824
670,3,3,7190,20,3202,3206,3,4,8,3,I/O,7192,7194,10,7194,7195,20,10395,10396,20,-1,-1,-1,7195,7203
669,12,12,4762,30,7070,7093,6,23,1,4,CPU,4767,4769,10,4790,4800,20,7875,7885,20,11854,11855,30,4800,4801
668,2,2,2639,20,1200,1205,5,5,12,3,I/O,2643,2645,10,2661,2663,10,3843,3844,20,-1,-1,-1,2645,2658
667,9,9,5847,30,6013,6033,6,20,1,4,CPU,5852,5854,10,5854,5861,20,9453,9463,20,11879,11880,30,5861,5862
666,1,1,3991,10,17,19,4,2,8,2,I/O,3994,3995,10,4009,4010,10,-1,-1,-1,-1,-1,-1,3995,4004
665,2,2,1288,10,20,24,8,4,12,2,I/O,1295,1297,10,1310,1312,10,-1,-1,-1,-1,-1,-1,1297,1310
664,11,11,2217,20,852,871,4,19,3,3,CPU,2220,2222,10,2241,2250,20,3080,3088,20,-1,-1,-1,2250,2253
663,1,1,6794,10,28,30,4,2,10,2,I/O,6797,6798,10,6823,6824,10,-1,-1,-1,-1,-1,-1,6798,6809
662,11,11,4761,20,3073,3093,5,20,2,3,CPU,4765,4767,10,4777,4786,20,7845,7854,20,-1,-1,-1,4786,4788
661,2,2,1073,20,136,141,3,5,12,3,I/O,1075,1077,10,1095,1097,10,1213,1214,20,-1,-1,-1,1077,1090
660,3,3,611,20,49,53,5,4,11,3,I/O,615,617,10,620,621,20,663,664,20,-1,-1,-1,621,632
659,10,10,4525,30,7298,7319,1,21,1,4,CPU,4525,4527,10,4557,4565,20,7548,7558,20,11843,11844,30,4565,4566
658,3,3,1469,20,582,587,9,5,10,3,I/O,1477,1479,10,1479,1480,20,2054,2056,20,-1,-1,-1,1480,1490
657,12,12,2715,20,1268,1290,7,22,2,3,CPU,2721,2723,10,2725,2735,20,3995,4005,20,-1,-1,-1,2735,2737
656,1,1,6911,20,3322,3326,1,4,9,3,I/O,6911,6912,10,6928,6930,10,10236,10237,20,-1,-1,-1,6912,6922
655,8,8,8364,20,2645,2662,2,17,2,3,CPU,8365,8367,10,8390,8396,20,11017,11026,20,-1,-1,-1,8396,8399
654,2,2,6586,20,3474,3479,2,5,12,3,I/O,6587,6589,10,6608,6610,10,10064,10065,20,-1,-1,-1,6589,6602
653,12,12,4288,30,7522,7546,8,24,2,4,CPU,4295,4297,10,4310,4320,20,6730,6740,20,11832,11834,30,4320,4322
652,1,1,4135,20,2393,2397,7,4,9,3,I/O,4141,4142,10,4154,4156,10,6531,6532,20,-1,-1,-1,4142,4152
651,10,10,9364,30,2611,2632,2,21,1,4,CPU,9365,9367,10,9367,9375,20,11575,11585,20,11995,11996,30,9375,9376
650,11,11,1499,20,568,589,6,21,1,3,CPU,1504,1506,10,1534,1543,20,2078,2088,20,-1,-1,-1,1543,1544
649,8,8,6834,20,3363,3380,3,17,3,3,CPU,6836,6838,10,6903,6909,20,10205,10214,20,-1,-1,-1,6909,6912
648,1,1,8706,20,2544,2548,10,4,8,3,I/O,8715,8716,10,8728,8730,10,11253,11254,20,-1,-1,-1,8716,8725
647,8,8,4909,20,3083,3099,5,16,3,3,CPU,4913,4915,10,4942,4948,20,8000,8008,20,-1,-1,-1,4948,4951
646,8,8,3242,20,1844,1862,9,18,1,3,CPU,3250,3252,10,3253,3259,20,5094,5104,20,-1,-1,-1,3259,3260
645,9,9,6828,20,3357,3374,5,17,2,3,CPU,6832,6834,10,6895,6902,20,10194,10202,20,-1,-1,-1,6902,6904
644,12,12,2626,20,1113,1135,6,22,3,3,CPU,2631,2633,10,2633,2643,20,3751,3761,20,-1,-1,-1,2643,2646
643,3,3,9241,20,2267,2271,6,4,12,3,I/O,9246,9248,10,9276,9277,20,11511,11512,20,-1,-1,-1,9277,9289
642,12,12,2287,20,1042,1064,6,22,1,3,CPU,2292,2294,10,2335,2345,20,3341,3351,20,-1,-1,-1,2345,2346
641,2,2,6123,10,18,22,5,4,9,2,I/O,6127,6129,10,6143,6145,10,-1,-1,-1,-1,-1,-1,6129,6138
640,12,12,9542,30,2435,2458,2,23,1,4,CPU,9543,9545,10,9545,9555,20,11648,11658,20,11999,12000,30,9555,9556
639,8,8,3453,20,1912,1929,9,17,2,3,CPU,3461,3463,10,3474,3480,20,5373,5382,20,-1,-1,-1,3480,3482
638,12,12,1701,20,860,882,6,22,1,3,CPU,1706,1708,10,1744,1754,20,2573,2583,20,-1,-1,-1,1754,1755
637,9,9,4522,30,7300,7321,1,21,2,4,CPU,4522,4524,10,4550,4557,20,7521,7531,20,11841,11843,30,4557,4561
636,1,1,7769,10,23,25,1,2,11,2,I/O,7769,7770,10,7793,7794,10,-1,-1,-1,-1,-1,-1,7770,7782
635,11,11,4116,30,7689,7712,4,23,2,4,CPU,4119,4121,10,4156,4165,20,6502,6512,20,11826,11828,30,4165,4167
634,1,1,7993,20,2865,2869,5,4,8,3,I/O,7997,7998,10,8008,8010,10,10861,10862,20,-1,-1,-1,7998,8007
633,10,10,8664,30,3293,3314,3,21,2,4,CPU,8666,8668,10,8701,8709,20,11211,11221,20,11977,11978,30,8709,8712
632,3,3,3923,20,2338,2342,2,4,10,3,I/O,3924,3926,10,3929,3930,20,6264,6265,20,-1,-1,-1,3930,3941
631,3,3,371,20,80,85,9,5,8,3,I/O,379,381,10,398,399,20,454,456,20,-1,-1,-1,399,407
630,8,8,7730,30,4210,4230,1,20,2,4,CPU,7730,7732,10,7734,7740,20,10738,10748,20,11958,11960,30,7740,7742
629,1,1,1160,10,22,24,10,2,12,2,I/O,1169,1170,10,1183,1184,10,-1,-1,-1,-1,-1,-1,1170,1183
628,1,1,969,10,15,18,4,3,9,2,I/O,972,973,10,985,987,10,-1,-1,-1,-1,-1,-1,973,983
627,3,3,9260,20,2259,2263,3,4,9,3,I/O,9262,9264,10,9292,9293,20,11522,11523,20,-1,-1,-1,9293,9302
626,2,2,1680,10,27,31,3,4,12,2,I/O,1682,1684,10,1709,1711,10,-1,-1,-1,-1,-1,-1,1684,1696
625,9,9,7467,20,3129,3146,6,17,1,3,CPU,7472,7474,10,7489,7496,20,10605,10613,20,-1,-1,-1,7496,7497
624,3,3,7312,20,3157,3161,8,4,9,3,I/O,7319,7321,10,7353,7354,20,10472,10473,20,-1,-1,-1,7354,7363
623,3,3,5969,20,3699,3705,6,6,10,3,I/O,5974,5976,10,6001,6002,20,9671,9674,20,-1,-1,-1,6002,6012
622,12,12,2584,20,1025,1047,2,22,3,3,CPU,2585,2587,10,2596,2606,20,3621,3631,20,-1,-1,-1,2606,2609
621,2,2,9622,20,2060,2065,1,5,11,3,I/O,9622,9624,10,9637,9639,10,11686,11687,20,-1,-1,-1,9624,9636
620,12,12,8642,20,2527,2548,4,21,2,3,CPU,8645,8647,10,8651,8661,20,11181,11190,20,-1,-1,-1,8661,8663
619,9,9,1281,20,544,562,2,18,1,3,CPU,1282,1284,10,1301,1308,20,1834,1843,20,-1,-1,-1,1308,1309
618,8,8,4939,30,6901,6921,1,20,3,4,CPU,4939,4941,10,4953,4959,20,8114,8124,20,11858,11860,30,4959,4962
617,11,11,4109,20,2361,2380,1,19,3,3,CPU,4109,4111,10,4132,4141,20,6481,6489,20,-1,-1,-1,4141,4145
616,9,9,4436,20,2634,2651,7,17,2,3,CPU,4442,4444,10,4453,4460,20,7079,7087,20,-1,-1,-1,4460,4462
615,1,1,7834,10,21,23,7,2,9,2,I/O,7840,7841,10,7856,7857,10,-1,-1,-1,-1,-1,-1,7841,7850
614,9,9,7377,20,3157,3175,6,18,1,3,CPU,7382,7384,10,7419,7426,20,10543,10552,20,-1,-1,-1,7426,7427
613,11,11,2875,20,1341,1362,9,21,1,3,CPU,2883,2885,10,2888,2897,20,4227,4237,20,-1,-1,-1,2897,2898
612,2,2,9152,20,2292,2297,1,5,8,3,I/O,9152,9154,10,9174,9176,10,11448,11449,20,-1,-1,-1,9154,9162
611,2,2,3450,10,15,18,1,3,9,2,I/O,3450,3452,10,3467,3468,10,-1,-1,-1,-1,-1,-1,3452,3462
610,9,9,5195,20,3127,3146,6,19,3,3,CPU,5200,5202,10,5205,5212,20,8331,8341,20,-1,-1,-1,5212,5216
609,1,1,8559,10,23,25,7,2,10,2,I/O,8565,8566,10,8583,8584,10,-1,-1,-1,-1,-1,-1,8566,8576
608,9,9,5109,20,3150,3167,11,17,3,3,CPU,5119,5121,10,5130,5137,20,8268,8276,20,-1,-1,-1,5137,5140
607,1,1,7797,10,21,23,8,2,10,2,I/O,7804,7805,10,7819,7820,10,-1,-1,-1,-1,-1,-1,7805,7816
606,1,1,7469,20,3141,3145,6,4,12,3,I/O,7474,7475,10,7487,7489,10,10613,10614,20,-1,-1,-1,7475,7487
605,3,3,6375,20,3584,3589,4,5,9,3,I/O,6378,6380,10,6385,6386,20,9962,9964,20,-1,-1,-1,6386,6395
604,12,12,9340,20,2213,2234,5,21,2,3,CPU,9344,9346,10,9346,9356,20,11565,11574,20,-1,-1,-1,9356,9358
603,11,11,4265,20,2434,2454,5,20,3,3,CPU,4269,4271,10,4286,4295,20,6710,6719,20,-1,-1,-1,4295,4298
602,9,9,5552,20,3501,3519,10,18,3,3,CPU,5561,5563,10,5567,5574,20,9062,9071,20,-1,-1,-1,5574,5577
601,1,1,7013,10,29,31,6,2,11,2,I/O,7018,7019,10,7043,7044,10,-1,-1,-1,-1,-1,-1,7019,7032
600,3,3,387,20,66,72,6,6,8,3,I/O,392,394,10,399,400,20,456,459,20,-1,-1,-1,400,409
599,8,8,8425,30,3527,3547,6,20,1,4,CPU,8430,8432,10,8462,8468,20,11077,11087,20,11970,11972,30,8468,8469
598,9,9,6935,20,3306,3323,7,17,2,3,CPU,6941,6943,10,6950,6957,20,10250,10258,20,-1,-1,-1,6957,6959
597,12,12,5236,30,6609,6632,1,23,1,4,CPU,5236,5238,10,5246,5256,20,8524,8534,20,11867,11868,30,5256,5257
596,10,10,6966,20,3302,3320,3,18,1,3,CPU,6968,6970,10,6982,6990,20,10278,10286,20,-1,-1,-1,6990,6991
595,12,12,151,20,7,29,3,22,2,3,CPU,153,155,10,156,166,20,170,180,20,-1,-1,-1,166,169
594,9,9,9242,20,2262,2280,9,18,3,3,CPU,9250,9252,10,9277,9284,20,11513,11522,20,-1,-1,-1,9284,9287
593,12,12,2094,30,9660,9683,5,23,1,4,CPU,2098,2100,10,2100,2110,20,2978,2988,20,11776,11777,30,2110,2111
592,2,2,8426,10,32,36,7,4,12,2,I/O,8432,8434,10,8460,8462,10,-1,-1,-1,-1,-1,-1,8434,8447
591,1,1,4595,10,11,13,1,2,11,2,I/O,4595,4596,10,4607,4608,10,-1,-1,-1,-1,-1,-1,4596,4607
590,8,8,1502,20,578,596,5,18,1,3,CPU,1506,1508,10,1551,1557,20,2088,2098,20,-1,-1,-1,1557,1558
589,3,3,7435,20,3153,3157,5,4,9,3,I/O,7439,7441,10,7477,7478,20,10591,10592,20,-1,-1,-1,7478,7488
588,10,10,7662,30,4273,4294,1,21,2,4,CPU,7662,7664,10,7666,7674,20,10689,10699,20,11955,11956,30,7674,7676
587,9,9,2112,30,9646,9667,1,21,3,4,CPU,2112,2114,10,2115,2122,20,2989,2999,20,11777,11779,30,2122,2125
586,3,3,5108,20,3154,3160,10,6,12,3,I/O,5117,5119,10,5129,5130,20,8265,8268,20,-1,-1,-1,5130,5143
585,12,12,495,20,78,99,6,21,1,3,CPU,500,502,10,504,514,20,585,594,20,-1,-1,-1,514,515
584,2,2,8520,10,14,18,2,4,11,2,I/O,8521,8523,10,8536,8538,10,-1,-1,-1,-1,-1,-1,8523,8535
583,11,11,4290,20,2461,2480,8,19,3,3,CPU,4297,4299,10,4324,4333,20,6762,6770,20,-1,-1,-1,4333,4336
582,1,1,8499,20,2616,2620,2,4,8,3,I/O,8500,8501,10,8516,8518,10,11118,11119,20,-1,-1,-1,8501,8510
581,10,10,1131,20,101,120,1,19,3,3,CPU,1131,1133,10,1134,1142,20,1242,1251,20,-1,-1,-1,1142,1145
580,2,2,8642,10,29,32,2,3,11,2,I/O,8643,8645,10,8673,8674,10,-1,-1,-1,-1,-1,-1,8645,8657
579,8,8,5917,20,3687,3703,6,16,2,3,CPU,5922,5924,10,5933,5939,20,9612,9620,20,-1,-1,-1,5939,5941
578,3,3,8307,20,2685,2689,7,4,11,3,I/O,8313,8315,10,8318,8319,20,10995,10996,20,-1,-1,-1,8319,8331
577,3,3,9286,20,2262,2266,3,4,9,3,I/O,9288,9290,10,9318,9319,20,11551,11552,20,-1,-1,-1,9319,9328
576,11,11,1614,20,791,812,4,21,1,3,CPU,1617,1619,10,1673,1682,20,2416,2426,20,-1,-1,-1,1682,1683
575,2,2,6652,20,3430,3435,7,5,10,3,I/O,6658,6660,10,6673,6675,10,10086,10087,20,-1,-1,-1,6660,6671
574,3,3,2556,20,1039,1044,1,5,12,3,I/O,2556,2558,10,2560,2561,20,3598,3600,20,-1,-1,-1,2561,2574
573,3,3,4194,20,2429,2434,4,5,12,3,I/O,4197,4199,10,4210,4211,20,6626,6628,20,-1,-1,-1,4211,4224
572,3,3,8217,20,2752,2757,9,5,11,3,I/O,8225,8227,10,8229,8230,20,10972,10974,20,-1,-1,-1,8230,8241
571,2,2,6365,10,15,19,2,4,10,2,I/O,6366,6368,10,6382,6384,10,-1,-1,-1,-1,-1,-1,6368,6379
570,8,8,4411,30,7407,7427,6,20,3,4,CPU,4416,4418,10,4422,4428,20,7031,7041,20,11836,11838,30,4428,4431
569,10,10,5433,20,3482,3501,2,19,2,3,CPU,5434,5436,10,5438,5446,20,8925,8934,20,-1,-1,-1,5446,5448
568,1,1,6990,10,15,18,1,3,10,2,I/O,6990,6991,10,7006,7008,10,-1,-1,-1,-1,-1,-1,6991,7002
567,3,3,9059,20,2344,2350,1,6,12,3,I/O,9059,9061,10,9061,9062,20,11406,11409,20,-1,-1,-1,9062,9074
566,11,11,8649,30,3304,3327,1,23,1,4,CPU,8649,8651,10,8674,8683,20,11190,11200,20,11974,11976,30,8683,8684
565,1,1,7048,10,20,23,4,3,8,2,I/O,7051,7052,10,7069,7071,10,-1,-1,-1,-1,-1,-1,7052,7061
564,3,3,8565,20,2578,2584,6,6,11,3,I/O,8570,8572,10,8592,8593,20,11146,11149,20,-1,-1,-1,8593,8605
563,10,10,5862,30,5998,6019,1,21,2,4,CPU,5862,5864,10,5864,5872,20,9466,9476,20,11880,11881,30,5872,5874
562,2,2,6647,20,3434,3439,8,5,10,3,I/O,6654,6656,10,6671,6673,10,10085,10086,20,-1,-1,-1,6656,6667
561,2,2,9115,20,2319,2324,9,5,8,3,I/O,9123,9125,10,9136,9138,10,11438,11439,20,-1,-1,-1,9125,9133
560,8,8,1880,30,9874,9894,3,20,1,4,CPU,1882,1884,10,1897,1903,20,2903,2913,20,11772,11774,30,1903,1904
559,9,9,27,20,6,24,2,18,3,3,CPU,28,30,10,32,39,20,42,51,20,-1,-1,-1,39,41
558,1,1,4435,20,2640,2644,7,4,12,3,I/O,4441,4442,10,4460,4462,10,7078,7079,20,-1,-1,-1,4442,4455
557,1,1,8424,20,2649,2653,6,4,12,3,I/O,8429,8430,10,8444,8446,10,11076,11077,20,-1,-1,-1,8430,8442
556,1,1,935,10,17,19,6,2,9,2,I/O,940,941,10,953,954,10,-1,-1,-1,-1,-1,-1,941,950
555,10,10,5679,20,3668,3686,5,18,3,3,CPU,5683,5685,10,5687,5695,20,9357,9365,20,-1,-1,-1,5695,5698
554,9,9,7159,20,3199,3216,3,17,2,3,CPU,7161,7163,10,7165,7172,20,10367,10375,20,-1,-1,-1,7172,7174
553,11,11,5798,20,3593,3614,12,21,1,3,CPU,5809,5811,10,5823,5832,20,9402,9412,20,-1,-1,-1,5832,5833
552,3,3,4747,20,3092,3098,3,6,8,3,I/O,4749,4751,10,4751,4752,20,7842,7845,20,-1,-1,-1,4752,4761
551,3,3,1423,20,611,617,6,6,9,3,I/O,1428,1430,10,1445,1446,20,2037,2040,20,-1,-1,-1,1446,1455
550,11,11,9220,30,2746,2769,4,23,2,4,CPU,9223,9225,10,9225,9234,20,11482,11492,20,11987,11989,30,9234,9236
549,11,11,2130,20,866,886,5,20,2,3,CPU,2134,2136,10,2143,2152,20,3007,3016,20,-1,-1,-1,2152,2154
548,3,3,7050,20,3253,3257,3,4,8,3,I/O,7052,7054,10,7054,7055,20,10306,10307,20,-1,-1,-1,7055,7064
547,10,10,6409,30,5479,5501,7,22,1,4,CPU,6415,6417,10,6419,6427,20,9969,9979,20,11908,11910,30,6427,6428
546,1,1,7783,20,3002,3006,8,4,9,3,I/O,7790,7791,10,7805,7807,10,10788,10789,20,-1,-1,-1,7791,7801
545,8,8,7100,20,3230,3248,3,18,3,3,CPU,7102,7104,10,7117,7123,20,10338,10348,20,-1,-1,-1,7123,7126
544,12,12,7773,20,2993,3015,4,22,2,3,CPU,7776,7778,10,7780,7790,20,10778,10788,20,-1,-1,-1,7790,7792
543,8,8,5234,20,3262,3280,1,18,1,3,CPU,5234,5236,10,5238,5244,20,8504,8514,20,-1,-1,-1,5244,5245
542,11,11,3894,20,2346,2366,3,20,1,3,CPU,3896,3898,10,3902,3911,20,6251,6260,20,-1,-1,-1,3911,3912
541,1,1,4778,20,3116,3120,9,4,8,3,I/O,4786,4787,10,4800,4802,10,7897,7898,20,-1,-1,-1,4787,4796
540,8,8,6955,30,4950,4970,3,20,1,4,CPU,6957,6959,10,6972,6978,20,10268,10278,20,11923,11925,30,6978,6980
539,11,11,2262,20,1017,1038,4,21,3,3,CPU,2265,2267,10,2313,2322,20,3290,3300,20,-1,-1,-1,2322,2325
538,8,8,7499,30,4434,4453,1,19,1,4,CPU,7499,7501,10,7513,7519,20,10625,10635,20,11951,11952,30,7519,7520
537,10,10,1666,20,787,807,4,20,2,3,CPU,1669,1671,10,1713,1721,20,2463,2473,20,-1,-1,-1,1721,1723
536,2,2,2550,10,19,23,3,4,10,2,I/O,2552,2554,10,2571,2573,10,-1,-1,-1,-1,-1,-1,2554,2565
535,3,3,9167,20,2308,2312,6,4,11,3,I/O,9172,9174,10,9212,9213,20,11478,11479,20,-1,-1,-1,9213,9224
534,1,1,961,10,11,14,2,3,10,2,I/O,962,963,10,973,975,10,-1,-1,-1,-1,-1,-1,963,973
533,1,1,6559,20,3472,3476,9,4,8,3,I/O,6567,6568,10,6589,6591,10,10034,10035,20,-1,-1,-1,6568,6577
532,1,1,4720,10,19,22,6,3,8,2,I/O,4725,4726,10,4740,4742,10,-1,-1,-1,-1,-1,-1,4726,4735
531,9,9,6925,30,4977,4998,2,21,2,4,CPU,6926,6928,10,6932,6939,20,10237,10247,20,11921,11923,30,6939,6943
530,2,2,5297,10,22,26,4,4,11,2,I/O,5300,5302,10,5321,5323,10,-1,-1,-1,-1,-1,-1,5302,5314
529,9,9,4703,20,3095,3114,3,19,1,3,CPU,4705,4707,10,4709,4716,20,7807,7817,20,-1,-1,-1,4716,4717
528,8,8,310,20,82,100,1,18,2,3,CPU,310,312,10,324,330,20,400,410,20,-1,-1,-1,330,332
527,8,8,338,20,74,90,1,16,2,3,CPU,338,340,10,340,346,20,420,428,20,-1,-1,-1,346,348
526,8,8,1769,30,9980,9999,1,19,1,4,CPU,1769,1771,10,1771,1777,20,2740,2750,20,11767,11768,30,1777,1778
525,10,10,1796,30,9954,9976,1,22,3,4,CPU,1796,1798,10,1800,1808,20,2824,2834,20,11770,11772,30,1808,1811
524,2,2,8833,20,2466,2471,4,5,11,3,I/O,8836,8838,10,8861,8863,10,11303,11304,20,-1,-1,-1,8838,8849
523,3,3,2235,20,1001,1005,3,4,9,3,I/O,2237,2239,10,2275,2276,20,3239,3240,20,-1,-1,-1,2276,2286
522,1,1,4613,10,19,21,8,2,9,2,I/O,4620,4621,10,4633,4634,10,-1,-1,-1,-1,-1,-1,4621,4630
521,3,3,684,20,13,17,1,4,12,3,I/O,684,686,10,686,687,20,700,701,20,-1,-1,-1,687,699
520,2,2,2035,10,12,16,1,4,9,2,I/O,2035,2037,10,2049,2051,10,-1,-1,-1,-1,-1,-1,2037,2046
519,1,1,3559,10,18,20,2,2,11,2,I/O,3560,3561,10,3578,3579,10,-1,-1,-1,-1,-1,-1,3561,3572
518,2,2,6918,10,26,29,1,3,12,2,I/O,6918,6920,10,6946,6947,10,-1,-1,-1,-1,-1,-1,6920,6934
517,10,10,1374,20,607,625,7,18,1,3,CPU,1380,1382,10,1400,1408,20,1991,1999,20,-1,-1,-1,1408,1409
516,3,3,1608,20,786,790,6,4,12,3,I/O,1613,1615,10,1660,1661,20,2397,2398,20,-1,-1,-1,1661,1674
515,11,11,4766,30,7068,7090,6,22,3,4,CPU,4771,4773,10,4802,4811,20,7885,7895,20,11855,11856,30,4811,4814
514,3,3,4251,20,2435,2440,6,5,8,3,I/O,4256,4258,10,4275,4276,20,6689,6691,20,-1,-1,-1,4276,4284
513,9,9,8873,30,3088,3108,9,20,2,4,CPU,8881,8883,10,8892,8899,20,11315,11325,20,11980,11981,30,8899,8901
512,10,10,1597,20,764,783,10,19,3,3,CPU,1606,1608,10,1630,1638,20,2371,2380,20,-1,-1,-1,1638,1641
511,12,12,2956,20,1426,1448,1,22,3,3,CPU,2956,2958,10,2958,2968,20,4394,4404,20,-1,-1,-1,2968,2971
510,2,2,9408,10,20,23,5,3,12,2,I/O,9412,9414,10,9430,9431,10,-1,-1,-1,-1,-1,-1,9414,9426
509,12,12,2242,20,986,1008,9,22,2,3,CPU,2250,2252,10,2276,2286,20,3240,3250,20,-1,-1,-1,2286,2288
508,2,2,1275,10,22,26,6,4,9,2,I/O,1280,1282,10,1299,1301,10,-1,-1,-1,-1,-1,-1,1282,1292
507,9,9,8199,30,3748,3768,3,20,3,4,CPU,8201,8203,10,8203,8210,20,10962,10972,20,11966,11967,30,8210,8213
506,3,3,9936,20,1773,1778,3,5,12,3,I/O,9938,9940,10,9942,9943,20,11712,11714,20,-1,-1,-1,9943,9956
505,12,12,4888,20,3043,3064,4,21,2,3,CPU,4891,4893,10,4899,4909,20,7943,7952,20,-1,-1,-1,4909,4911
504,3,3,3107,20,1642,1647,5,5,9,3,I/O,3111,3113,10,3131,3132,20,4752,4754,20,-1,-1,-1,3132,3142
503,9,9,9490,20,2120,2138,4,18,1,3,CPU,9493,9495,10,9499,9506,20,11619,11628,20,-1,-1,-1,9506,9507
502,9,9,6068,20,3667,3684,4,17,1,3,CPU,6071,6073,10,6079,6086,20,9744,9752,20,-1,-1,-1,6086,6087
501,8,8,6870,20,3336,3354,2,18,3,3,CPU,6871,6873,10,6912,6918,20,10214,10224,20,-1,-1,-1,6918,6921
500,11,11,2210,20,823,844,7,21,1,3,CPU,2216,2218,10,2226,2235,20,3044,3054,20,-1,-1,-1,2235,2236
499,10,10,3254,30,8524,8546,6,22,1,4,CPU,3259,3261,10,3261,3269,20,5105,5115,20,11798,11800,30,3269,3270
498,1,1,5146,10,16,19,9,3,8,2,I/O,5154,5155,10,5163,5165,10,-1,-1,-1,-1,-1,-1,5155,5163
497,2,2,4244,10,14,18,5,4,8,2,I/O,4248,4250,10,4260,4262,10,-1,-1,-1,-1,-1,-1,4250,4258
496,1,1,3984,10,22,25,2,3,10,2,I/O,3985,3986,10,4007,4009,10,-1,-1,-1,-1,-1,-1,3986,3996
495,2,2,9954,20,1756,1761,1,5,10,3,I/O,9954,9956,10,9966,9968,10,11714,11715,20,-1,-1,-1,9956,9966
494,8,8,6632,30,5264,5283,2,19,1,4,CPU,6633,6635,10,6637,6643,20,10067,10077,20,11914,11915,30,6643,6644
493,9,9,4990,30,6856,6877,5,21,3,4,CPU,4994,4996,10,4998,5005,20,8156,8166,20,11865,11867,30,5005,5008
492,11,11,9016,20,2359,2380,6,21,1,3,CPU,9021,9023,10,9023,9032,20,11386,11396,20,-1,-1,-1,9032,9033
491,1,1,1712,10,23,25,1,2,12,2,I/O,1712,1713,10,1736,1737,10,-1,-1,-1,-1,-1,-1,1713,1726
490,2,2,8691,10,23,27,8,4,10,2,I/O,8698,8700,10,8716,8718,10,-1,-1,-1,-1,-1,-1,8700,8710
489,11,11,3936,30,7859,7881,5,22,2,4,CPU,3940,3942,10,3942,3951,20,6265,6275,20,11816,11817,30,3951,3953
488,3,3,796,20,11,16,1,5,11,3,I/O,796,798,10,798,799,20,810,812,20,-1,-1,-1,799,809
487,9,9,5475,30,6377,6398,7,21,1,4,CPU,5481,5483,10,5504,5511,20,8998,9008,20,11871,11873,30,5511,5512
486,9,9,3997,30,7806,7826,9,20,1,4,CPU,4005,4007,10,4010,4017,20,6331,6341,20,11822,11823,30,4017,4018
485,2,2,3837,10,18,22,3,4,11,2,I/O,3839,3841,10,3857,3859,10,-1,-1,-1,-1,-1,-1,3841,3853
484,8,8,1887,20,1018,1036,9,18,3,3,CPU,1895,1897,10,1903,1909,20,2913,2923,20,-1,-1,-1,1909,1912
483,1,1,6235,10,10,12,2,2,8,2,I/O,6236,6237,10,6246,6247,10,-1,-1,-1,-1,-1,-1,6237,6245
482,2,2,8080,10,19,23,8,4,8,2,I/O,8087,8089,10,8101,8103,10,-1,-1,-1,-1,-1,-1,8089,8098
481,2,2,5744,20,3642,3647,8,5,9,3,I/O,5751,5753,10,5762,5764,10,9390,9391,20,-1,-1,-1,5753,5762
480,9,9,3651,20,1978,1996,2,18,1,3,CPU,3652,3654,10,3654,3661,20,5638,5647,20,-1,-1,-1,3661,3662
479,3,3,9290,20,2259,2265,1,6,11,3,I/O,9290,9292,10,9319,9320,20,11552,11555,20,-1,-1,-1,9320,9332
478,12,12,6109,30,5764,5787,4,23,1,4,CPU,6112,6114,10,6117,6127,20,9771,9781,20,11895,11896,30,6127,6128
477,1,1,2763,10,20,23,1,3,10,2,I/O,2763,2764,10,2784,2786,10,-1,-1,-1,-1,-1,-1,2764,2775
476,1,1,7675,20,3021,3025,10,4,12,3,I/O,7684,7685,10,7702,7704,10,10699,10700,20,-1,-1,-1,7685,7697
475,8,8,8172,20,2774,2790,7,16,1,3,CPU,8178,8180,10,8183,8189,20,10954,10962,20,-1,-1,-1,8189,8190
474,3,3,888,20,115,121,1,6,8,3,I/O,888,890,10,891,892,20,1006,1009,20,-1,-1,-1,892,901
473,1,1,1633,10,25,27,6,2,9,2,I/O,1638,1639,10,1659,1660,10,-1,-1,-1,-1,-1,-1,1639,1649
472,8,8,1054,30,10669,10689,6,20,1,4,CPU,1059,1061,10,1069,1075,20,1203,1213,20,11741,11743,30,1075,1076
471,8,8,7093,20,3227,3244,6,17,2,3,CPU,7098,7100,10,7105,7111,20,10328,10337,20,-1,-1,-1,7111,7113
470,3,3,6373,20,3583,3589,4,6,12,3,I/O,6376,6378,10,6384,6385,20,9959,9962,20,-1,-1,-1,6385,6397
469,10,10,2300,20,1041,1061,7,20,1,3,CPU,2306,2308,10,2345,2353,20,3351,3361,20,-1,-1,-1,2353,2354
468,3,3,6579,20,3471,3477,5,6,8,3,I/O,6583,6585,10,6610,6611,20,10053,10056,20,-1,-1,-1,6611,6620
467,12,12,7571,30,4359,4382,7,23,1,4,CPU,7577,7579,10,7583,7593,20,10648,10658,20,11952,11953,30,7593,7594
466,2,2,8382,10,14,17,3,3,10,2,I/O,8384,8386,10,8398,8399,10,-1,-1,-1,-1,-1,-1,8386,8396
465,9,9,4191,20,2358,2376,5,18,2,3,CPU,4195,4197,10,4203,4210,20,6558,6567,20,-1,-1,-1,4210,4212
464,2,2,2427,10,20,24,2,4,9,2,I/O,2428,2430,10,2449,2451,10,-1,-1,-1,-1,-1,-1,2430,2439
463,10,10,1603,20,775,794,8,19,3,3,CPU,1610,1612,10,1648,1656,20,2388,2397,20,-1,-1,-1,1656,1659
462,12,12,827,30,10887,10911,9,24,2,4,CPU,835,837,10,853,863,20,975,985,20,11736,11738,30,863,865
461,2,2,1177,10,12,16,3,4,9,2,I/O,1179,1181,10,1191,1193,10,-1,-1,-1,-1,-1,-1,1181,1191
460,9,9,2170,20,852,870,2,18,1,3,CPU,2171,2173,10,2173,2180,20,3031,3040,20,-1,-1,-1,2180,2181
459,9,9,8010,30,3936,3956,1,20,3,4,CPU,8010,8012,10,8012,8019,20,10862,10872,20,11965,11966,30,8019,8022
458,9,9,9269,30,2703,2724,4,21,1,4,CPU,9272,9274,10,9293,9300,20,11523,11533,20,11991,11993,30,9300,9301
457,12,12,6159,30,5718,5741,10,23,2,4,CPU,6168,6170,10,6192,6202,20,9837,9847,20,11899,11900,30,6202,6204
456,1,1,731,10,18,20,7,2,12,2,I/O,737,738,10,750,751,10,-1,-1,-1,-1,-1,-1,738,749
455,1,1,244,10,23,26,9,3,9,2,I/O,252,253,10,268,270,10,-1,-1,-1,-1,-1,-1,253,263
454,2,2,6601,10,20,24,4,4,12,2,I/O,6604,6606,10,6623,6625,10,-1,-1,-1,-1,-1,-1,6606,6619
453,1,1,1870,10,13,15,1,2,8,2,I/O,1870,1871,10,1884,1885,10,-1,-1,-1,-1,-1,-1,1871,1879
452,1,1,1516,20,661,665,7,4,12,3,I/O,1522,1523,10,1543,1545,10,2180,2181,20,-1,-1,-1,1523,1535
451,1,1,4722,10,20,23,6,3,8,2,I/O,4727,4728,10,4743,4745,10,-1,-1,-1,-1,-1,-1,4728,4736
450,11,11,8052,20,2845,2864,6,19,3,3,CPU,8057,8059,10,8070,8079,20,10908,10916,20,-1,-1,-1,8079,8082
449,9,9,7282,20,3143,3160,2,17,2,3,CPU,7283,7285,10,7294,7301,20,10434,10442,20,-1,-1,-1,7301,7303
448,10,10,4442,30,7377,7399,5,22,2,4,CPU,4446,4448,10,4465,4473,20,7137,7147,20,11839,11841,30,4473,4475
447,3,3,4414,20,2638,2643,5,5,8,3,I/O,4418,4420,10,4433,4434,20,7055,7057,20,-1,-1,-1,4434,4443
446,2,2,2775,10,22,26,2,4,12,2,I/O,2776,2778,10,2799,2801,10,-1,-1,-1,-1,-1,-1,2778,2790
445,1,1,4566,10,15,17,6,2,10,2,I/O,4571,4572,10,4582,4583,10,-1,-1,-1,-1,-1,-1,4572,4582
444,3,3,8658,20,2539,2543,4,4,8,3,I/O,8661,8663,10,8687,8688,20,11200,11201,20,-1,-1,-1,8688,8696
443,9,9,8689,30,3270,3290,8,20,2,4,CPU,8696,8698,10,8740,8747,20,11241,11251,20,11978,11979,30,8747,8749
442,2,2,9242,20,2266,2271,7,5,9,3,I/O,9248,9250,10,9264,9266,10,11512,11513,20,-1,-1,-1,9250,9259
441,10,10,3224,20,1832,1851,3,19,3,3,CPU,3226,3228,10,3230,3238,20,5066,5075,20,-1,-1,-1,3238,3241
440,3,3,9476,20,2128,2133,1,5,12,3,I/O,9476,9478,10,9485,9486,20,11607,11609,20,-1,-1,-1,9486,9499
439,12,12,9156,20,2281,2303,11,22,3,3,CPU,9166,9168,10,9176,9186,20,11449,11459,20,-1,-1,-1,9186,9189
438,1,1,2719,10,17,20,5,3,9,2,I/O,2723,2724,10,2737,2739,10,-1,-1,-1,-1,-1,-1,2724,2733
437,10,10,3805,20,2059,2079,5,20,2,3,CPU,3809,3811,10,3830,3838,20,5874,5884,20,-1,-1,-1,3838,3840
436,1,1,6390,10,10,13,2,3,9,2,I/O,6391,6392,10,6401,6403,10,-1,-1,-1,-1,-1,-1,6392,6401
435,8,8,839,20,141,157,1,16,2,3,CPU,839,841,10,863,869,20,988,996,20,-1,-1,-1,869,871
434,3,3,7449,20,3140,3145,2,5,11,3,I/O,7450,7452,10,7478,7479,20,10592,10594,20,-1,-1,-1,7479,7491
433,8,8,7317,30,4602,4622,5,20,3,4,CPU,7321,7323,10,7354,7360,20,10473,10483,20,11937,11939,30,7360,7365
432,11,11,3012,20,1382,1402,5,20,2,3,CPU,3016,3018,10,3018,3027,20,4405,4414,20,-1,-1,-1,3027,3029
431,11,11,4640,30,7188,7210,7,22,3,4,CPU,4646,4648,10,4655,4664,20,7650,7660,20,11849,11850,30,4664,4667
430,12,12,4610,30,7213,7237,9,24,1,4,CPU,4618,4620,10,4623,4633,20,7621,7631,20,11845,11847,30,4633,4634
429,3,3,3719,20,2017,2022,5,5,12,3,I/O,3723,3725,10,3730,3731,20,5739,5741,20,-1,-1,-1,3731,3744
428,11,11,8391,20,2665,2685,6,20,1,3,CPU,8396,8398,10,8446,8455,20,11067,11076,20,-1,-1,-1,8455,8456
427,3,3,2261,20,1012,1018,1,6,12,3,I/O,2261,2263,10,2298,2299,20,3276,3279,20,-1,-1,-1,2299,2313
426,10,10,7713,20,3006,3025,8,19,3,3,CPU,7720,7722,10,7722,7730,20,10729,10738,20,-1,-1,-1,7730,7733
425,8,8,5661,30,6198,6218,2,20,2,4,CPU,5662,5664,10,5677,5683,20,9323,9333,20,11877,11879,30,5683,5685
424,8,8,1149,20,302,318,9,16,2,3,CPU,1157,1159,10,1173,1179,20,1459,1467,20,-1,-1,-1,1179,1181
423,8,8,2671,20,1251,1269,2,18,3,3,CPU,2672,2674,10,2684,2690,20,3930,3940,20,-1,-1,-1,2690,2693
422,10,10,930,20,164,182,9,18,1,3,CPU,938,940,10,954,962,20,1104,1112,20,-1,-1,-1,962,963
421,8,8,5470,20,3458,3474,10,16,3,3,CPU,5479,5481,10,5494,5500,20,8936,8944,20,-1,-1,-1,5500,5503
420,8,8,3160,20,1817,1834,1,17,2,3,CPU,3160,3162,10,3185,3191,20,4985,4994,20,-1,-1,-1,3191,3193
419,1,1,8233,20,2738,2742,7,4,12,3,I/O,8239,8240,10,8260,8262,10,10974,10975,20,-1,-1,-1,8240,8253
418,1,1,5335,10,19,21,8,2,11,2,I/O,5342,5343,10,5355,5356,10,-1,-1,-1,-1,-1,-1,5343,5354
417,12,12,506,20,77,98,9,21,3,3,CPU,514,516,10,524,534,20,595,604,20,-1,-1,-1,534,537
416,1,1,5011,20,3196,3200,1,4,9,3,I/O,5011,5012,10,5028,5030,10,8210,8211,20,-1,-1,-1,5012,5022
415,8,8,7360,20,3157,3173,3,16,2,3,CPU,7362,7364,10,7403,7409,20,10525,10533,20,-1,-1,-1,7409,7412
414,1,1,4129,20,2398,2402,3,4,9,3,I/O,4131,4132,10,4144,4146,10,6530,6531,20,-1,-1,-1,4132,4142
413,2,2,4838,10,15,18,5,3,10,2,I/O,4842,4844,10,4855,4856,10,-1,-1,-1,-1,-1,-1,4844,4855
412,2,2,4250,10,21,24,3,3,10,2,I/O,4252,4254,10,4273,4274,10,-1,-1,-1,-1,-1,-1,4254,4265
411,2,2,9547,10,30,34,9,4,10,2,I/O,9555,9557,10,9579,9581,10,-1,-1,-1,-1,-1,-1,9557,9567
410,8,8,752,20,3,21,1,18,3,3,CPU,752,754,10,754,760,20,763,773,20,-1,-1,-1,760,762
409,11,11,6,30,12,34,1,22,1,4,CPU,6,8,10,8,17,20,18,28,20,39,40,30,17,17
408,12,12,5983,30,5883,5906,7,23,2,4,CPU,5989,5991,10,6011,6021,20,9683,9693,20,11888,11889,30,6021,6023
407,11,11,3540,20,1905,1925,4,20,3,3,CPU,3543,3545,10,3562,3571,20,5456,5465,20,-1,-1,-1,3571,3575
406,12,12,5798,20,3582,3604,10,22,2,3,CPU,5807,5809,10,5813,5823,20,9392,9402,20,-1,-1,-1,5823,5825
405,2,2,3022,10,16,20,6,4,10,2,I/O,3027,3029,10,3040,3042,10,-1,-1,-1,-1,-1,-1,3029,3039
404,9,9,5047,20,3174,3192,7,18,2,3,CPU,5053,5055,10,5057,5064,20,8230,8239,20,-1,-1,-1,5064,5066
403,3,3,491,20,89,94,8,5,9,3,I/O,498,500,10,503,504,20,583,585,20,-1,-1,-1,504,514
402,11,11,2679,20,1271,1292,4,21,1,3,CPU,2682,2684,10,2690,2699,20,3961,3971,20,-1,-1,-1,2699,2700
401,1,1,1605,10,22,25,8,3,9,2,I/O,1612,1613,10,1628,1630,10,-1,-1,-1,-1,-1,-1,1613,1622
400,1,1,2878,20,1489,1493,8,4,11,3,I/O,2885,2886,10,2899,2901,10,4370,4371,20,-1,-1,-1,2886,2897
399,1,1,912,10,28,31,7,3,8,2,I/O,918,919,10,941,943,10,-1,-1,-1,-1,-1,-1,919,927
398,1,1,1264,10,19,22,6,3,12,2,I/O,1269,1270,10,1284,1286,10,-1,-1,-1,-1,-1,-1,1270,1282
397,2,2,2533,20,1060,1065,10,5,10,3,I/O,2542,2544,10,2554,2556,10,3597,3598,20,-1,-1,-1,2544,2554
396,9,9,841,20,146,164,1,18,3,3,CPU,841,843,10,869,876,20,996,1005,20,-1,-1,-1,876,879
395,2,2,4320,10,11,15,1,4,10,2,I/O,4320,4322,10,4333,4335,10,-1,-1,-1,-1,-1,-1,4322,4332
394,3,3,2222,20,989,993,3,4,10,3,I/O,2224,2226,10,2260,2261,20,3214,3215,20,-1,-1,-1,2261,2271
393,11,11,7329,30,4589,4612,8,23,3,4,CPU,7336,7338,10,7373,7382,20,10493,10503,20,11939,11941,30,7382,7385
392,12,12,1505,20,605,627,4,22,1,3,CPU,1508,1510,10,1559,1569,20,2122,2132,20,-1,-1,-1,1569,1570
391,2,2,3263,10,24,27,7,3,12,2,I/O,3269,3271,10,3289,3290,10,-1,-1,-1,-1,-1,-1,3271,3283
390,11,11,1654,30,10086,10108,4,22,2,4,CPU,1657,1659,10,1695,1704,20,2452,2462,20,11761,11762,30,1704,1706
389,2,2,5697,20,3679,3684,1,5,11,3,I/O,5697,5699,10,5719,5721,10,9380,9381,20,-1,-1,-1,5699,5711
388,12,12,3404,30,8376,8399,8,23,2,4,CPU,3411,3413,10,3413,3423,20,5323,5333,20,11802,11803,30,3423,3425
387,11,11,7976,30,3967,3989,1,22,2,4,CPU,7976,7978,10,7988,7997,20,10851,10861,20,11964,11965,30,7997,8000
386,1,1,6408,20,3557,3561,7,4,10,3,I/O,6414,6415,10,6427,6429,10,9968,9969,20,-1,-1,-1,6415,6425
385,12,12,5946,30,5917,5940,1,23,1,4,CPU,5946,5948,10,5948,5958,20,9625,9635,20,11885,11886,30,5958,5959
384,9,9,5379,20,3460,3478,4,18,2,3,CPU,5382,5384,10,5384,5391,20,8848,8857,20,-1,-1,-1,5391,5393
383,8,8,5218,20,3129,3145,8,16,1,3,CPU,5225,5227,10,5228,5234,20,8355,8363,20,-1,-1,-1,5234,5235
382,3,3,8851,20,2459,2464,9,5,11,3,I/O,8859,8861,10,8869,8870,20,11313,11315,20,-1,-1,-1,8870,8881
381,1,1,7102,20,3243,3247,3,4,9,3,I/O,7104,7105,10,7115,7117,10,10348,10349,20,-1,-1,-1,7105,7115
380,8,8,4095,30,7711,7731,8,20,3,4,CPU,4102,4104,10,4113,4119,20,6454,6464,20,11824,11826,30,4119,4123
379,12,12,9165,20,2282,2303,4,21,3,3,CPU,9168,9170,10,9189,9199,20,11459,11468,20,-1,-1,-1,9199,9202
378,1,1,897,10,25,28,7,3,12,2,I/O,903,904,10,923,925,10,-1,-1,-1,-1,-1,-1,904,917
377,1,1,5080,10,11,14,2,3,10,2,I/O,5081,5082,10,5092,5094,10,-1,-1,-1,-1,-1,-1,5082,5092
376,1,1,8177,10,11,14,4,3,8,2,I/O,8180,8181,10,8189,8191,10,-1,-1,-1,-1,-1,-1,8181,8189
375,11,11,6277,20,3608,3629,1,21,2,3,CPU,6277,6279,10,6279,6288,20,9896,9906,20,-1,-1,-1,6288,6290
374,12,12,9166,30,2798,2821,5,23,2,4,CPU,9170,9172,10,9200,9210,20,11468,11478,20,11986,11987,30,9210,9212
373,2,2,604,10,13,16,1,3,12,2,I/O,604,606,10,619,620,10,-1,-1,-1,-1,-1,-1,606,618
372,10,10,8378,30,3571,3592,5,21,1,4,CPU,8382,8384,10,8436,8444,20,11057,11067,20,11969,11970,30,8444,8445
371,10,10,3360,30,8420,8442,2,22,1,4,CPU,3361,3363,10,3365,3373,20,5176,5186,20,11800,11802,30,3373,3374
370,9,9,8365,20,2652,2669,5,17,2,3,CPU,8369,8371,10,8401,8408,20,11026,11034,20,-1,-1,-1,8408,8410
369,11,11,1493,30,10244,10267,8,23,1,4,CPU,1500,1502,10,1523,1532,20,2066,2076,20,11758,11760,30,1532,1533
368,3,3,52,20,15,20,2,5,10,3,I/O,53,55,10,55,56,20,70,72,20,-1,-1,-1,56,66
367,2,2,8610,10,10,13,1,3,8,2,I/O,8610,8612,10,8622,8623,10,-1,-1,-1,-1,-1,-1,8612,8620
366,2,2,4498,10,20,24,4,4,12,2,I/O,4501,4503,10,4520,4522,10,-1,-1,-1,-1,-1,-1,4503,4515
365,1,1,3216,10,21,23,10,2,10,2,I/O,3225,3226,10,3238,3239,10,-1,-1,-1,-1,-1,-1,3226,3236
364,3,3,5239,20,3306,3312,6,6,12,3,I/O,5244,5246,10,5258,5259,20,8548,8551,20,-1,-1,-1,5259,5271
363,1,1,6109,10,21,24,3,3,10,2,I/O,6111,6112,10,6131,6133,10,-1,-1,-1,-1,-1,-1,6112,6122
362,1,1,5974,10,18,20,3,2,12,2,I/O,5976,5977,10,5993,5994,10,-1,-1,-1,-1,-1,-1,5977,5989
361,11,11,706,20,11,31,1,20,1,3,CPU,706,708,10,708,717,20,728,737,20,-1,-1,-1,717,718
360,11,11,5262,20,3351,3371,9,20,1,3,CPU,5270,5272,10,5279,5288,20,8624,8633,20,-1,-1,-1,5288,5289
359,3,3,3127,20,1726,1730,2,4,11,3,I/O,3128,3130,10,3164,3165,20,4856,4857,20,-1,-1,-1,3165,3176
358,1,1,8371,10,16,19,3,3,10,2,I/O,8373,8374,10,8388,8390,10,-1,-1,-1,-1,-1,-1,8374,8384
357,10,10,7304,20,3128,3148,2,20,3,3,CPU,7305,7307,10,7307,7315,20,10442,10452,20,-1,-1,-1,7315,7318
356,2,2,6977,10,14,18,3,4,11,2,I/O,6979,6981,10,6993,6995,10,-1,-1,-1,-1,-1,-1,6981,6993
355,12,12,6819,20,3355,3375,3,20,2,3,CPU,6821,6823,10,6885,6895,20,10186,10194,20,-1,-1,-1,6895,6897
354,1,1,4168,20,2372,2376,10,4,9,3,I/O,4177,4178,10,4199,4201,10,6543,6544,20,-1,-1,-1,4178,4188
353,8,8,1514,30,10228,10247,7,19,3,4,CPU,1520,1522,10,1579,1585,20,2161,2171,20,11760,11761,30,1585,1588
352,12,12,2497,20,1002,1024,5,22,2,3,CPU,2501,2503,10,2518,2528,20,3511,3521,20,-1,-1,-1,2528,2530
351,1,1,5531,10,17,20,4,3,9,2,I/O,5534,5535,10,5549,5551,10,-1,-1,-1,-1,-1,-1,5535,5545
350,1,1,6568,10,22,25,3,3,8,2,I/O,6570,6571,10,6591,6593,10,-1,-1,-1,-1,-1,-1,6571,6580
349,9,9,7434,20,3139,3157,4,18,2,3,CPU,7437,7439,10,7463,7470,20,10582,10591,20,-1,-1,-1,7470,7472
348,3,3,7810,20,2986,2992,8,6,9,3,I/O,7817,7819,10,7820,7821,20,10799,10802,20,-1,-1,-1,7821,7830
347,2,2,229,10,26,30,7,4,11,2,I/O,235,237,10,257,259,10,-1,-1,-1,-1,-1,-1,237,249
346,2,2,1058,10,21,25,6,4,10,2,I/O,1063,1065,10,1081,1083,10,-1,-1,-1,-1,-1,-1,1065,1076
345,1,1,4661,10,23,26,6,3,12,2,I/O,4666,4667,10,4685,4687,10,-1,-1,-1,-1,-1,-1,4667,4679
344,12,12,5648,20,3574,3594,9,20,1,3,CPU,5656,5658,10,5664,5674,20,9234,9242,20,-1,-1,-1,5674,5675
343,2,2,224,10,29,32,8,3,8,2,I/O,231,233,10,255,256,10,-1,-1,-1,-1,-1,-1,233,242
342,1,1,3785,10,25,27,3,2,11,2,I/O,3787,3788,10,3811,3812,10,-1,-1,-1,-1,-1,-1,3788,3799
341,2,2,1925,10,20,24,1,4,12,2,I/O,1925,1927,10,1947,1949,10,-1,-1,-1,-1,-1,-1,1927,1940
340,1,1,8587,10,13,15,2,2,11,2,I/O,8588,8589,10,8601,8602,10,-1,-1,-1,-1,-1,-1,8589,8600
339,2,2,2792,20,1261,1266,6,5,11,3,I/O,2797,2799,10,2812,2814,10,4057,4058,20,-1,-1,-1,2799,2810
338,1,1,5899,20,3699,3703,2,4,9,3,I/O,5900,5901,10,5914,5916,10,9601,9602,20,-1,-1,-1,5901,5911
337,2,2,1108,10,23,26,5,3,10,2,I/O,1112,1114,10,1133,1134,10,-1,-1,-1,-1,-1,-1,1114,1124
336,8,8,1375,20,617,634,8,17,3,3,CPU,1382,1384,10,1410,1416,20,2000,2009,20,-1,-1,-1,1416,1419
335,8,8,246,20,18,36,8,18,3,3,CPU,253,255,10,262,268,20,272,282,20,-1,-1,-1,268,271
334,2,2,8907,10,13,17,4,4,10,2,I/O,8910,8912,10,8922,8924,10,-1,-1,-1,-1,-1,-1,8912,8922
333,3,3,8519,20,2599,2605,1,6,9,3,I/O,8519,8521,10,8523,8524,20,11121,11124,20,-1,-1,-1,8524,8533
332,9,9,9992,20,1714,1732,3,18,1,3,CPU,9994,9996,10,9996,10003,20,11715,11724,20,-1,-1,-1,10003,10004
331,1,1,4398,10,21,24,7,3,9,2,I/O,4404,4405,10,4420,4422,10,-1,-1,-1,-1,-1,-1,4405,4414
330,9,9,9050,20,2337,2356,1,19,1,3,CPU,9050,9052,10,9052,9059,20,11396,11406,20,-1,-1,-1,9059,9060
329,2,2,6361,20,3593,3598,4,5,10,3,I/O,6364,6366,10,6380,6382,10,9958,9959,20,-1,-1,-1,6366,6376
328,3,3,1808,20,1025,1029,1,4,9,3,I/O,1808,1810,10,1810,1811,20,2836,2837,20,-1,-1,-1,1811,1820
327,2,2,9156,10,29,33,9,4,11,2,I/O,9164,9166,10,9187,9189,10,-1,-1,-1,-1,-1,-1,9166,9177
326,12,12,2618,20,1047,1069,2,22,2,3,CPU,2619,2621,10,2621,2631,20,3677,3687,20,-1,-1,-1,2631,2633
325,12,12,2868,30,8897,8921,2,24,2,4,CPU,2869,2871,10,2873,2883,20,4211,4221,20,11787,11789,30,2883,2885
324,1,1,9368,10,20,22,8,2,12,2,I/O,9375,9376,10,9389,9390,10,-1,-1,-1,-1,-1,-1,9376,9388
323,12,12,545,30,103,126,5,23,3,4,CPU,549,551,10,573,583,20,653,663,20,670,671,30,583,586
322,11,11,951,20,160,180,1,20,3,3,CPU,951,953,10,963,972,20,1122,1131,20,-1,-1,-1,972,976
321,3,3,3913,20,2345,2351,10,6,10,3,I/O,3922,3924,10,3928,3929,20,6261,6264,20,-1,-1,-1,3929,3939
320,9,9,3538,30,8247,8267,4,20,1,4,CPU,3541,3543,10,3551,3558,20,5446,5456,20,11804,11805,30,3558,3559
319,1,1,3950,10,21,23,4,2,10,2,I/O,3953,3954,10,3972,3973,10,-1,-1,-1,-1,-1,-1,3954,3964
318,9,9,929,30,10792,10812,8,20,2,4,CPU,936,938,10,944,951,20,1035,1045,20,11740,11741,30,951,953
317,11,11,2468,20,1011,1030,6,19,3,3,CPU,2473,2475,10,2477,2486,20,3490,3498,20,-1,-1,-1,2486,2489
316,2,2,6773,20,3339,3344,6,5,11,3,I/O,6778,6780,10,6800,6802,10,10116,10117,20,-1,-1,-1,6780,6791
315,11,11,2280,20,1019,1040,9,21,2,3,CPU,2288,2290,10,2326,2335,20,3310,3320,20,-1,-1,-1,2335,2337
314,8,8,7246,20,3154,3170,6,16,2,3,CPU,7251,7253,10,7254,7260,20,10408,10416,20,-1,-1,-1,7260,7262
313,12,12,896,30,10820,10844,6,24,1,4,CPU,901,903,10,908,918,20,1012,1022,20,11738,11740,30,918,919
312,12,12,5885,20,3637,3658,2,21,3,3,CPU,5886,5888,10,5901,5911,20,9534,9543,20,-1,-1,-1,5911,5914
311,3,3,4935,20,3175,3179,3,4,12,3,I/O,4937,4939,10,4952,4953,20,8113,8114,20,-1,-1,-1,4953,4965
310,1,1,1787,20,972,976,1,4,9,3,I/O,1787,1788,10,1798,1800,10,2762,2763,20,-1,-1,-1,1788,1798
309,11,11,1687,30,10054,10077,6,23,1,4,CPU,1692,1694,10,1723,1732,20,2489,2499,20,11762,11764,30,1732,1733
308,2,2,6339,10,27,31,5,4,12,2,I/O,6343,6345,10,6368,6370,10,-1,-1,-1,-1,-1,-1,6345,6357
307,10,10,7312,20,3140,3160,6,20,3,3,CPU,7317,7319,10,7344,7352,20,10462,10472,20,-1,-1,-1,7352,7355
306,12,12,56,20,6,28,1,22,1,3,CPU,56,58,10,58,68,20,74,84,20,-1,-1,-1,68,69
305,12,12,1391,20,606,628,6,22,1,3,CPU,1396,1398,10,1418,1428,20,2009,2019,20,-1,-1,-1,1428,1429
304,8,8,3613,30,8175,8194,1,19,1,4,CPU,3613,3615,10,3615,3621,20,5551,5561,20,11806,11807,30,3621,3623
303,2,2,6631,10,27,31,1,4,12,2,I/O,6631,6633,10,6660,6662,10,-1,-1,-1,-1,-1,-1,6633,6646
302,3,3,8665,20,2553,2558,4,5,9,3,I/O,8668,8670,10,8720,8721,20,11221,11223,20,-1,-1,-1,8721,8731
301,1,1,66,10,17,19,3,2,9,2,I/O,68,69,10,84,85,10,-1,-1,-1,-1,-1,-1,69,78
300,2,2,1979,10,18,21,2,3,11,2,I/O,1980,1982,10,1999,2000,10,-1,-1,-1,-1,-1,-1,1982,1995
299,12,12,4268,30,7540,7564,4,24,2,4,CPU,4271,4273,10,4300,4310,20,6719,6729,20,11830,11832,30,4310,4313
298,1,1,9177,10,21,23,10,2,8,2,I/O,9186,9187,10,9199,9200,10,-1,-1,-1,-1,-1,-1,9187,9196
297,9,9,8302,20,2675,2693,3,18,3,3,CPU,8304,8306,10,8306,8313,20,10986,10995,20,-1,-1,-1,8313,8316
296,12,12,4257,20,2425,2445,2,20,3,3,CPU,4258,4260,10,4276,4286,20,6694,6702,20,-1,-1,-1,4286,4289
295,8,8,5978,20,3688,3705,2,17,2,3,CPU,5979,5981,10,6002,6008,20,9674,9683,20,-1,-1,-1,6008,6010
294,8,8,8633,20,2531,2548,2,17,2,3,CPU,8634,8636,10,8636,8642,20,11172,11181,20,-1,-1,-1,8642,8644
293,12,12,4183,20,2350,2372,1,22,1,3,CPU,4183,4185,10,4185,4195,20,6545,6555,20,-1,-1,-1,4195,4196
292,2,2,8486,20,2625,2630,1,5,8,3,I/O,8486,8488,10,8501,8503,10,11115,11116,20,-1,-1,-1,8488,8497
291,3,3,3890,20,2354,2359,3,5,11,3,I/O,3892,3894,10,3899,3900,20,6247,6249,20,-1,-1,-1,3900,3912
290,3,3,2532,20,1060,1065,9,5,9,3,I/O,2540,2542,10,2559,2560,20,3595,3597,20,-1,-1,-1,2560,2570
289,1,1,1383,10,15,17,4,2,11,2,I/O,1386,1387,10,1399,1400,10,-1,-1,-1,-1,-1,-1,1387,1399
288,2,2,4334,10,12,16,2,4,11,2,I/O,4335,4337,10,4348,4350,10,-1,-1,-1,-1,-1,-1,4337,4348
287,1,1,9939,10,16,19,3,3,10,2,I/O,9941,9942,10,9956,9958,10,-1,-1,-1,-1,-1,-1,9942,9953
286,3,3,8702,20,2546,2551,8,5,10,3,I/O,8709,8711,10,8749,8750,20,11251,11253,20,-1,-1,-1,8750,8760
285,1,1,1975,10,14,16,3,2,8,2,I/O,1977,1978,10,1990,1991,10,-1,-1,-1,-1,-1,-1,1978,1986
284,8,8,6339,30,5547,5566,3,19,2,4,CPU,6341,6343,10,6345,6351,20,9918,9928,20,11904,11905,30,6351,6353
283,11,11,8453,20,2623,2643,4,20,2,3,CPU,8456,8458,10,8469,8478,20,11087,11096,20,-1,-1,-1,8478,8480
282,1,1,4337,20,2651,2655,5,4,10,3,I/O,4341,4342,10,4360,4362,10,6991,6992,20,-1,-1,-1,4342,4353
281,1,1,28,10,11,13,3,2,9,2,I/O,30,31,10,40,41,10,-1,-1,-1,-1,-1,-1,31,40
280,3,3,4092,20,2356,2361,9,5,12,3,I/O,4100,4102,10,4108,4109,20,6451,6453,20,-1,-1,-1,4109,4122
279,3,3,6106,20,3656,3662,4,6,9,3,I/O,6109,6111,10,6116,6117,20,9765,9768,20,-1,-1,-1,6117,6127
278,11,11,3423,20,1899,1919,1,20,3,3,CPU,3423,3425,10,3425,3434,20,5333,5342,20,-1,-1,-1,3434,3437
277,9,9,7407,30,4518,4539,3,21,1,4,CPU,7409,7411,10,7426,7433,20,10552,10562,20,11944,11946,30,7433,7434
276,11,11,7201,30,4714,4736,3,22,3,4,CPU,7203,7205,10,7205,7214,20,10396,10406,20,11936,11937,30,7214,7217
275,3,3,697,20,26,31,1,5,9,3,I/O,697,699,10,699,700,20,726,728,20,-1,-1,-1,700,709
274,2,2,2444,10,16,19,4,3,8,2,I/O,2447,2449,10,2462,2463,10,-1,-1,-1,-1,-1,-1,2449,2457
273,12,12,1289,30,10439,10462,9,23,3,4,CPU,1297,1299,10,1312,1322,20,1850,1860,20,11750,11751,30,1322,1325
272,3,3,1434,20,614,618,8,4,11,3,I/O,1441,1443,10,1446,1447,20,2051,2052,20,-1,-1,-1,1447,1459
271,12,12,3460,20,1919,1940,4,21,1,3,CPU,3463,3465,10,3480,3490,20,5391,5400,20,-1,-1,-1,3490,3491
270,8,8,6360,30,5529,5548,3,19,2,4,CPU,6362,6364,10,6370,6376,20,9943,9953,20,11907,11908,30,6376,6378
269,10,10,7860,30,4081,4102,6,21,3,4,CPU,7865,7867,10,7867,7875,20,10810,10820,20,11961,11962,30,7875,7878
268,10,10,1491,30,10245,10267,8,22,2,4,CPU,1498,1500,10,1510,1518,20,2056,2066,20,11756,11758,30,1518,1520
267,12,12,7790,20,2987,3009,2,22,2,3,CPU,7791,7793,10,7794,7804,20,10789,10799,20,-1,-1,-1,7804,7806
266,3,3,2441,20,999,1005,5,6,9,3,I/O,2445,2447,10,2451,2452,20,3443,3446,20,-1,-1,-1,2452,2462
265,8,8,4488,20,2732,2748,2,16,3,3,CPU,4489,4491,10,4512,4518,20,7228,7236,20,-1,-1,-1,4518,4521
264,1,1,8789,10,19,21,8,2,12,2,I/O,8796,8797,10,8809,8810,10,-1,-1,-1,-1,-1,-1,8797,8809
263,2,2,2851,10,18,22,3,4,12,2,I/O,2853,2855,10,2871,2873,10,-1,-1,-1,-1,-1,-1,2855,2867
262,3,3,4440,20,2680,2684,5,4,12,3,I/O,4444,4446,10,4464,4465,20,7123,7124,20,-1,-1,-1,4465,4477
261,1,1,1690,10,20,22,5,2,12,2,I/O,1694,1695,10,1711,1712,10,-1,-1,-1,-1,-1,-1,1695,1708
260,1,1,6645,10,23,26,9,3,11,2,I/O,6653,6654,10,6669,6671,10,-1,-1,-1,-1,-1,-1,6654,6665
259,3,3,7966,20,2879,2885,9,6,10,3,I/O,7974,7976,10,7987,7988,20,10848,10851,20,-1,-1,-1,7988,7999
258,8,8,342,20,78,96,5,18,2,3,CPU,346,348,10,351,357,20,428,438,20,-1,-1,-1,357,359
257,3,3,8552,20,2580,2585,10,5,8,3,I/O,8561,8563,10,8572,8573,20,11135,11137,20,-1,-1,-1,8573,8581
256,3,3,9577,20,2094,2099,1,5,10,3,I/O,9577,9579,10,9592,9593,20,11674,11676,20,-1,-1,-1,9593,9603
255,3,3,3623,20,1995,2000,9,5,8,3,I/O,3631,3633,10,3638,3639,20,5621,5623,20,-1,-1,-1,3639,3647
254,1,1,501,20,90,94,2,4,8,3,I/O,502,503,10,522,524,10,594,595,20,-1,-1,-1,503,511
253,1,1,6057,20,3683,3687,6,4,9,3,I/O,6062,6063,10,6077,6079,10,9743,9744,20,-1,-1,-1,6063,6073
252,11,11,1305,20,546,565,4,19,3,3,CPU,1308,1310,10,1326,1335,20,1862,1870,20,-1,-1,-1,1335,1338
251,1,1,6402,10,14,17,2,3,8,2,I/O,6403,6404,10,6417,6419,10,-1,-1,-1,-1,-1,-1,6404,6412
250,9,9,3111,30,8664,8685,3,21,2,4,CPU,3113,3115,10,3134,3141,20,4755,4765,20,11794,11796,30,3141,3144
249,2,2,5286,10,14,17,3,3,9,2,I/O,5288,5290,10,5302,5303,10,-1,-1,-1,-1,-1,-1,5290,5299
248,1,1,5757,20,3631,3635,5,4,11,3,I/O,5761,5762,10,5775,5777,10,9391,9392,20,-1,-1,-1,5762,5773
247,9,9,315,20,86,105,8,19,1,3,CPU,322,324,10,330,337,20,410,420,20,-1,-1,-1,337,338
246,11,11,3144,20,1704,1725,5,21,3,3,CPU,3148,3150,10,3166,3175,20,4859,4869,20,-1,-1,-1,3175,3178
245,1,1,5462,10,26,28,5,2,11,2,I/O,5466,5467,10,5489,5490,10,-1,-1,-1,-1,-1,-1,5467,5479
244,1,1,6674,10,11,13,2,2,8,2,I/O,6675,6676,10,6686,6687,10,-1,-1,-1,-1,-1,-1,6676,6684
243,10,10,6815,20,3351,3371,5,20,1,3,CPU,6819,6821,10,6873,6881,20,10176,10186,20,-1,-1,-1,6881,6882
242,3,3,3819,20,2275,2280,8,5,9,3,I/O,3826,3828,10,3842,3843,20,6097,6099,20,-1,-1,-1,3843,3854
241,3,3,2880,20,1488,1493,7,5,8,3,I/O,2886,2888,10,2901,2902,20,4371,4373,20,-1,-1,-1,2902,2910
240,10,10,7929,20,2891,2910,3,19,1,3,CPU,7931,7933,10,7934,7942,20,10830,10839,20,-1,-1,-1,7942,7943
239,2,2,2277,10,17,20,10,3,8,2,I/O,2286,2288,10,2296,2297,10,-1,-1,-1,-1,-1,-1,2288,2296
238,12,12,3845,30,7947,7971,10,24,1,4,CPU,3854,3856,10,3859,3869,20,6099,6109,20,11814,11816,30,3869,3870
237,2,2,9424,20,2167,2172,3,5,8,3,I/O,9426,9428,10,9441,9443,10,11595,11596,20,-1,-1,-1,9428,9436
236,11,11,4060,20,2333,2354,8,21,1,3,CPU,4067,4069,10,4069,4078,20,6404,6414,20,-1,-1,-1,4078,4079
235,3,3,3177,20,1830,1834,7,4,8,3,I/O,3183,3185,10,3192,3193,20,5010,5011,20,-1,-1,-1,3193,3202
234,11,11,8019,20,2842,2861,1,19,2,3,CPU,8019,8021,10,8025,8034,20,10872,10880,20,-1,-1,-1,8034,8036
233,10,10,3197,20,1826,1846,6,20,3,3,CPU,3202,3204,10,3204,3212,20,5033,5043,20,-1,-1,-1,3212,3215
232,1,1,4425,20,2649,2653,6,4,10,3,I/O,4430,4431,10,4451,4453,10,7077,7078,20,-1,-1,-1,4431,4441
231,2,2,2830,20,1256,1261,5,5,8,3,I/O,2834,2836,10,2857,2859,10,4090,4091,20,-1,-1,-1,2836,2844
230,8,8,8361,20,2639,2656,3,17,2,3,CPU,8363,8365,10,8376,8382,20,11008,11017,20,-1,-1,-1,8382,8385
229,3,3,7341,20,3169,3174,2,5,12,3,I/O,7342,7344,10,7396,7397,20,10513,10515,20,-1,-1,-1,7397,7410
228,1,1,5012,20,3196,3200,3,4,10,3,I/O,5014,5015,10,5030,5032,10,8211,8212,20,-1,-1,-1,5015,5026
227,1,1,8870,10,20,22,1,2,10,2,I/O,8870,8871,10,8891,8892,10,-1,-1,-1,-1,-1,-1,8871,8882
226,1,1,381,10,14,17,1,3,11,2,I/O,381,382,10,396,398,10,-1,-1,-1,-1,-1,-1,382,394
225,1,1,8664,10,20,23,2,3,9,2,I/O,8665,8666,10,8685,8687,10,-1,-1,-1,-1,-1,-1,8666,8675
224,12,12,8811,20,2461,2483,1,22,3,3,CPU,8811,8813,10,8813,8823,20,11284,11294,20,-1,-1,-1,8823,8826
223,1,1,6782,10,21,24,9,3,12,2,I/O,6790,6791,10,6804,6806,10,-1,-1,-1,-1,-1,-1,6791,6803
222,11,11,3087,30,8684,8707,2,23,3,4,CPU,3088,3090,10,3090,3099,20,4608,4618,20,11792,11794,30,3099,3102
221,10,10,2230,20,975,995,6,20,3,3,CPU,2235,2237,10,2267,2275,20,3215,3225,20,-1,-1,-1,2275,2278
220,9,9,1725,30,10022,10042,8,20,2,4,CPU,1732,1734,10,1754,1761,20,2700,2710,20,11766,11767,30,1761,1763
219,9,9,2646,20,1214,1232,2,18,3,3,CPU,2647,2649,10,2663,2670,20,3869,3878,20,-1,-1,-1,2670,2673
218,1,1,7010,10,18,20,6,2,11,2,I/O,7015,7016,10,7029,7030,10,-1,-1,-1,-1,-1,-1,7016,7028
217,2,2,1057,10,20,24,5,4,10,2,I/O,1061,1063,10,1079,1081,10,-1,-1,-1,-1,-1,-1,1063,1073
216,8,8,8666,20,2549,2565,5,16,2,3,CPU,8670,8672,10,8722,8728,20,11223,11231,20,-1,-1,-1,8728,8730
215,2,2,2308,10,14,18,1,4,11,2,I/O,2308,2310,10,2324,2326,10,-1,-1,-1,-1,-1,-1,2310,2322
214,8,8,7067,30,4844,4864,1,20,2,4,CPU,7067,7069,10,7071,7077,20,10307,10317,20,11929,11931,30,7077,7079
213,11,11,822,30,10891,10914,1,23,3,4,CPU,822,824,10,826,835,20,876,886,20,11734,11736,30,835,838
212,9,9,3881,20,2337,2354,3,17,2,3,CPU,3883,3885,10,3885,3892,20,6227,6235,20,-1,-1,-1,3892,3895
211,1,1,1833,20,1001,1005,1,4,11,3,I/O,1833,1834,10,1847,1849,10,2837,2838,20,-1,-1,-1,1834,1845
210,8,8,7526,20,3104,3122,6,18,1,3,CPU,7531,7533,10,7539,7545,20,10638,10648,20,-1,-1,-1,7545,7546
209,2,2,6464,10,13,17,3,4,11,2,I/O,6466,6468,10,6479,6481,10,-1,-1,-1,-1,-1,-1,6468,6479
208,3,3,3105,20,1638,1644,5,6,10,3,I/O,3109,3111,10,3130,3131,20,4746,4749,20,-1,-1,-1,3131,3141
207,3,3,6811,20,3350,3355,5,5,10,3,I/O,6815,6817,10,6860,6861,20,10164,10166,20,-1,-1,-1,6861,6872
206,1,1,5482,10,19,22,6,3,9,2,I/O,5487,5488,10,5502,5504,10,-1,-1,-1,-1,-1,-1,5488,5497
205,9,9,4817,20,3072,3089,5,17,3,3,CPU,4821,4823,10,4823,4830,20,7898,7906,20,-1,-1,-1,4830,4833
204,10,10,7492,20,3113,3133,5,20,3,3,CPU,7496,7498,10,7503,7511,20,10615,10625,20,-1,-1,-1,7511,7514
203,1,1,5410,20,3511,3515,4,4,11,3,I/O,5413,5414,10,5436,5438,10,8924,8925,20,-1,-1,-1,5414,5426
202,2,2,6737,10,20,24,6,4,11,2,I/O,6742,6744,10,6759,6761,10,-1,-1,-1,-1,-1,-1,6744,6755
201,2,2,784,20,11,16,1,5,8,3,I/O,784,786,10,794,796,10,799,800,20,-1,-1,-1,786,793
200,1,1,4467,10,19,22,7,3,11,2,I/O,4473,4474,10,4487,4489,10,-1,-1,-1,-1,-1,-1,4474,4487
199,1,1,8640,10,31,33,3,2,10,2,I/O,8642,8643,10,8672,8673,10,-1,-1,-1,-1,-1,-1,8643,8655
198,2,2,917,10,24,27,3,3,10,2,I/O,919,921,10,943,944,10,-1,-1,-1,-1,-1,-1,921,932
197,8,8,5521,30,6335,6354,2,19,3,4,CPU,5522,5524,10,5535,5541,20,9040,9050,20,11874,11875,30,5541,5544
196,9,9,3753,30,8037,8058,9,21,2,4,CPU,3761,3763,10,3767,3774,20,5765,5775,20,11809,11811,30,3774,3776
195,3,3,288,20,46,50,1,4,10,3,I/O,288,290,10,297,298,20,337,338,20,-1,-1,-1,298,309
194,3,3,879,20,123,127,8,4,8,3,I/O,886,888,10,890,891,20,1005,1006,20,-1,-1,-1,891,899
193,1,1,4523,20,3021,3025,2,4,12,3,I/O,4524,4525,10,4538,4540,10,7547,7548,20,-1,-1,-1,4525,4537
192,3,3,4514,20,2785,2791,5,6,9,3,I/O,4518,4520,10,4549,4550,20,7302,7305,20,-1,-1,-1,4550,4559
191,8,8,8706,20,2540,2557,8,17,1,3,CPU,8713,8715,10,8750,8756,20,11254,11263,20,-1,-1,-1,8756,8757
190,10,10,1610,20,778,798,6,20,2,3,CPU,1615,1617,10,1661,1669,20,2398,2408,20,-1,-1,-1,1669,1671
189,3,3,6880,20,3349,3354,4,5,9,3,I/O,6883,6885,10,6930,6931,20,10232,10234,20,-1,-1,-1,6931,6941
188,2,2,4039,10,15,18,5,3,11,2,I/O,4043,4045,10,4056,4057,10,-1,-1,-1,-1,-1,-1,4045,4056
187,3,3,4509,20,2789,2793,1,4,10,3,I/O,4509,4511,10,4548,4549,20,7301,7302,20,-1,-1,-1,4549,4560
186,12,12,1318,20,541,562,5,21,2,3,CPU,1322,1324,10,1335,1345,20,1871,1880,20,-1,-1,-1,1345,1347
185,3,3,2654,20,1222,1227,4,5,12,3,I/O,2657,2659,10,2674,2675,20,3879,3881,20,-1,-1,-1,2675,2687
184,9,9,7038,30,4870,4891,4,21,3,4,CPU,7041,7043,10,7044,7051,20,10296,10306,20,11927,11929,30,7051,7054
183,8,8,3981,30,7822,7841,3,19,3,4,CPU,3983,3985,10,3988,3994,20,6321,6331,20,11821,11822,30,3994,3998
182,1,1,7506,20,3127,3131,6,4,11,3,I/O,7511,7512,10,7535,7537,10,10636,10637,20,-1,-1,-1,7512,7525
181,11,11,4947,30,6892,6915,2,23,1,4,CPU,4948,4950,10,4961,4970,20,8124,8134,20,11860,11862,30,4970,4971
180,3,3,6546,20,3484,3488,10,4,12,3,I/O,6555,6557,10,6557,6558,20,10033,10034,20,-1,-1,-1,6558,6570
179,10,10,7849,20,2943,2961,6,18,3,3,CPU,7854,7856,10,7857,7865,20,10802,10810,20,-1,-1,-1,7865,7868
178,8,8,9241,20,2253,2270,4,17,2,3,CPU,9244,9246,10,9266,9272,20,11502,11511,20,-1,-1,-1,9272,9274
177,8,8,7323,20,3152,3170,1,18,3,3,CPU,7323,7325,10,7367,7373,20,10483,10493,20,-1,-1,-1,7373,7376
176,3,3,8365,20,2666,2672,3,6,11,3,I/O,8367,8369,10,8400,8401,20,11034,11037,20,-1,-1,-1,8401,8412
175,2,2,3206,20,1855,1860,7,5,10,3,I/O,3212,3214,10,3228,3230,10,5065,5066,20,-1,-1,-1,3214,3225
174,1,1,8699,10,18,21,2,3,9,2,I/O,8700,8701,10,8718,8720,10,-1,-1,-1,-1,-1,-1,8701,8711
173,8,8,1596,20,603,620,9,17,3,3,CPU,1604,1606,10,1620,1626,20,2207,2216,20,-1,-1,-1,1626,1630
172,2,2,124,10,10,13,1,3,10,2,I/O,124,126,10,136,137,10,-1,-1,-1,-1,-1,-1,126,135
171,1,1,4446,20,2698,2702,3,4,10,3,I/O,4448,4449,10,4462,4464,10,7147,7148,20,-1,-1,-1,4449,4460
170,9,9,7611,30,4324,4344,1,20,2,4,CPU,7611,7613,10,7613,7620,20,10676,10686,20,11954,11955,30,7620,7622
169,3,3,3177,20,1829,1833,5,4,8,3,I/O,3181,3183,10,3191,3192,20,5009,5010,20,-1,-1,-1,3192,3201
168,2,2,5466,20,3465,3470,2,5,10,3,I/O,5467,5469,10,5490,5492,10,8935,8936,20,-1,-1,-1,5469,5480
167,8,8,6009,30,5863,5882,1,19,3,4,CPU,6009,6011,10,6036,6042,20,9703,9713,20,11890,11891,30,6042,6045
166,12,12,531,30,115,139,5,24,3,4,CPU,535,537,10,563,573,20,643,653,20,668,670,30,573,576
165,12,12,7310,20,3130,3152,6,22,3,3,CPU,7315,7317,10,7326,7336,20,10452,10462,20,-1,-1,-1,7336,7339
164,11,11,6012,20,3690,3711,10,21,2,3,CPU,6021,6023,10,6042,6051,20,9713,9723,20,-1,-1,-1,6051,6053
163,2,2,6428,10,14,17,2,3,9,2,I/O,6429,6431,10,6444,6445,10,-1,-1,-1,-1,-1,-1,6431,6440
162,3,3,5479,20,3526,3532,5,6,12,3,I/O,5483,5485,10,5513,5514,20,9008,9011,20,-1,-1,-1,5514,5526
161,12,12,5073,20,3155,3176,3,21,3,3,CPU,5075,5077,10,5082,5092,20,8240,8249,20,-1,-1,-1,5092,5095
160,12,12,1324,30,10405,10429,1,24,2,4,CPU,1324,1326,10,1348,1358,20,1911,1921,20,11751,11753,30,1358,1360
159,3,3,4647,20,3043,3048,4,5,8,3,I/O,4650,4652,10,4673,4674,20,7693,7695,20,-1,-1,-1,4674,4684
158,2,2,2589,10,17,21,6,4,9,2,I/O,2594,2596,10,2608,2610,10,-1,-1,-1,-1,-1,-1,2596,2605
157,2,2,6156,10,16,20,1,4,9,2,I/O,6156,6158,10,6174,6176,10,-1,-1,-1,-1,-1,-1,6158,6167
156,8,8,6046,30,5829,5849,8,20,1,4,CPU,6053,6055,10,6065,6071,20,9733,9743,20,11893,11895,30,6071,6072
155,3,3,4660,20,3032,3038,5,6,11,3,I/O,4664,4666,10,4674,4675,20,7695,7698,20,-1,-1,-1,4675,4687
154,10,10,6565,20,3460,3479,4,19,1,3,CPU,6568,6570,10,6573,6581,20,10035,10044,20,-1,-1,-1,6581,6582
153,9,9,348,20,81,98,2,17,1,3,CPU,349,351,10,358,365,20,438,446,20,-1,-1,-1,365,366
152,3,3,6756,20,3355,3360,2,5,11,3,I/O,6757,6759,10,6761,6762,20,10114,10116,20,-1,-1,-1,6762,6773
151,3,3,9654,20,2030,2034,4,4,11,3,I/O,9657,9659,10,9661,9662,20,11687,11688,20,-1,-1,-1,9662,9673
150,12,12,1872,20,976,997,9,21,3,3,CPU,1880,1882,10,1885,1895,20,2860,2869,20,-1,-1,-1,1895,1898
149,11,11,4891,30,6944,6967,3,23,3,4,CPU,4893,4895,10,4915,4924,20,7953,7963,20,11856,11858,30,4924,4927
148,2,2,6948,20,3315,3320,1,5,11,3,I/O,6948,6950,10,6970,6972,10,10267,10268,20,-1,-1,-1,6950,6962
147,1,1,8262,20,2710,2714,1,4,11,3,I/O,8262,8263,10,8280,8282,10,10975,10976,20,-1,-1,-1,8263,8274
146,8,8,1109,30,10616,10635,6,19,2,4,CPU,1114,1116,10,1116,1122,20,1232,1242,20,11743,11744,30,1122,1125
145,8,8,3147,20,1728,1744,4,16,1,3,CPU,3150,3152,10,3175,3181,20,4883,4891,20,-1,-1,-1,3181,3182
144,8,8,3554,20,1979,1995,5,16,2,3,CPU,3558,3560,10,3579,3585,20,5541,5549,20,-1,-1,-1,3585,3587
143,12,12,901,20,111,132,6,21,2,3,CPU,906,908,10,926,936,20,1024,1033,20,-1,-1,-1,936,939
142,8,8,3519,20,1898,1915,3,17,2,3,CPU,3521,3523,10,3525,3531,20,5425,5434,20,-1,-1,-1,3531,3533
141,10,10,4500,20,2731,2751,4,20,2,3,CPU,4503,4505,10,4528,4536,20,7241,7251,20,-1,-1,-1,4536,4538
140,2,2,6043,10,18,22,9,4,10,2,I/O,6051,6053,10,6063,6065,10,-1,-1,-1,-1,-1,-1,6053,6063
139,1,1,9939,10,13,15,2,2,8,2,I/O,9940,9941,10,9953,9954,10,-1,-1,-1,-1,-1,-1,9941,9949
138,1,1,6806,10,17,19,1,2,10,2,I/O,6806,6807,10,6824,6825,10,-1,-1,-1,-1,-1,-1,6807,6818
137,11,11,6208,30,5671,5694,1,23,3,4,CPU,6208,6210,10,6218,6227,20,9873,9883,20,11900,11902,30,6227,6230
136,1,1,6723,10,20,22,7,2,8,2,I/O,6729,6730,10,6744,6745,10,-1,-1,-1,-1,-1,-1,6730,6738
135,10,10,5627,20,3577,3596,1,19,2,3,CPU,5627,5629,10,5629,5637,20,9214,9223,20,-1,-1,-1,5637,5639
134,1,1,3834,10,21,23,5,2,10,2,I/O,3838,3839,10,3856,3857,10,-1,-1,-1,-1,-1,-1,3839,3850
133,10,10,4353,20,2632,2651,6,19,2,3,CPU,4358,4360,10,4362,4370,20,6995,7004,20,-1,-1,-1,4370,4372
132,2,2,3881,10,15,18,1,3,11,2,I/O,3881,3883,10,3898,3899,10,-1,-1,-1,-1,-1,-1,3883,3894
131,3,3,1008,20,131,135,2,4,12,3,I/O,1009,1011,10,1011,1012,20,1142,1143,20,-1,-1,-1,1012,1024
130,3,3,7656,20,3029,3033,5,4,11,3,I/O,7660,7662,10,7665,7666,20,10688,10689,20,-1,-1,-1,7666,7677
129,10,10,8082,20,2832,2851,8,19,2,3,CPU,8089,8091,10,8091,8099,20,10924,10933,20,-1,-1,-1,8099,8101
128,11,11,3323,20,1831,1850,8,19,3,3,CPU,3330,3332,10,3332,3341,20,5165,5173,20,-1,-1,-1,3341,3344
127,3,3,2197,20,842,846,5,4,10,3,I/O,2201,2203,10,2203,2204,20,3042,3043,20,-1,-1,-1,2204,2214
126,3,3,4866,20,3073,3077,6,4,11,3,I/O,4871,4873,10,4882,4883,20,7942,7943,20,-1,-1,-1,4883,4894
125,2,2,5930,10,12,16,2,4,11,2,I/O,5931,5933,10,5944,5946,10,-1,-1,-1,-1,-1,-1,5933,5944
124,2,2,8248,10,13,17,2,4,10,2,I/O,8249,8251,10,8263,8265,10,-1,-1,-1,-1,-1,-1,8251,8262
123,12,12,1415,30,10317,10341,2,24,1,4,CPU,1416,1418,10,1431,1441,20,2022,2032,20,11754,11756,30,1441,1442
122,10,10,1626,20,801,819,1,18,3,3,CPU,1626,1628,10,1684,1692,20,2437,2445,20,-1,-1,-1,1692,1695
121,12,12,9414,30,2560,2583,1,23,2,4,CPU,9414,9416,10,9416,9426,20,11585,11595,20,11996,11997,30,9426,9428
120,8,8,5561,20,3534,3551,5,17,2,3,CPU,5565,5567,10,5579,5585,20,9103,9112,20,-1,-1,-1,5585,5587
119,9,9,2124,20,866,883,9,17,2,3,CPU,2132,2134,10,2136,2143,20,2999,3007,20,-1,-1,-1,2143,2145
118,3,3,5651,20,3666,3672,10,6,11,3,I/O,5660,5662,10,5676,5677,20,9320,9323,20,-1,-1,-1,5677,5688
117,3,3,5259,20,3332,3338,1,6,9,3,I/O,5259,5261,10,5278,5279,20,8594,8597,20,-1,-1,-1,5279,5288
116,2,2,4766,10,19,23,4,4,9,2,I/O,4769,4771,10,4787,4789,10,-1,-1,-1,-1,-1,-1,4771,4780
115,2,2,1245,10,23,26,7,3,9,2,I/O,1251,1253,10,1270,1271,10,-1,-1,-1,-1,-1,-1,1253,1262
114,11,11,4447,20,2737,2756,3,19,3,3,CPU,4449,4451,10,4476,4485,20,7195,7203,20,-1,-1,-1,4485,4489
113,1,1,894,10,26,29,7,3,12,2,I/O,900,901,10,921,923,10,-1,-1,-1,-1,-1,-1,901,913
112,2,2,834,20,149,154,4,5,8,3,I/O,837,839,10,851,853,10,987,988,20,-1,-1,-1,839,847
111,12,12,5274,30,6572,6595,1,23,2,4,CPU,5274,5276,10,5303,5313,20,8786,8796,20,11868,11869,30,5313,5316
110,8,8,7764,20,2996,3013,3,17,1,3,CPU,7766,7768,10,7770,7776,20,10768,10777,20,-1,-1,-1,7776,7777
109,3,3,1148,20,306,311,8,5,10,3,I/O,1155,1157,10,1172,1173,20,1457,1459,20,-1,-1,-1,1173,1184
108,3,3,8620,20,2547,2552,1,5,8,3,I/O,8620,8622,10,8623,8624,20,11170,11172,20,-1,-1,-1,8624,8632
107,1,1,346,10,10,12,3,2,8,2,I/O,348,349,10,357,358,10,-1,-1,-1,-1,-1,-1,349,357
106,9,9,5722,20,3650,3667,1,17,3,3,CPU,5722,5724,10,5724,5731,20,9381,9389,20,-1,-1,-1,5731,5734
105,2,2,9620,10,13,17,1,4,9,2,I/O,9620,9622,10,9635,9637,10,-1,-1,-1,-1,-1,-1,9622,9631
104,2,2,7011,10,17,20,6,3,8,2,I/O,7016,7018,10,7030,7031,10,-1,-1,-1,-1,-1,-1,7018,7026
103,8,8,2347,20,1029,1046,7,17,1,3,CPU,2353,2355,10,2356,2362,20,3384,3393,20,-1,-1,-1,2362,2363
102,3,3,2473,20,1022,1027,3,5,10,3,I/O,2475,2477,10,2488,2489,20,3498,3500,20,-1,-1,-1,2489,2500
101,1,1,3604,10,32,34,7,2,11,2,I/O,3610,3611,10,3637,3638,10,-1,-1,-1,-1,-1,-1,3611,3622
100,9,9,5569,30,6287,6308,6,21,1,4,CPU,5574,5576,10,5585,5592,20,9113,9123,20,11875,11877,30,5592,5593
99,1,1,3249,20,1852,1856,4,4,9,3,I/O,3252,3253,10,3271,3273,10,5104,5105,20,-1,-1,-1,3253,3262
98,11,11,1370,20,583,603,2,20,1,3,CPU,1371,1373,10,1387,1396,20,1964,1973,20,-1,-1,-1,1396,1397
97,1,1,1650,10,20,23,7,3,8,2,I/O,1656,1657,10,1671,1673,10,-1,-1,-1,-1,-1,-1,1657,1666
96,3,3,5681,20,3694,3699,5,5,12,3,I/O,5685,5687,10,5695,5696,20,9378,9380,20,-1,-1,-1,5696,5709
95,11,11,4705,20,3105,3125,3,20,3,3,CPU,4707,4709,10,4716,4725,20,7821,7830,20,-1,-1,-1,4725,4728
94,12,12,6570,20,3462,3483,2,21,1,3,CPU,6571,6573,10,6593,6603,20,10044,10053,20,-1,-1,-1,6603,6604
93,2,2,151,10,13,17,1,4,9,2,I/O,151,153,10,166,168,10,-1,-1,-1,-1,-1,-1,153,162
92,10,10,1544,20,628,647,2,19,2,3,CPU,1545,1547,10,1585,1593,20,2182,2191,20,-1,-1,-1,1593,1595
91,1,1,3700,20,2018,2022,6,4,12,3,I/O,3705,3706,10,3728,3730,10,5721,5722,20,-1,-1,-1,3706,3718
90,8,8,6787,20,3341,3357,9,16,2,3,CPU,6795,6797,10,6839,6845,20,10136,10144,20,-1,-1,-1,6845,6847
89,3,3,4735,20,3103,3107,4,4,9,3,I/O,4738,4740,10,4745,4746,20,7841,7842,20,-1,-1,-1,4746,4755
88,3,3,900,20,119,124,5,5,11,3,I/O,904,906,10,925,926,20,1022,1024,20,-1,-1,-1,926,938
87,2,2,2777,20,1239,1244,2,5,12,3,I/O,2778,2780,10,2801,2803,10,4020,4021,20,-1,-1,-1,2780,2793
86,8,8,6874,20,3342,3358,8,16,3,3,CPU,6881,6883,10,6920,6926,20,10224,10232,20,-1,-1,-1,6926,6929
85,1,1,7348,10,17,19,5,2,10,2,I/O,7352,7353,10,7366,7367,10,-1,-1,-1,-1,-1,-1,7353,7364
84,8,8,9842,30,2141,2161,6,20,1,4,CPU,9847,9849,10,9849,9855,20,11701,11711,20,12001,12003,30,9855,9856
83,11,11,1339,20,589,608,7,19,2,3,CPU,1345,1347,10,1360,1369,20,1939,1947,20,-1,-1,-1,1369,1371
82,3,3,244,20,35,41,7,6,12,3,I/O,250,252,10,259,260,20,282,285,20,-1,-1,-1,260,273
81,3,3,5346,20,3461,3465,6,4,12,3,I/O,5351,5353,10,5356,5357,20,8810,8811,20,-1,-1,-1,5357,5369
80,3,3,4162,20,2375,2381,4,6,12,3,I/O,4165,4167,10,4180,4181,20,6540,6543,20,-1,-1,-1,4181,4194
79,2,2,5649,10,23,27,10,4,10,2,I/O,5658,5660,10,5674,5676,10,-1,-1,-1,-1,-1,-1,5660,5670
78,2,2,8804,20,2475,2480,4,5,12,3,I/O,8807,8809,10,8823,8825,10,11283,11284,20,-1,-1,-1,8809,8821
77,10,10,5956,20,3683,3701,7,18,1,3,CPU,5962,5964,10,5981,5989,20,9649,9657,20,-1,-1,-1,5989,5990
76,2,2,2752,10,20,24,9,4,9,2,I/O,2760,2762,10,2774,2776,10,-1,-1,-1,-1,-1,-1,2762,2771
75,8,8,3096,20,1571,1589,4,18,2,3,CPU,3099,3101,10,3103,3109,20,4675,4685,20,-1,-1,-1,3109,3111
74,12,12,5491,20,3529,3549,2,20,2,3,CPU,5492,5494,10,5524,5534,20,9032,9040,20,-1,-1,-1,5534,5536
73,1,1,6974,10,17,19,5,2,12,2,I/O,6978,6979,10,6992,6993,10,-1,-1,-1,-1,-1,-1,6979,6992
72,9,9,9286,20,2247,2265,1,18,2,3,CPU,9286,9288,10,9310,9317,20,11542,11551,20,-1,-1,-1,9317,9319
71,12,12,5987,30,5880,5903,5,23,2,4,CPU,5991,5993,10,6026,6036,20,9693,9703,20,11889,11890,30,6036,6038
70,3,3,1548,20,640,645,2,5,10,3,I/O,1549,1551,10,1593,1594,20,2191,2193,20,-1,-1,-1,1594,1605
69,3,3,1440,20,609,614,4,5,8,3,I/O,1443,1445,10,1447,1448,20,2052,2054,20,-1,-1,-1,1448,1456
68,3,3,2853,20,1325,1330,3,5,11,3,I/O,2855,2857,10,2859,2860,20,4181,4183,20,-1,-1,-1,2860,2872
67,1,1,3142,10,19,22,6,3,12,2,I/O,3147,3148,10,3162,3164,10,-1,-1,-1,-1,-1,-1,3148,3160
66,3,3,5013,20,3196,3201,3,5,11,3,I/O,5015,5017,10,5032,5033,20,8212,8214,20,-1,-1,-1,5033,5044
65,1,1,8564,10,24,26,4,2,9,2,I/O,8567,8568,10,8589,8590,10,-1,-1,-1,-1,-1,-1,8568,8577
64,8,8,510,30,139,158,9,19,2,4,CPU,518,520,10,543,549,20,622,632,20,667,668,30,549,551
63,8,8,5349,20,3468,3485,5,17,1,3,CPU,5353,5355,10,5357,5363,20,8825,8834,20,-1,-1,-1,5363,5364
62,1,1,9885,20,1823,1827,10,4,8,3,I/O,9894,9895,10,9906,9908,10,11711,11712,20,-1,-1,-1,9895,9903
61,9,9,2422,20,1003,1020,5,17,2,3,CPU,2426,2428,10,2430,2437,20,3434,3442,20,-1,-1,-1,2437,2440
60,12,12,1554,20,627,647,4,20,3,3,CPU,1557,1559,10,1594,1604,20,2193,2201,20,-1,-1,-1,1604,1608
59,3,3,7473,20,3138,3142,3,4,12,3,I/O,7475,7477,10,7498,7499,20,10614,10615,20,-1,-1,-1,7499,7511
58,2,2,7647,10,15,18,2,3,10,2,I/O,7648,7650,10,7664,7665,10,-1,-1,-1,-1,-1,-1,7650,7661
57,9,9,1361,30,10373,10393,9,20,1,4,CPU,1369,1371,10,1373,1380,20,1950,1960,20,11753,11754,30,1380,1381
56,1,1,6965,10,15,17,3,2,10,2,I/O,6967,6968,10,6981,6982,10,-1,-1,-1,-1,-1,-1,6968,6979
55,8,8,5956,30,5912,5932,5,20,1,4,CPU,5960,5962,10,5966,5972,20,9639,9649,20,11886,11888,30,5972,5973
54,10,10,8947,20,2400,2419,4,19,2,3,CPU,8950,8952,10,8974,8982,20,11357,11366,20,-1,-1,-1,8982,8984
53,9,9,5598,20,3531,3549,8,18,1,3,CPU,5605,5607,10,5611,5618,20,9138,9147,20,-1,-1,-1,5618,5619
52,9,9,4862,20,3043,3060,8,17,1,3,CPU,4869,4871,10,4875,4882,20,7914,7922,20,-1,-1,-1,4882,4883
51,3,3,2782,20,1260,1265,1,5,12,3,I/O,2782,2784,10,2803,2804,20,4045,4047,20,-1,-1,-1,2804,2817
50,11,11,3444,20,1888,1907,3,19,3,3,CPU,3446,3448,10,3452,3461,20,5343,5351,20,-1,-1,-1,3461,3465
49,9,9,1700,30,10045,10066,5,21,1,4,CPU,1704,1706,10,1737,1744,20,2561,2571,20,11764,11766,30,1744,1745
48,9,9,2262,20,1008,1027,2,19,1,3,CPU,2263,2265,10,2299,2306,20,3279,3289,20,-1,-1,-1,2306,2307
47,10,10,8020,20,2850,2869,4,19,1,3,CPU,8023,8025,10,8039,8047,20,10880,10889,20,-1,-1,-1,8047,8048
46,2,2,1966,20,974,979,8,5,11,3,I/O,1973,1975,10,1988,1990,10,2944,2945,20,-1,-1,-1,1975,1987
45,10,10,8677,20,2544,2564,7,20,1,3,CPU,8683,8685,10,8732,8740,20,11231,11241,20,-1,-1,-1,8740,8741
44,8,8,3715,20,2008,2024,1,16,3,3,CPU,3715,3717,10,3717,3723,20,5731,5739,20,-1,-1,-1,3723,3726
43,3,3,8584,20,2562,2567,1,5,9,3,I/O,8584,8586,10,8593,8594,20,11149,11151,20,-1,-1,-1,8594,8603
42,9,9,6787,20,3331,3349,7,18,1,3,CPU,6793,6795,10,6825,6832,20,10127,10136,20,-1,-1,-1,6832,6833
41,2,2,1909,20,1018,1023,1,5,12,3,I/O,1909,1911,10,1927,1929,10,2931,2932,20,-1,-1,-1,1911,1924
40,1,1,8110,20,2830,2834,3,4,12,3,I/O,8112,8113,10,8134,8136,10,10943,10944,20,-1,-1,-1,8113,8126
39,1,1,6452,10,15,17,2,2,8,2,I/O,6453,6454,10,6468,6469,10,-1,-1,-1,-1,-1,-1,6454,6462
38,9,9,709,20,20,39,9,19,1,3,CPU,717,719,10,719,726,20,738,748,20,-1,-1,-1,726,727
37,3,3,5195,20,3132,3136,4,4,9,3,I/O,5198,5200,10,5204,5205,20,8330,8331,20,-1,-1,-1,5205,5215
36,1,1,5938,20,3683,3687,2,4,9,3,I/O,5939,5940,10,5964,5966,10,9624,9625,20,-1,-1,-1,5940,5951
35,12,12,3047,30,8720,8743,8,23,2,4,CPU,3054,3056,10,3056,3066,20,4572,4582,20,11789,11790,30,3066,3068
34,3,3,6682,20,3402,3407,3,5,9,3,I/O,6684,6686,10,6687,6688,20,10087,10089,20,-1,-1,-1,6688,6697
33,2,2,6855,10,12,16,4,4,9,2,I/O,6858,6860,10,6869,6871,10,-1,-1,-1,-1,-1,-1,6860,6869
32,1,1,8629,10,17,20,5,3,12,2,I/O,8633,8634,10,8647,8649,10,-1,-1,-1,-1,-1,-1,8634,8646
31,11,11,9573,20,2082,2101,3,19,1,3,CPU,9575,9577,10,9581,9590,20,11666,11674,20,-1,-1,-1,9590,9591
30,9,9,2658,30,9106,9127,2,21,2,4,CPU,2659,2661,10,2675,2682,20,3912,3922,20,11783,11785,30,2682,2684
29,3,3,8534,20,2587,2591,1,4,8,3,I/O,8534,8536,10,8540,8541,20,11124,11125,20,-1,-1,-1,8541,8549
28,9,9,6126,30,5751,5772,4,21,1,4,CPU,6129,6131,10,6145,6152,20,9789,9799,20,11896,11898,30,6152,6153
27,9,9,3695,30,8093,8113,9,20,3,4,CPU,3703,3705,10,3708,3715,20,5709,5719,20,11807,11808,30,3715,3719
26,10,10,9795,20,1888,1906,5,18,3,3,CPU,9799,9801,10,9801,9809,20,11693,11701,20,-1,-1,-1,9809,9812
25,1,1,4772,10,16,18,2,2,8,2,I/O,4773,4774,10,4789,4790,10,-1,-1,-1,-1,-1,-1,4774,4783
24,3,3,3812,20,2125,2131,1,6,10,3,I/O,3812,3814,10,3841,3842,20,5940,5943,20,-1,-1,-1,3842,3852
23,1,1,9107,20,2327,2331,6,4,9,3,I/O,9112,9113,10,9125,9127,10,11437,11438,20,-1,-1,-1,9113,9122
22,8,8,6511,30,5382,5402,2,20,1,4,CPU,6512,6514,10,6516,6522,20,10013,10023,20,11911,11913,30,6522,6523
21,2,2,4128,10,12,16,2,4,8,2,I/O,4129,4131,10,4142,4144,10,-1,-1,-1,-1,-1,-1,4131,4139
20,1,1,6624,20,3439,3443,2,4,9,3,I/O,6625,6626,10,6635,6637,10,10066,10067,20,-1,-1,-1,6626,6635
19,11,11,2605,20,1027,1047,2,20,3,3,CPU,2606,2608,10,2610,2619,20,3643,3652,20,-1,-1,-1,2619,2622
18,12,12,8372,30,3574,3597,3,23,1,4,CPU,8374,8376,10,8419,8429,20,11047,11057,20,11968,11969,30,8429,8430
17,3,3,2254,20,1016,1022,5,6,8,3,I/O,2258,2260,10,2297,2298,20,3273,3276,20,-1,-1,-1,2298,2306
16,12,12,2808,20,1238,1259,3,21,1,3,CPU,2810,2812,10,2814,2824,20,4058,4067,20,-1,-1,-1,2824,2825
15,1,1,9349,20,2222,2226,8,4,11,3,I/O,9356,9357,10,9376,9378,10,11574,11575,20,-1,-1,-1,9357,9369
14,9,9,1090,20,123,142,4,19,3,3,CPU,1093,1095,10,1097,1104,20,1222,1232,20,-1,-1,-1,1104,1107
13,3,3,3132,20,1722,1727,1,5,12,3,I/O,3132,3134,10,3165,3166,20,4857,4859,20,-1,-1,-1,3166,3179
12,11,11,6310,20,3587,3608,1,21,2,3,CPU,6310,6312,10,6312,6321,20,9908,9918,20,-1,-1,-1,6321,6323
11,2,2,8597,10,13,17,1,4,10,2,I/O,8597,8599,10,8612,8614,10,-1,-1,-1,-1,-1,-1,8599,8611
10,8,8,4687,30,7147,7166,1,19,3,4,CPU,4687,4689,10,4689,4695,20,7756,7766,20,11852,11853,30,4695,4698
9,2,2,5500,10,9,13,1,4,8,2,I/O,5500,5502,10,5511,5513,10,-1,-1,-1,-1,-1,-1,5502,5511
8,12,12,9236,30,2731,2755,7,24,3,4,CPU,9242,9244,10,9252,9262,20,11492,11502,20,11989,11991,30,9262,9265
7,9,9,7698,20,3003,3022,1,19,2,3,CPU,7698,7700,10,7704,7711,20,10710,10720,20,-1,-1,-1,7711,7713
6,11,11,6150,30,5727,5749,5,22,2,4,CPU,6154,6156,10,6183,6192,20,9827,9837,20,11898,11899,30,6192,6194
5,12,12,299,30,138,161,10,23,2,4,CPU,308,310,10,312,322,20,365,375,20,459,460,30,322,324
4,11,11,2490,20,999,1020,10,21,2,3,CPU,2499,2501,10,2504,2513,20,3500,3510,20,-1,-1,-1,2513,2515
3,12,12,8768,30,3189,3212,7,23,1,4,CPU,8774,8776,10,8776,8786,20,11273,11283,20,11979,11980,30,8786,8787
2,8,8,4110,20,2374,2392,2,18,2,3,CPU,4111,4113,10,4148,4154,20,6492,6502,20,-1,-1,-1,4154,4156
1,2,2,8704,10,15,18,8,3,8,2,I/O,8711,8713,10,8721,8722,10,-1,-1,-1,-1,-1,-1,8713,8721
0,9,9,7918,30,4025,4046,5,21,2,4,CPU,7922,7924,10,7924,7931,20,10820,10830,20,11962,11964,30,7931,7933
