id,burst time,initial burst time,arrival time,final priority,wait time,turnaround time,response time,total CPU time,total I/O time,times worked on,type,start 1,finish 1,priority 1,start 2,finish 2,priority 2,start 3,finish 3,priority 3,start 4,finish 4,priority 4,start 5,finish 5,priority 5,io start 0,io end 0
999,3,3,1027,0,21,27,7,6,8,2,I/O,1033,1036,15,1051,1054,0,-1,-1,-1,-1,-1,-1,-1,-1,-1,1036,1045
998,10,10,6672,0,77,97,64,20,3,2,CPU,6735,6745,50,6759,6769,0,-1,-1,-1,-1,-1,-1,-1,-1,-1,6745,6748
997,3,3,4988,0,23,27,5,4,12,2,I/O,4992,4995,5,5014,5015,0,-1,-1,-1,-1,-1,-1,-1,-1,-1,4995,5007
996,9,9,2732,0,109,128,69,19,1,2,CPU,2800,2809,50,2850,2860,0,-1,-1,-1,-1,-1,-1,-1,-1,-1,2809,2810
995,1,1,3229,0,15,17,8,2,8,2,I/O,3236,3237,5,3245,3246,0,-1,-1,-1,-1,-1,-1,-1,-1,-1,3237,3245
994,3,3,384,0,16,20,5,4,11,2,I/O,388,391,5,403,404,0,-1,-1,-1,-1,-1,-1,-1,-1,-1,391,403
993,10,10,9193,0,2393,2415,47,22,3,3,CPU,9239,9249,60,11596,11601,35,11601,11608,0,-1,-1,-1,-1,-1,-1,9249,9252
992,2,2,3334,0,25,29,10,4,9,2,I/O,3343,3345,10,3361,3363,0,-1,-1,-1,-1,-1,-1,-1,-1,-1,3345,3354
991,11,11,7028,0,383,405,359,22,3,4,CPU,7386,7396,5,7396,7397,55,7422,7432,5,7432,7433,0,-1,-1,-1,7397,7400
990,2,2,5817,0,11,15,1,4,9,2,I/O,5817,5819,10,5830,5832,0,-1,-1,-1,-1,-1,-1,-1,-1,-1,5819,5829
989,3,3,8294,0,13,19,3,6,11,2,I/O,8296,8299,15,8310,8313,0,-1,-1,-1,-1,-1,-1,-1,-1,-1,8299,8310
988,2,2,9490,0,23,27,2,4,11,2,I/O,9491,9493,10,9515,9517,0,-1,-1,-1,-1,-1,-1,-1,-1,-1,9493,9505
987,9,9,627,0,20,39,19,19,2,2,CPU,645,654,50,656,666,0,-1,-1,-1,-1,-1,-1,-1,-1,-1,654,656
986,2,2,4891,0,25,30,6,5,11,2,I/O,4896,4898,15,4918,4921,0,-1,-1,-1,-1,-1,-1,-1,-1,-1,4898,4909
985,2,2,6501,0,20,25,9,5,10,2,I/O,6509,6511,15,6523,6526,0,-1,-1,-1,-1,-1,-1,-1,-1,-1,6511,6522
984,12,12,5334,0,4903,4927,4892,24,2,4,CPU,10225,10230,35,10230,10237,60,10249,10254,35,10254,10261,0,-1,-1,-1,10237,10239
983,12,12,1750,0,824,846,802,22,3,3,CPU,2551,2556,35,2556,2563,50,2586,2596,0,-1,-1,-1,-1,-1,-1,2563,2566
982,1,1,6501,0,19,22,4,3,11,2,I/O,6504,6505,10,6521,6523,0,-1,-1,-1,-1,-1,-1,-1,-1,-1,6505,6516
981,10,10,1444,0,817,839,5,22,1,3,CPU,1448,1458,60,2271,2276,35,2276,2283,0,-1,-1,-1,-1,-1,-1,1458,1459
980,12,12,6158,0,4367,4387,4356,20,3,3,CPU,10513,10518,35,10518,10525,40,10537,10545,0,-1,-1,-1,-1,-1,-1,10525,10528
979,1,1,9047,0,16,20,6,4,10,2,I/O,9052,9053,15,9064,9067,0,-1,-1,-1,-1,-1,-1,-1,-1,-1,9053,9063
978,12,12,6395,0,4223,4246,4215,23,2,4,CPU,10609,10614,35,10614,10621,55,10630,10640,5,10640,10641,0,-1,-1,-1,10621,10623
977,1,1,3515,0,28,30,9,2,11,2,I/O,3523,3524,5,3544,3545,0,-1,-1,-1,-1,-1,-1,-1,-1,-1,3524,3535
976,8,8,4109,0,12,30,1,18,2,2,CPU,4109,4117,50,4129,4139,0,-1,-1,-1,-1,-1,-1,-1,-1,-1,4117,4119
975,10,10,4037,0,24,43,22,19,1,2,CPU,4058,4068,45,4071,4080,0,-1,-1,-1,-1,-1,-1,-1,-1,-1,4068,4069
974,10,10,7121,0,3711,3733,25,22,1,3,CPU,7145,7155,60,10842,10847,35,10847,10854,0,-1,-1,-1,-1,-1,-1,7155,7156
973,3,3,8983,0,18,24,3,6,11,2,I/O,8985,8988,15,9004,9007,0,-1,-1,-1,-1,-1,-1,-1,-1,-1,8988,8999
972,8,8,7262,0,36,53,8,17,2,2,CPU,7269,7277,45,7306,7315,0,-1,-1,-1,-1,-1,-1,-1,-1,-1,7277,7279
971,2,2,4131,0,21,26,10,5,11,2,I/O,4140,4142,15,4154,4157,0,-1,-1,-1,-1,-1,-1,-1,-1,-1,4142,4154
970,3,3,8431,0,15,19,4,4,8,2,I/O,8434,8437,5,8449,8450,0,-1,-1,-1,-1,-1,-1,-1,-1,-1,8437,8445
969,10,10,7938,0,21,42,17,21,1,3,CPU,7954,7964,55,7969,7979,5,7979,7980,0,-1,-1,-1,-1,-1,-1,7964,7965
968,2,2,9278,0,9,14,1,5,8,2,I/O,9278,9280,15,9289,9292,0,-1,-1,-1,-1,-1,-1,-1,-1,-1,9280,9289
967,10,10,3065,0,34,52,22,18,1,2,CPU,3086,3096,40,3109,3117,0,-1,-1,-1,-1,-1,-1,-1,-1,-1,3096,3097
966,9,9,9196,0,14,32,11,18,3,2,CPU,9206,9215,45,9219,9228,0,-1,-1,-1,-1,-1,-1,-1,-1,-1,9215,9219
965,8,8,1,0,2,18,1,16,2,4,CPU,1,6,15,6,9,40,11,16,15,16,19,0,-1,-1,-1,9,10
964,11,11,7592,0,123,144,118,21,1,3,CPU,7709,7719,5,7719,7720,50,7726,7736,0,-1,-1,-1,-1,-1,-1,7720,7721
963,3,3,4009,0,23,29,6,6,12,2,I/O,4014,4017,15,4035,4038,0,-1,-1,-1,-1,-1,-1,-1,-1,-1,4017,4029
962,3,3,5295,0,21,27,10,6,12,2,I/O,5304,5307,15,5319,5322,0,-1,-1,-1,-1,-1,-1,-1,-1,-1,5307,5319
961,2,2,3139,0,17,20,3,3,8,2,I/O,3141,3143,5,3158,3159,0,-1,-1,-1,-1,-1,-1,-1,-1,-1,3143,3151
960,3,3,7845,0,23,29,7,6,12,2,I/O,7851,7854,15,7871,7874,0,-1,-1,-1,-1,-1,-1,-1,-1,-1,7854,7866
959,1,1,5750,0,17,19,7,2,10,2,I/O,5756,5757,5,5768,5769,0,-1,-1,-1,-1,-1,-1,-1,-1,-1,5757,5767
958,9,9,9811,0,6,23,2,17,3,2,CPU,9812,9821,40,9826,9834,0,-1,-1,-1,-1,-1,-1,-1,-1,-1,9821,9825
957,12,12,7485,0,3534,3555,3525,21,3,3,CPU,11009,11014,35,11014,11021,45,11031,11040,0,-1,-1,-1,-1,-1,-1,11021,11024
956,2,2,5533,0,14,17,4,3,10,2,I/O,5536,5538,5,5549,5550,0,-1,-1,-1,-1,-1,-1,-1,-1,-1,5538,5549
955,12,12,4159,0,4287,4309,4269,22,3,3,CPU,8427,8432,35,8437,8444,50,8458,8468,0,-1,-1,-1,-1,-1,-1,8444,8448
954,11,11,9411,0,203,222,201,19,2,3,CPU,9611,9621,5,9621,9622,40,9625,9633,0,-1,-1,-1,-1,-1,-1,9622,9624
953,11,11,8391,0,17,36,15,19,3,3,CPU,8405,8415,5,8415,8416,40,8419,8427,0,-1,-1,-1,-1,-1,-1,8416,8419
952,12,12,908,0,1129,1152,1111,23,3,4,CPU,2018,2023,35,2026,2033,55,2049,2059,5,2059,2060,0,-1,-1,-1,2033,2036
951,2,2,9446,0,29,33,10,4,12,2,I/O,9455,9457,10,9477,9479,0,-1,-1,-1,-1,-1,-1,-1,-1,-1,9457,9470
950,11,11,9718,0,275,296,262,21,2,3,CPU,9979,9989,5,9989,9990,50,10004,10014,0,-1,-1,-1,-1,-1,-1,9990,9992
949,9,9,2305,0,932,953,21,21,1,3,CPU,2325,2334,60,3246,3251,35,3251,3258,0,-1,-1,-1,-1,-1,-1,2334,2335
948,12,12,8886,0,2618,2641,2610,23,3,4,CPU,11495,11500,35,11500,11507,55,11516,11526,5,11526,11527,0,-1,-1,-1,11507,11510
947,8,8,2395,0,74,92,40,18,3,2,CPU,2434,2442,50,2477,2487,0,-1,-1,-1,-1,-1,-1,-1,-1,-1,2442,2445
946,10,10,6293,0,12,31,9,19,1,2,CPU,6301,6311,45,6315,6324,0,-1,-1,-1,-1,-1,-1,-1,-1,-1,6311,6312
945,1,1,1036,0,10,13,1,3,9,2,I/O,1036,1037,10,1047,1049,0,-1,-1,-1,-1,-1,-1,-1,-1,-1,1037,1047
944,8,8,6778,0,13,29,1,16,1,2,CPU,6778,6786,40,6799,6807,0,-1,-1,-1,-1,-1,-1,-1,-1,-1,6786,6788
943,2,2,1931,0,20,25,7,5,12,2,I/O,1937,1939,15,1953,1956,0,-1,-1,-1,-1,-1,-1,-1,-1,-1,1939,1952
942,10,10,9448,0,46,66,10,20,1,2,CPU,9457,9467,50,9504,9514,0,-1,-1,-1,-1,-1,-1,-1,-1,-1,9467,9468
941,12,12,139,0,763,784,753,21,3,3,CPU,891,896,35,899,906,45,914,923,0,-1,-1,-1,-1,-1,-1,906,909
940,11,11,8153,0,149,171,147,22,2,4,CPU,8299,8309,5,8309,8310,55,8313,8323,5,8323,8324,0,-1,-1,-1,8310,8312
939,1,1,1338,0,15,17,4,2,10,2,I/O,1341,1342,5,1354,1355,0,-1,-1,-1,-1,-1,-1,-1,-1,-1,1342,1352
938,11,11,7995,0,148,169,138,21,2,3,CPU,8132,8142,5,8142,8143,50,8154,8164,0,-1,-1,-1,-1,-1,-1,8143,8145
937,1,1,8943,0,10,13,1,3,9,2,I/O,8943,8944,10,8954,8956,0,-1,-1,-1,-1,-1,-1,-1,-1,-1,8944,8954
936,10,10,6678,0,4005,4027,136,22,1,3,CPU,6813,6823,60,10693,10698,35,10698,10705,0,-1,-1,-1,-1,-1,-1,6823,6824
935,1,1,7120,0,11,13,3,2,8,2,I/O,7122,7123,5,7132,7133,0,-1,-1,-1,-1,-1,-1,-1,-1,-1,7123,7132
934,1,1,3465,0,14,16,3,2,10,2,I/O,3467,3468,5,3480,3481,0,-1,-1,-1,-1,-1,-1,-1,-1,-1,3468,3478
933,11,11,5056,0,5089,5112,112,23,1,4,CPU,5167,5177,5,5177,5178,60,10156,10161,35,10161,10168,0,-1,-1,-1,5178,5179
932,11,11,3529,0,30,52,17,22,2,4,CPU,3545,3555,5,3555,3556,55,3570,3580,5,3580,3581,0,-1,-1,-1,3556,3558
931,9,9,6607,0,18,36,16,18,3,2,CPU,6622,6631,45,6634,6643,0,-1,-1,-1,-1,-1,-1,-1,-1,-1,6631,6634
930,11,11,7827,0,98,117,88,19,1,3,CPU,7914,7924,5,7924,7925,40,7936,7944,0,-1,-1,-1,-1,-1,-1,7925,7926
929,9,9,4886,0,29,47,23,18,2,2,CPU,4908,4917,45,4924,4933,0,-1,-1,-1,-1,-1,-1,-1,-1,-1,4917,4919
928,8,8,1845,0,12,29,3,17,3,2,CPU,1847,1855,45,1865,1874,0,-1,-1,-1,-1,-1,-1,-1,-1,-1,1855,1859
927,2,2,4396,0,14,17,2,3,11,2,I/O,4397,4399,5,4412,4413,0,-1,-1,-1,-1,-1,-1,-1,-1,-1,4399,4411
926,3,3,8794,0,20,26,3,6,10,2,I/O,8796,8799,15,8817,8820,0,-1,-1,-1,-1,-1,-1,-1,-1,-1,8799,8809
925,8,8,5701,0,28,45,16,17,2,2,CPU,5716,5724,45,5737,5746,0,-1,-1,-1,-1,-1,-1,-1,-1,-1,5724,5727
924,10,10,9033,0,45,66,21,21,3,3,CPU,9053,9063,55,9088,9098,5,9098,9099,0,-1,-1,-1,-1,-1,-1,9063,9066
923,3,3,4067,0,12,18,2,6,10,2,I/O,4068,4071,15,4082,4085,0,-1,-1,-1,-1,-1,-1,-1,-1,-1,4071,4081
922,9,9,5913,0,23,41,20,18,1,2,CPU,5932,5941,45,5945,5954,0,-1,-1,-1,-1,-1,-1,-1,-1,-1,5941,5942
921,9,9,2722,0,53,70,52,17,2,2,CPU,2773,2782,40,2784,2792,0,-1,-1,-1,-1,-1,-1,-1,-1,-1,2782,2784
920,12,12,5449,0,4832,4854,4825,22,3,3,CPU,10273,10278,35,10278,10285,50,10293,10303,0,-1,-1,-1,-1,-1,-1,10285,10288
919,2,2,4946,0,23,28,5,5,12,2,I/O,4950,4952,15,4971,4974,0,-1,-1,-1,-1,-1,-1,-1,-1,-1,4952,4964
918,8,8,9890,0,1915,1935,3,20,3,3,CPU,9892,9900,60,11813,11818,35,11818,11825,0,-1,-1,-1,-1,-1,-1,9900,9903
917,1,1,2492,0,22,24,9,2,9,2,I/O,2500,2501,5,2515,2516,0,-1,-1,-1,-1,-1,-1,-1,-1,-1,2501,2511
916,1,1,7720,0,15,17,1,2,11,2,I/O,7720,7721,5,7736,7737,0,-1,-1,-1,-1,-1,-1,-1,-1,-1,7721,7732
915,10,10,7265,0,3630,3652,62,22,3,3,CPU,7326,7336,60,10905,10910,35,10910,10917,0,-1,-1,-1,-1,-1,-1,7336,7340
914,2,2,7077,0,23,26,6,3,11,2,I/O,7082,7084,5,7102,7103,0,-1,-1,-1,-1,-1,-1,-1,-1,-1,7084,7095
913,3,3,1770,0,22,27,13,5,9,2,I/O,1782,1785,10,1795,1797,0,-1,-1,-1,-1,-1,-1,-1,-1,-1,1785,1795
912,1,1,9811,0,13,15,1,2,12,2,I/O,9811,9812,5,9825,9826,0,-1,-1,-1,-1,-1,-1,-1,-1,-1,9812,9824
911,10,10,9909,0,50,69,41,19,3,2,CPU,9949,9959,45,9969,9978,0,-1,-1,-1,-1,-1,-1,-1,-1,-1,9959,9962
910,3,3,2437,0,22,26,7,4,12,2,I/O,2443,2446,5,2462,2463,0,-1,-1,-1,-1,-1,-1,-1,-1,-1,2446,2458
909,10,10,4995,0,97,117,78,20,3,2,CPU,5072,5082,50,5102,5112,0,-1,-1,-1,-1,-1,-1,-1,-1,-1,5082,5085
908,1,1,2413,0,18,21,4,3,8,2,I/O,2416,2417,10,2432,2434,0,-1,-1,-1,-1,-1,-1,-1,-1,-1,2417,2425
907,10,10,3371,0,23,43,12,20,2,2,CPU,3382,3392,50,3404,3414,0,-1,-1,-1,-1,-1,-1,-1,-1,-1,3392,3394
906,2,2,7135,0,18,22,9,4,8,2,I/O,7143,7145,10,7155,7157,0,-1,-1,-1,-1,-1,-1,-1,-1,-1,7145,7154
905,12,12,7221,0,3653,3673,3642,20,3,3,CPU,10862,10867,35,10867,10874,40,10886,10894,0,-1,-1,-1,-1,-1,-1,10874,10877
904,1,1,2386,0,18,22,8,4,10,2,I/O,2393,2394,15,2405,2408,0,-1,-1,-1,-1,-1,-1,-1,-1,-1,2394,2405
903,1,1,2674,0,18,21,1,3,10,2,I/O,2674,2675,10,2693,2695,0,-1,-1,-1,-1,-1,-1,-1,-1,-1,2675,2686
902,10,10,4669,0,4328,4350,32,22,2,3,CPU,4700,4710,60,9007,9012,35,9012,9019,0,-1,-1,-1,-1,-1,-1,4710,4712
901,2,2,7045,0,17,20,7,3,10,2,I/O,7051,7053,5,7064,7065,0,-1,-1,-1,-1,-1,-1,-1,-1,-1,7053,7064
900,11,11,8549,0,19,39,15,20,2,3,CPU,8563,8573,5,8573,8574,45,8579,8588,0,-1,-1,-1,-1,-1,-1,8574,8576
899,8,8,7051,0,6,22,3,16,3,2,CPU,7053,7061,40,7065,7073,0,-1,-1,-1,-1,-1,-1,-1,-1,-1,7061,7065
898,3,3,4201,0,22,26,12,4,9,2,I/O,4212,4215,5,4226,4227,0,-1,-1,-1,-1,-1,-1,-1,-1,-1,4215,4225
897,1,1,4518,0,28,32,8,4,11,2,I/O,4525,4526,15,4547,4550,0,-1,-1,-1,-1,-1,-1,-1,-1,-1,4526,4538
896,2,2,1734,0,15,18,8,3,8,2,I/O,1741,1743,5,1751,1752,0,-1,-1,-1,-1,-1,-1,-1,-1,-1,1743,1751
895,12,12,5506,0,4821,4841,4810,20,3,3,CPU,10315,10320,35,10320,10327,40,10339,10347,0,-1,-1,-1,-1,-1,-1,10327,10330
894,2,2,5999,0,15,20,5,5,11,2,I/O,6003,6005,15,6016,6019,0,-1,-1,-1,-1,-1,-1,-1,-1,-1,6005,6016
893,9,9,7901,0,3219,3240,5,21,3,3,CPU,7905,7914,60,11129,11134,35,11134,11141,0,-1,-1,-1,-1,-1,-1,7914,7917
892,8,8,3889,0,2283,2303,25,20,1,3,CPU,3913,3921,60,6180,6185,35,6185,6192,0,-1,-1,-1,-1,-1,-1,3921,3922
891,10,10,1391,0,25,45,12,20,3,2,CPU,1402,1412,50,1426,1436,0,-1,-1,-1,-1,-1,-1,-1,-1,-1,1412,1415
890,10,10,2720,0,102,120,102,18,1,2,CPU,2821,2831,40,2832,2840,0,-1,-1,-1,-1,-1,-1,-1,-1,-1,2831,2832
889,11,11,8092,0,3152,3175,52,23,3,4,CPU,8143,8153,5,8153,8154,60,11255,11260,35,11260,11267,0,-1,-1,-1,8154,8157
888,1,1,8750,0,20,22,6,2,10,2,I/O,8755,8756,5,8771,8772,0,-1,-1,-1,-1,-1,-1,-1,-1,-1,8756,8768
887,9,9,4876,0,13,31,10,18,1,2,CPU,4885,4894,45,4898,4907,0,-1,-1,-1,-1,-1,-1,-1,-1,-1,4894,4895
886,2,2,8204,0,12,17,3,5,10,2,I/O,8206,8208,15,8218,8221,0,-1,-1,-1,-1,-1,-1,-1,-1,-1,8208,8218
885,8,8,477,0,10,26,1,16,1,2,CPU,477,485,40,495,503,0,-1,-1,-1,-1,-1,-1,-1,-1,-1,485,486
884,3,3,8360,0,19,23,8,4,12,2,I/O,8367,8370,5,8382,8383,0,-1,-1,-1,-1,-1,-1,-1,-1,-1,8370,8382
883,12,12,2140,0,998,1018,980,20,3,3,CPU,3119,3124,35,3129,3136,40,3150,3158,0,-1,-1,-1,-1,-1,-1,3136,3139
882,3,3,199,0,23,29,6,6,11,2,I/O,204,207,15,225,228,0,-1,-1,-1,-1,-1,-1,-1,-1,-1,207,218
881,11,11,9828,0,206,226,196,20,3,3,CPU,10023,10033,5,10033,10034,45,10045,10054,0,-1,-1,-1,-1,-1,-1,10034,10037
880,12,12,8690,0,2769,2793,2762,24,3,4,CPU,11451,11456,35,11456,11463,60,11471,11476,35,11476,11483,0,-1,-1,-1,11463,11466
879,2,2,3986,0,21,25,9,4,9,2,I/O,3994,3996,10,4009,4011,0,-1,-1,-1,-1,-1,-1,-1,-1,-1,3996,4006
878,2,2,3203,0,16,20,6,4,10,2,I/O,3208,3210,10,3221,3223,0,-1,-1,-1,-1,-1,-1,-1,-1,-1,3210,3220
877,12,12,506,0,940,962,931,22,2,3,CPU,1436,1441,35,1441,1448,50,1458,1468,0,-1,-1,-1,-1,-1,-1,1448,1450
876,10,10,5864,0,23,42,7,19,2,2,CPU,5870,5880,45,5897,5906,0,-1,-1,-1,-1,-1,-1,-1,-1,-1,5880,5882
875,8,8,2515,0,17,33,4,16,3,2,CPU,2518,2526,40,2540,2548,0,-1,-1,-1,-1,-1,-1,-1,-1,-1,2526,2529
874,1,1,4162,0,17,19,4,2,12,2,I/O,4165,4166,5,4180,4181,0,-1,-1,-1,-1,-1,-1,-1,-1,-1,4166,4179
873,12,12,3668,0,2311,2335,2289,24,3,4,CPU,5956,5961,35,5961,5968,60,5991,5996,35,5996,6003,0,-1,-1,-1,5968,5971
872,10,10,417,0,256,277,90,21,1,3,CPU,506,516,55,683,693,5,693,694,0,-1,-1,-1,-1,-1,-1,516,517
871,11,11,2280,0,20,39,7,19,3,3,CPU,2286,2296,5,2296,2297,40,2311,2319,0,-1,-1,-1,-1,-1,-1,2297,2300
870,8,8,5220,0,11,28,10,17,1,2,CPU,5229,5237,45,5239,5248,0,-1,-1,-1,-1,-1,-1,-1,-1,-1,5237,5238
869,3,3,2123,0,21,26,10,5,12,2,I/O,2132,2135,10,2147,2149,0,-1,-1,-1,-1,-1,-1,-1,-1,-1,2135,2147
868,12,12,7428,0,3581,3603,3570,22,3,3,CPU,10997,11002,35,11002,11009,50,11021,11031,0,-1,-1,-1,-1,-1,-1,11009,11012
867,1,1,8070,0,20,24,4,4,10,2,I/O,8073,8074,15,8091,8094,0,-1,-1,-1,-1,-1,-1,-1,-1,-1,8074,8085
866,2,2,5271,0,14,19,1,5,11,2,I/O,5271,5273,15,5287,5290,0,-1,-1,-1,-1,-1,-1,-1,-1,-1,5273,5284
865,2,2,9575,0,21,24,7,3,12,2,I/O,9581,9583,5,9598,9599,0,-1,-1,-1,-1,-1,-1,-1,-1,-1,9583,9595
864,2,2,9495,0,20,25,7,5,9,2,I/O,9501,9503,15,9517,9520,0,-1,-1,-1,-1,-1,-1,-1,-1,-1,9503,9513
863,2,2,5032,0,23,28,6,5,12,2,I/O,5037,5039,15,5057,5060,0,-1,-1,-1,-1,-1,-1,-1,-1,-1,5039,5052
862,8,8,289,0,79,97,4,18,2,2,CPU,292,300,50,376,386,0,-1,-1,-1,-1,-1,-1,-1,-1,-1,300,302
861,10,10,3978,0,196,217,61,21,1,3,CPU,4038,4048,55,4184,4194,5,4194,4195,0,-1,-1,-1,-1,-1,-1,4048,4049
860,3,3,4077,0,26,32,9,6,8,2,I/O,4085,4088,15,4106,4109,0,-1,-1,-1,-1,-1,-1,-1,-1,-1,4088,4097
859,3,3,9350,0,12,17,4,5,9,2,I/O,9353,9356,10,9365,9367,0,-1,-1,-1,-1,-1,-1,-1,-1,-1,9356,9365
858,10,10,4994,0,5128,5150,2,22,3,3,CPU,4995,5005,60,10132,10137,35,10137,10144,0,-1,-1,-1,-1,-1,-1,5005,5009
857,3,3,7381,0,13,17,3,4,10,2,I/O,7383,7386,5,7397,7398,0,-1,-1,-1,-1,-1,-1,-1,-1,-1,7386,7396
856,3,3,1941,0,29,35,16,6,12,2,I/O,1956,1959,15,1973,1976,0,-1,-1,-1,-1,-1,-1,-1,-1,-1,1959,1972
855,3,3,4966,0,20,24,9,4,10,2,I/O,4974,4977,5,4989,4990,0,-1,-1,-1,-1,-1,-1,-1,-1,-1,4977,4988
854,12,12,451,0,735,757,727,22,1,3,CPU,1177,1182,35,1182,1189,50,1198,1208,0,-1,-1,-1,-1,-1,-1,1189,1190
853,11,11,8633,0,51,71,44,20,2,3,CPU,8676,8686,5,8686,8687,45,8695,8704,0,-1,-1,-1,-1,-1,-1,8687,8689
852,3,3,8658,0,14,18,2,4,11,2,I/O,8659,8662,5,8675,8676,0,-1,-1,-1,-1,-1,-1,-1,-1,-1,8662,8673
851,1,1,5516,0,17,19,7,2,10,2,I/O,5522,5523,5,5534,5535,0,-1,-1,-1,-1,-1,-1,-1,-1,-1,5523,5533
850,1,1,9423,0,18,20,6,2,12,2,I/O,9428,9429,5,9442,9443,0,-1,-1,-1,-1,-1,-1,-1,-1,-1,9429,9442
849,10,10,185,0,20,40,10,20,2,2,CPU,194,204,50,215,225,0,-1,-1,-1,-1,-1,-1,-1,-1,-1,204,206
848,3,3,6484,0,18,23,8,5,10,2,I/O,6491,6494,10,6505,6507,0,-1,-1,-1,-1,-1,-1,-1,-1,-1,6494,6505
847,9,9,3656,0,12,29,2,17,1,2,CPU,3657,3666,40,3677,3685,0,-1,-1,-1,-1,-1,-1,-1,-1,-1,3666,3667
846,3,3,7436,0,17,22,9,5,9,2,I/O,7444,7447,10,7456,7458,0,-1,-1,-1,-1,-1,-1,-1,-1,-1,7447,7456
845,12,12,5373,0,4900,4920,4889,20,2,3,CPU,10261,10266,35,10266,10273,40,10285,10293,0,-1,-1,-1,-1,-1,-1,10273,10275
844,3,3,975,0,23,29,11,6,12,2,I/O,985,988,15,1001,1004,0,-1,-1,-1,-1,-1,-1,-1,-1,-1,988,1000
843,1,1,7258,0,19,23,3,4,9,2,I/O,7260,7261,15,7278,7281,0,-1,-1,-1,-1,-1,-1,-1,-1,-1,7261,7270
842,11,11,826,0,13,34,2,21,1,3,CPU,827,837,5,837,838,50,850,860,0,-1,-1,-1,-1,-1,-1,838,839
841,11,11,7875,0,59,79,51,20,3,3,CPU,7925,7935,5,7935,7936,45,7945,7954,0,-1,-1,-1,-1,-1,-1,7936,7939
840,9,9,8627,0,28,48,1,20,3,3,CPU,8627,8636,55,8664,8674,5,8674,8675,0,-1,-1,-1,-1,-1,-1,8636,8640
839,8,8,7334,0,19,37,7,18,1,2,CPU,7340,7348,50,7361,7371,0,-1,-1,-1,-1,-1,-1,-1,-1,-1,7348,7350
838,12,12,9649,0,2116,2140,2106,24,1,4,CPU,11754,11759,35,11759,11766,60,11777,11782,35,11782,11789,0,-1,-1,-1,11766,11767
837,9,9,3715,0,15,35,3,20,1,3,CPU,3717,3726,55,3739,3749,5,3749,3750,0,-1,-1,-1,-1,-1,-1,3726,3727
836,10,10,1203,0,980,1002,14,22,3,3,CPU,1216,1226,60,2193,2198,35,2198,2205,0,-1,-1,-1,-1,-1,-1,1226,1229
835,2,2,3562,0,20,25,7,5,11,2,I/O,3568,3570,15,3584,3587,0,-1,-1,-1,-1,-1,-1,-1,-1,-1,3570,3582
834,2,2,3632,0,19,23,5,4,9,2,I/O,3636,3638,10,3653,3655,0,-1,-1,-1,-1,-1,-1,-1,-1,-1,3638,3648
833,12,12,9336,0,2306,2327,2297,21,3,3,CPU,11632,11637,35,11637,11644,45,11654,11663,0,-1,-1,-1,-1,-1,-1,11644,11647
832,12,12,3619,0,2292,2313,2290,21,2,3,CPU,5908,5913,35,5913,5920,45,5923,5932,0,-1,-1,-1,-1,-1,-1,5920,5922
831,1,1,2199,0,18,20,7,2,10,2,I/O,2205,2206,5,2218,2219,0,-1,-1,-1,-1,-1,-1,-1,-1,-1,2206,2216
830,3,3,8492,0,13,19,5,6,8,2,I/O,8496,8499,15,8508,8511,0,-1,-1,-1,-1,-1,-1,-1,-1,-1,8499,8507
829,1,1,9700,0,19,21,1,2,10,2,I/O,9700,9701,5,9720,9721,0,-1,-1,-1,-1,-1,-1,-1,-1,-1,9701,9711
828,1,1,6920,0,23,27,9,4,12,2,I/O,6928,6929,15,6944,6947,0,-1,-1,-1,-1,-1,-1,-1,-1,-1,6929,6942
827,11,11,6877,0,364,383,362,19,3,3,CPU,7238,7248,5,7248,7249,40,7252,7260,0,-1,-1,-1,-1,-1,-1,7249,7252
826,12,12,8524,0,2881,2904,2870,23,2,4,CPU,11393,11398,35,11398,11405,55,11417,11427,5,11427,11428,0,-1,-1,-1,11405,11407
825,11,11,7483,0,182,202,173,20,1,3,CPU,7655,7665,5,7665,7666,45,7676,7685,0,-1,-1,-1,-1,-1,-1,7666,7667
824,8,8,9552,0,239,258,1,19,1,3,CPU,9552,9560,55,9799,9809,5,9809,9810,0,-1,-1,-1,-1,-1,-1,9560,9561
823,8,8,5518,0,72,91,9,19,3,3,CPU,5526,5534,55,5598,5608,5,5608,5609,0,-1,-1,-1,-1,-1,-1,5534,5537
822,2,2,9214,0,12,17,2,5,8,2,I/O,9215,9217,15,9228,9231,0,-1,-1,-1,-1,-1,-1,-1,-1,-1,9217,9226
821,9,9,3607,0,2230,2251,21,21,3,3,CPU,3627,3636,60,5846,5851,35,5851,5858,0,-1,-1,-1,-1,-1,-1,3636,3639
820,3,3,5320,0,31,36,12,5,11,2,I/O,5331,5334,10,5354,5356,0,-1,-1,-1,-1,-1,-1,-1,-1,-1,5334,5346
819,1,1,9108,0,15,19,5,4,8,2,I/O,9112,9113,15,9124,9127,0,-1,-1,-1,-1,-1,-1,-1,-1,-1,9113,9122
818,2,2,9249,0,19,22,1,3,10,2,I/O,9249,9251,5,9270,9271,0,-1,-1,-1,-1,-1,-1,-1,-1,-1,9251,9262
817,10,10,1242,0,23,41,16,18,3,2,CPU,1257,1267,40,1275,1283,0,-1,-1,-1,-1,-1,-1,-1,-1,-1,1267,1270
816,8,8,83,0,73,91,2,18,3,2,CPU,84,92,50,164,174,0,-1,-1,-1,-1,-1,-1,-1,-1,-1,92,95
815,11,11,2888,0,52,74,43,22,3,4,CPU,2930,2940,5,2940,2941,55,2951,2961,5,2961,2962,0,-1,-1,-1,2941,2944
814,1,1,3976,0,19,21,8,2,10,2,I/O,3983,3984,5,3996,3997,0,-1,-1,-1,-1,-1,-1,-1,-1,-1,3984,3995
813,12,12,4498,0,4473,4497,4449,24,2,4,CPU,8946,8951,35,8957,8964,60,8979,8984,35,8988,8995,0,-1,-1,-1,8964,8966
812,1,1,9201,0,15,18,5,3,10,2,I/O,9205,9206,10,9217,9219,0,-1,-1,-1,-1,-1,-1,-1,-1,-1,9206,9216
811,10,10,4425,0,4437,4459,18,22,1,3,CPU,4442,4452,60,8872,8877,35,8877,8884,0,-1,-1,-1,-1,-1,-1,4452,4453
810,8,8,3748,0,14,33,3,19,2,3,CPU,3750,3758,55,3770,3780,5,3780,3781,0,-1,-1,-1,-1,-1,-1,3758,3760
809,10,10,9281,0,32,50,21,18,1,2,CPU,9301,9311,40,9323,9331,0,-1,-1,-1,-1,-1,-1,-1,-1,-1,9311,9312
808,3,3,3058,0,14,18,5,4,9,2,I/O,3062,3065,5,3075,3076,0,-1,-1,-1,-1,-1,-1,-1,-1,-1,3065,3074
807,3,3,8879,0,17,21,6,4,10,2,I/O,8884,8887,5,8899,8900,0,-1,-1,-1,-1,-1,-1,-1,-1,-1,8887,8897
806,9,9,3416,0,13,33,11,20,1,3,CPU,3426,3435,55,3438,3448,5,3448,3449,0,-1,-1,-1,-1,-1,-1,3435,3436
805,2,2,9146,0,19,23,7,4,9,2,I/O,9152,9154,10,9167,9169,0,-1,-1,-1,-1,-1,-1,-1,-1,-1,9154,9163
804,9,9,297,0,13,30,4,17,3,2,CPU,300,309,40,319,327,0,-1,-1,-1,-1,-1,-1,-1,-1,-1,309,312
803,2,2,8767,0,25,29,6,4,12,2,I/O,8772,8774,10,8794,8796,0,-1,-1,-1,-1,-1,-1,-1,-1,-1,8774,8786
802,3,3,7245,0,15,21,5,6,9,2,I/O,7249,7252,15,7263,7266,0,-1,-1,-1,-1,-1,-1,-1,-1,-1,7252,7261
801,10,10,5795,0,16,35,13,19,3,2,CPU,5807,5817,45,5821,5830,0,-1,-1,-1,-1,-1,-1,-1,-1,-1,5817,5821
800,2,2,1081,0,14,18,2,4,9,2,I/O,1082,1084,10,1097,1099,0,-1,-1,-1,-1,-1,-1,-1,-1,-1,1084,1093
799,2,2,3714,0,10,14,2,4,9,2,I/O,3715,3717,10,3726,3728,0,-1,-1,-1,-1,-1,-1,-1,-1,-1,3717,3726
798,12,12,7907,0,3269,3289,3259,20,1,3,CPU,11165,11170,35,11170,11177,40,11188,11196,0,-1,-1,-1,-1,-1,-1,11177,11178
797,1,1,5831,0,12,15,2,3,10,2,I/O,5832,5833,10,5844,5846,0,-1,-1,-1,-1,-1,-1,-1,-1,-1,5833,5843
796,10,10,7992,0,19,37,9,18,1,2,CPU,8000,8010,40,8021,8029,0,-1,-1,-1,-1,-1,-1,-1,-1,-1,8010,8011
795,2,2,327,0,10,14,1,4,10,2,I/O,327,329,10,339,341,0,-1,-1,-1,-1,-1,-1,-1,-1,-1,329,339
794,8,8,7761,0,11,28,2,17,1,2,CPU,7762,7770,45,7780,7789,0,-1,-1,-1,-1,-1,-1,-1,-1,-1,7770,7771
793,1,1,6017,0,11,13,3,2,9,2,I/O,6019,6020,5,6029,6030,0,-1,-1,-1,-1,-1,-1,-1,-1,-1,6020,6029
792,9,9,6892,0,9,27,1,18,2,2,CPU,6892,6901,45,6910,6919,0,-1,-1,-1,-1,-1,-1,-1,-1,-1,6901,6903
791,10,10,8044,0,3177,3199,20,22,2,3,CPU,8063,8073,60,11231,11236,35,11236,11243,0,-1,-1,-1,-1,-1,-1,8073,8076
790,8,8,4739,0,4417,4437,13,20,1,3,CPU,4751,4759,60,9162,9167,35,9169,9176,0,-1,-1,-1,-1,-1,-1,4759,4760
789,1,1,6244,0,14,16,2,2,10,2,I/O,6245,6246,5,6259,6260,0,-1,-1,-1,-1,-1,-1,-1,-1,-1,6246,6257
788,11,11,9654,0,235,255,215,20,3,3,CPU,9868,9878,5,9878,9879,45,9900,9909,0,-1,-1,-1,-1,-1,-1,9879,9882
787,2,2,3948,0,18,23,2,5,10,2,I/O,3949,3951,15,3968,3971,0,-1,-1,-1,-1,-1,-1,-1,-1,-1,3951,3961
786,2,2,8715,0,16,20,5,4,12,2,I/O,8719,8721,10,8733,8735,0,-1,-1,-1,-1,-1,-1,-1,-1,-1,8721,8733
785,12,12,7317,0,3647,3671,3636,24,1,4,CPU,10952,10957,35,10957,10964,60,10976,10981,35,10981,10988,0,-1,-1,-1,10964,10965
784,2,2,9375,0,20,23,5,3,8,2,I/O,9379,9381,5,9397,9398,0,-1,-1,-1,-1,-1,-1,-1,-1,-1,9381,9389
783,3,3,9059,0,19,24,9,5,8,2,I/O,9067,9070,10,9081,9083,0,-1,-1,-1,-1,-1,-1,-1,-1,-1,9070,9079
782,11,11,6660,0,526,545,511,19,3,3,CPU,7170,7180,5,7180,7181,40,7197,7205,0,-1,-1,-1,-1,-1,-1,7181,7185
781,2,2,1968,0,13,18,4,5,10,2,I/O,1971,1973,15,1983,1986,0,-1,-1,-1,-1,-1,-1,-1,-1,-1,1973,1983
780,11,11,8733,0,30,50,28,20,1,3,CPU,8760,8770,5,8770,8771,45,8774,8783,0,-1,-1,-1,-1,-1,-1,8771,8772
779,9,9,7062,0,328,348,32,20,3,3,CPU,7093,7102,55,7399,7409,5,7409,7410,0,-1,-1,-1,-1,-1,-1,7102,7105
778,12,12,4140,0,2272,2294,2246,22,2,3,CPU,6385,6390,35,6390,6397,50,6424,6434,0,-1,-1,-1,-1,-1,-1,6397,6400
777,9,9,5124,0,12,31,2,19,2,2,CPU,5125,5134,50,5145,5155,0,-1,-1,-1,-1,-1,-1,-1,-1,-1,5134,5136
776,10,10,4498,0,29,49,7,20,1,2,CPU,4504,4514,50,4537,4547,0,-1,-1,-1,-1,-1,-1,-1,-1,-1,4514,4515
775,11,11,3992,0,212,232,206,20,2,3,CPU,4197,4207,5,4207,4208,45,4215,4224,0,-1,-1,-1,-1,-1,-1,4208,4210
774,2,2,5758,0,25,29,12,4,11,2,I/O,5769,5771,10,5785,5787,0,-1,-1,-1,-1,-1,-1,-1,-1,-1,5771,5782
773,8,8,8746,0,29,48,2,19,2,3,CPU,8747,8755,55,8783,8793,5,8793,8794,0,-1,-1,-1,-1,-1,-1,8755,8757
772,3,3,3333,0,27,31,13,4,12,2,I/O,3345,3348,5,3363,3364,0,-1,-1,-1,-1,-1,-1,-1,-1,-1,3348,3362
771,2,2,9379,0,17,20,5,3,10,2,I/O,9383,9385,5,9398,9399,0,-1,-1,-1,-1,-1,-1,-1,-1,-1,9385,9395
770,1,1,5400,0,17,20,4,3,10,2,I/O,5403,5404,10,5418,5420,0,-1,-1,-1,-1,-1,-1,-1,-1,-1,5404,5415
769,1,1,4273,0,16,19,3,3,8,2,I/O,4275,4276,10,4290,4292,0,-1,-1,-1,-1,-1,-1,-1,-1,-1,4276,4285
768,2,2,7162,0,29,32,7,3,12,2,I/O,7168,7170,5,7193,7194,0,-1,-1,-1,-1,-1,-1,-1,-1,-1,7170,7183
767,1,1,7942,0,21,23,3,2,12,2,I/O,7944,7945,5,7964,7965,0,-1,-1,-1,-1,-1,-1,-1,-1,-1,7945,7957
766,2,2,2483,0,16,21,5,5,12,2,I/O,2487,2489,15,2501,2504,0,-1,-1,-1,-1,-1,-1,-1,-1,-1,2489,2501
765,9,9,2978,0,12,31,8,19,1,2,CPU,2985,2994,50,2999,3009,0,-1,-1,-1,-1,-1,-1,-1,-1,-1,2994,2995
764,9,9,1013,0,35,52,9,17,3,2,CPU,1021,1030,40,1057,1065,0,-1,-1,-1,-1,-1,-1,-1,-1,-1,1030,1033
763,11,11,9897,0,169,189,158,20,1,3,CPU,10054,10064,5,10064,10065,45,10077,10086,0,-1,-1,-1,-1,-1,-1,10065,10066
762,8,8,5276,0,27,43,15,16,2,2,CPU,5290,5298,40,5311,5319,0,-1,-1,-1,-1,-1,-1,-1,-1,-1,5298,5301
761,1,1,3868,0,17,19,6,2,10,2,I/O,3873,3874,5,3886,3887,0,-1,-1,-1,-1,-1,-1,-1,-1,-1,3874,3884
760,11,11,8231,0,107,127,105,20,1,3,CPU,8335,8345,5,8345,8346,45,8349,8358,0,-1,-1,-1,-1,-1,-1,8346,8347
759,3,3,501,0,12,18,3,6,10,2,I/O,503,506,15,516,519,0,-1,-1,-1,-1,-1,-1,-1,-1,-1,506,516
758,12,12,8685,0,2766,2786,2755,20,3,3,CPU,11439,11444,35,11444,11451,40,11463,11471,0,-1,-1,-1,-1,-1,-1,11451,11454
757,1,1,9665,0,15,17,4,2,9,2,I/O,9668,9669,5,9681,9682,0,-1,-1,-1,-1,-1,-1,-1,-1,-1,9669,9680
756,8,8,4265,0,59,76,18,17,1,2,CPU,4282,4290,45,4332,4341,0,-1,-1,-1,-1,-1,-1,-1,-1,-1,4290,4291
755,3,3,5278,0,17,23,6,6,11,2,I/O,5283,5286,15,5298,5301,0,-1,-1,-1,-1,-1,-1,-1,-1,-1,5286,5297
754,12,12,8468,0,2901,2925,2892,24,3,4,CPU,11359,11364,35,11364,11371,60,11381,11386,35,11386,11393,0,-1,-1,-1,11371,11374
753,3,3,1039,0,26,31,16,5,9,2,I/O,1054,1057,10,1068,1070,0,-1,-1,-1,-1,-1,-1,-1,-1,-1,1057,1067
752,3,3,9119,0,17,21,3,4,12,2,I/O,9121,9124,5,9139,9140,0,-1,-1,-1,-1,-1,-1,-1,-1,-1,9124,9137
751,9,9,5253,0,11,30,10,19,1,2,CPU,5262,5271,50,5273,5283,0,-1,-1,-1,-1,-1,-1,-1,-1,-1,5271,5272
750,12,12,8567,0,2849,2872,2839,23,2,4,CPU,11405,11410,35,11410,11417,55,11428,11438,5,11438,11439,0,-1,-1,-1,11417,11419
749,1,1,6218,0,16,20,1,4,10,2,I/O,6218,6219,15,6235,6238,0,-1,-1,-1,-1,-1,-1,-1,-1,-1,6219,6229
748,12,12,7229,0,3653,3676,3646,23,2,4,CPU,10874,10879,35,10879,10886,55,10894,10904,5,10904,10905,0,-1,-1,-1,10886,10888
747,10,10,6840,0,13,31,6,18,1,2,CPU,6845,6855,40,6863,6871,0,-1,-1,-1,-1,-1,-1,-1,-1,-1,6855,6856
746,3,3,2438,0,22,27,12,5,9,2,I/O,2449,2452,10,2463,2465,0,-1,-1,-1,-1,-1,-1,-1,-1,-1,2452,2461
745,2,2,6615,0,27,32,6,5,12,2,I/O,6620,6622,15,6644,6647,0,-1,-1,-1,-1,-1,-1,-1,-1,-1,6622,6635
744,10,10,4255,0,32,51,5,19,3,2,CPU,4259,4269,45,4297,4306,0,-1,-1,-1,-1,-1,-1,-1,-1,-1,4269,4273
743,3,3,5916,0,23,29,5,6,11,2,I/O,5920,5923,15,5942,5945,0,-1,-1,-1,-1,-1,-1,-1,-1,-1,5923,5934
742,11,11,4830,0,92,113,28,21,3,3,CPU,4857,4867,5,4867,4868,50,4933,4943,0,-1,-1,-1,-1,-1,-1,4868,4871
741,10,10,5222,0,4958,4980,31,22,1,3,CPU,5252,5262,60,10190,10195,35,10195,10202,0,-1,-1,-1,-1,-1,-1,5262,5263
740,2,2,8922,0,16,19,6,3,10,2,I/O,8927,8929,5,8940,8941,0,-1,-1,-1,-1,-1,-1,-1,-1,-1,8929,8940
739,9,9,7507,0,17,36,7,19,2,2,CPU,7513,7522,50,7533,7543,0,-1,-1,-1,-1,-1,-1,-1,-1,-1,7522,7524
738,3,3,9487,0,13,17,2,4,11,2,I/O,9488,9491,5,9503,9504,0,-1,-1,-1,-1,-1,-1,-1,-1,-1,9491,9502
737,3,3,6240,0,17,22,7,5,10,2,I/O,6246,6249,10,6260,6262,0,-1,-1,-1,-1,-1,-1,-1,-1,-1,6249,6260
736,1,1,5533,0,16,19,3,3,9,2,I/O,5535,5536,10,5550,5552,0,-1,-1,-1,-1,-1,-1,-1,-1,-1,5536,5546
735,2,2,6489,0,16,20,1,4,11,2,I/O,6489,6491,10,6507,6509,0,-1,-1,-1,-1,-1,-1,-1,-1,-1,6491,6502
734,1,1,9505,0,24,27,10,3,8,2,I/O,9514,9515,10,9530,9532,0,-1,-1,-1,-1,-1,-1,-1,-1,-1,9515,9523
733,12,12,2177,0,993,1014,960,21,2,3,CPU,3136,3141,35,3143,3150,45,3182,3191,0,-1,-1,-1,-1,-1,-1,3150,3153
732,1,1,7280,0,15,17,2,2,9,2,I/O,7281,7282,5,7296,7297,0,-1,-1,-1,-1,-1,-1,-1,-1,-1,7282,7291
731,12,12,5878,0,4569,4591,4560,22,3,3,CPU,10437,10442,35,10442,10449,50,10459,10469,0,-1,-1,-1,-1,-1,-1,10449,10452
730,2,2,8908,0,19,24,1,5,12,2,I/O,8908,8910,15,8929,8932,0,-1,-1,-1,-1,-1,-1,-1,-1,-1,8910,8923
729,1,1,7160,0,20,22,8,2,8,2,I/O,7167,7168,5,7181,7182,0,-1,-1,-1,-1,-1,-1,-1,-1,-1,7168,7176
728,3,3,5971,0,14,18,3,4,11,2,I/O,5973,5976,5,5988,5989,0,-1,-1,-1,-1,-1,-1,-1,-1,-1,5976,5987
727,10,10,5340,0,4887,4909,27,22,1,3,CPU,5366,5376,60,10237,10242,35,10242,10249,0,-1,-1,-1,-1,-1,-1,5376,5377
726,2,2,6148,0,19,22,6,3,10,2,I/O,6153,6155,5,6169,6170,0,-1,-1,-1,-1,-1,-1,-1,-1,-1,6155,6166
725,9,9,2777,0,54,71,36,17,2,2,CPU,2812,2821,40,2840,2848,0,-1,-1,-1,-1,-1,-1,-1,-1,-1,2821,2824
724,1,1,445,0,17,19,1,2,11,2,I/O,445,446,5,463,464,0,-1,-1,-1,-1,-1,-1,-1,-1,-1,446,458
723,3,3,1393,0,16,21,7,5,10,2,I/O,1399,1402,10,1412,1414,0,-1,-1,-1,-1,-1,-1,-1,-1,-1,1402,1412
722,2,2,635,0,17,20,1,3,11,2,I/O,635,637,5,654,655,0,-1,-1,-1,-1,-1,-1,-1,-1,-1,637,648
721,3,3,2989,0,18,23,6,5,11,2,I/O,2994,2997,10,3010,3012,0,-1,-1,-1,-1,-1,-1,-1,-1,-1,2997,3008
720,8,8,3236,0,1703,1723,2,20,2,3,CPU,3237,3245,60,4945,4950,35,4952,4959,0,-1,-1,-1,-1,-1,-1,3245,3247
719,10,10,8811,0,38,57,22,19,3,2,CPU,8832,8842,45,8859,8868,0,-1,-1,-1,-1,-1,-1,-1,-1,-1,8842,8845
718,2,2,438,0,22,25,6,3,9,2,I/O,443,445,5,462,463,0,-1,-1,-1,-1,-1,-1,-1,-1,-1,445,455
717,8,8,1814,0,10,28,2,18,1,2,CPU,1815,1823,50,1832,1842,0,-1,-1,-1,-1,-1,-1,-1,-1,-1,1823,1824
716,3,3,1297,0,20,24,9,4,8,2,I/O,1305,1308,5,1320,1321,0,-1,-1,-1,-1,-1,-1,-1,-1,-1,1308,1316
715,11,11,5468,0,4824,4847,119,23,3,4,CPU,5586,5596,5,5596,5597,60,10303,10308,35,10308,10315,0,-1,-1,-1,5597,5600
714,3,3,2685,0,20,25,11,5,10,2,I/O,2695,2698,10,2708,2710,0,-1,-1,-1,-1,-1,-1,-1,-1,-1,2698,2708
713,3,3,1304,0,24,28,6,4,10,2,I/O,1309,1312,5,1331,1332,0,-1,-1,-1,-1,-1,-1,-1,-1,-1,1312,1323
712,11,11,3714,0,2248,2271,15,23,2,4,CPU,3728,3738,5,3738,3739,60,5968,5973,35,5978,5985,0,-1,-1,-1,3739,3741
711,8,8,414,0,63,81,1,18,2,2,CPU,414,422,50,485,495,0,-1,-1,-1,-1,-1,-1,-1,-1,-1,422,425
710,8,8,2567,0,79,98,11,19,1,3,CPU,2577,2585,55,2654,2664,5,2664,2665,0,-1,-1,-1,-1,-1,-1,2585,2586
709,1,1,7814,0,24,27,7,3,10,2,I/O,7820,7821,10,7839,7841,0,-1,-1,-1,-1,-1,-1,-1,-1,-1,7821,7831
708,8,8,2764,0,20,36,2,16,2,2,CPU,2765,2773,40,2792,2800,0,-1,-1,-1,-1,-1,-1,-1,-1,-1,2773,2776
707,12,12,5014,0,5142,5164,5131,22,1,3,CPU,10144,10149,35,10149,10156,50,10168,10178,0,-1,-1,-1,-1,-1,-1,10156,10157
706,2,2,967,0,12,15,2,3,9,2,I/O,968,970,5,981,982,0,-1,-1,-1,-1,-1,-1,-1,-1,-1,970,980
705,12,12,3417,0,2353,2377,2244,24,2,4,CPU,5660,5665,35,5668,5675,60,5780,5785,35,5787,5794,0,-1,-1,-1,5675,5677
704,10,10,7224,0,199,220,2,21,1,3,CPU,7225,7235,55,7433,7443,5,7443,7444,0,-1,-1,-1,-1,-1,-1,7235,7236
703,9,9,5766,0,4584,4605,6,21,3,3,CPU,5771,5780,60,10359,10364,35,10364,10371,0,-1,-1,-1,-1,-1,-1,5780,5784
702,3,3,1840,0,20,25,3,5,12,2,I/O,1842,1845,10,1863,1865,0,-1,-1,-1,-1,-1,-1,-1,-1,-1,1845,1857
701,8,8,5000,0,13,29,7,16,1,2,CPU,5006,5014,40,5021,5029,0,-1,-1,-1,-1,-1,-1,-1,-1,-1,5014,5015
700,12,12,5189,0,5001,5024,4990,23,3,4,CPU,10178,10183,35,10183,10190,55,10202,10212,5,10212,10213,0,-1,-1,-1,10190,10193
699,11,11,9164,0,2397,2420,21,23,2,4,CPU,9184,9194,5,9194,9195,60,11572,11577,35,11577,11584,0,-1,-1,-1,9195,9197
698,1,1,7462,0,14,16,5,2,8,2,I/O,7466,7467,5,7477,7478,0,-1,-1,-1,-1,-1,-1,-1,-1,-1,7467,7475
697,3,3,3633,0,19,24,6,5,10,2,I/O,3638,3641,10,3655,3657,0,-1,-1,-1,-1,-1,-1,-1,-1,-1,3641,3652
696,10,10,5689,0,6,24,4,18,3,2,CPU,5692,5702,40,5705,5713,0,-1,-1,-1,-1,-1,-1,-1,-1,-1,5702,5705
695,12,12,215,0,731,751,720,20,3,3,CPU,934,939,35,939,946,40,958,966,0,-1,-1,-1,-1,-1,-1,946,949
694,10,10,9510,0,246,267,11,21,3,3,CPU,9520,9530,55,9766,9776,5,9776,9777,0,-1,-1,-1,-1,-1,-1,9530,9533
693,11,11,2748,0,706,729,146,23,2,4,CPU,2893,2903,5,2903,2904,60,3462,3467,35,3470,3477,0,-1,-1,-1,2904,2906
692,1,1,3099,0,25,29,9,4,12,2,I/O,3107,3108,15,3125,3128,0,-1,-1,-1,-1,-1,-1,-1,-1,-1,3108,3120
691,2,2,6746,0,21,24,9,3,11,2,I/O,6754,6756,5,6769,6770,0,-1,-1,-1,-1,-1,-1,-1,-1,-1,6756,6768
690,10,10,4016,0,436,457,33,21,3,3,CPU,4048,4058,55,4462,4472,5,4472,4473,0,-1,-1,-1,-1,-1,-1,4058,4061
689,2,2,756,0,10,13,1,3,9,2,I/O,756,758,5,768,769,0,-1,-1,-1,-1,-1,-1,-1,-1,-1,758,767
688,10,10,1747,0,28,46,13,18,1,2,CPU,1759,1769,40,1785,1793,0,-1,-1,-1,-1,-1,-1,-1,-1,-1,1769,1770
687,2,2,5378,0,24,29,13,5,12,2,I/O,5390,5392,15,5404,5407,0,-1,-1,-1,-1,-1,-1,-1,-1,-1,5392,5404
686,2,2,4392,0,16,20,4,4,12,2,I/O,4395,4397,10,4410,4412,0,-1,-1,-1,-1,-1,-1,-1,-1,-1,4397,4409
685,3,3,6658,0,14,19,2,5,8,2,I/O,6659,6662,10,6675,6677,0,-1,-1,-1,-1,-1,-1,-1,-1,-1,6662,6671
684,12,12,5590,0,4769,4793,4758,24,1,4,CPU,10347,10352,35,10352,10359,60,10371,10376,35,10376,10383,0,-1,-1,-1,10359,10360
683,2,2,6081,0,11,14,1,3,9,2,I/O,6081,6083,5,6094,6095,0,-1,-1,-1,-1,-1,-1,-1,-1,-1,6083,6092
682,3,3,4251,0,18,24,4,6,9,2,I/O,4254,4257,15,4272,4275,0,-1,-1,-1,-1,-1,-1,-1,-1,-1,4257,4266
681,2,2,7201,0,17,21,5,4,10,2,I/O,7205,7207,10,7220,7222,0,-1,-1,-1,-1,-1,-1,-1,-1,-1,7207,7217
680,3,3,6780,0,27,33,10,6,12,2,I/O,6789,6792,15,6810,6813,0,-1,-1,-1,-1,-1,-1,-1,-1,-1,6792,6805
679,1,1,530,0,15,19,2,4,12,2,I/O,531,532,15,546,549,0,-1,-1,-1,-1,-1,-1,-1,-1,-1,532,544
678,2,2,4513,0,19,24,2,5,11,2,I/O,4514,4516,15,4534,4537,0,-1,-1,-1,-1,-1,-1,-1,-1,-1,4516,4527
677,11,11,5464,0,92,114,91,22,2,4,CPU,5554,5564,5,5564,5565,55,5567,5577,5,5577,5578,0,-1,-1,-1,5565,5567
676,9,9,2855,0,7,24,7,17,1,2,CPU,2861,2870,40,2871,2879,0,-1,-1,-1,-1,-1,-1,-1,-1,-1,2870,2871
675,1,1,3468,0,12,15,2,3,9,2,I/O,3469,3470,10,3481,3483,0,-1,-1,-1,-1,-1,-1,-1,-1,-1,3470,3481
674,1,1,4788,0,31,34,10,3,12,2,I/O,4797,4798,10,4820,4822,0,-1,-1,-1,-1,-1,-1,-1,-1,-1,4798,4810
673,1,1,412,0,19,22,2,3,9,2,I/O,413,414,10,432,434,0,-1,-1,-1,-1,-1,-1,-1,-1,-1,414,423
672,8,8,2716,0,155,174,6,19,1,3,CPU,2721,2729,55,2879,2889,5,2889,2890,0,-1,-1,-1,-1,-1,-1,2729,2730
671,2,2,2038,0,20,23,8,3,11,2,I/O,2045,2047,5,2060,2061,0,-1,-1,-1,-1,-1,-1,-1,-1,-1,2047,2058
670,1,1,737,0,14,18,3,4,9,2,I/O,739,740,15,752,755,0,-1,-1,-1,-1,-1,-1,-1,-1,-1,740,749
669,8,8,915,0,24,42,12,18,2,2,CPU,926,934,50,947,957,0,-1,-1,-1,-1,-1,-1,-1,-1,-1,934,936
668,3,3,9630,0,16,20,4,4,11,2,I/O,9633,9636,5,9649,9650,0,-1,-1,-1,-1,-1,-1,-1,-1,-1,9636,9647
667,9,9,2379,0,20,37,6,17,3,2,CPU,2384,2393,40,2408,2416,0,-1,-1,-1,-1,-1,-1,-1,-1,-1,2393,2396
666,2,2,443,0,21,26,4,5,11,2,I/O,446,448,15,466,469,0,-1,-1,-1,-1,-1,-1,-1,-1,-1,448,460
665,3,3,7022,0,21,26,7,5,10,2,I/O,7028,7031,10,7046,7048,0,-1,-1,-1,-1,-1,-1,-1,-1,-1,7031,7041
664,8,8,7646,0,12,30,2,18,2,2,CPU,7647,7655,50,7666,7676,0,-1,-1,-1,-1,-1,-1,-1,-1,-1,7655,7657
663,2,2,1041,0,22,27,9,5,10,2,I/O,1049,1051,15,1065,1068,0,-1,-1,-1,-1,-1,-1,-1,-1,-1,1051,1061
662,11,11,7418,0,150,170,132,20,1,3,CPU,7549,7559,5,7559,7560,45,7579,7588,0,-1,-1,-1,-1,-1,-1,7560,7562
661,3,3,2103,0,23,29,3,6,12,2,I/O,2105,2108,15,2129,2132,0,-1,-1,-1,-1,-1,-1,-1,-1,-1,2108,2121
660,1,1,4968,0,8,11,1,3,8,2,I/O,4968,4969,10,4977,4979,0,-1,-1,-1,-1,-1,-1,-1,-1,-1,4969,4977
659,10,10,4480,0,4437,4459,4,22,2,3,CPU,4483,4493,60,8921,8926,35,8932,8939,0,-1,-1,-1,-1,-1,-1,4493,4495
658,1,1,8252,0,27,30,10,3,10,2,I/O,8261,8262,10,8280,8282,0,-1,-1,-1,-1,-1,-1,-1,-1,-1,8262,8272
657,8,8,7557,0,34,52,12,18,3,2,CPU,7568,7576,50,7599,7609,0,-1,-1,-1,-1,-1,-1,-1,-1,-1,7576,7579
656,1,1,5009,0,19,22,7,3,10,2,I/O,5015,5016,10,5029,5031,0,-1,-1,-1,-1,-1,-1,-1,-1,-1,5016,5026
655,12,12,9083,0,2468,2489,2457,21,2,3,CPU,11539,11544,35,11544,11551,45,11563,11572,0,-1,-1,-1,-1,-1,-1,11551,11553
654,1,1,7785,0,22,26,5,4,11,2,I/O,7789,7790,15,7808,7811,0,-1,-1,-1,-1,-1,-1,-1,-1,-1,7790,7801
653,10,10,6943,0,419,440,170,21,2,3,CPU,7112,7122,55,7372,7382,5,7382,7383,0,-1,-1,-1,-1,-1,-1,7122,7124
652,2,2,9382,0,17,21,4,4,9,2,I/O,9385,9387,10,9401,9403,0,-1,-1,-1,-1,-1,-1,-1,-1,-1,9387,9398
651,10,10,230,0,115,133,112,18,3,2,CPU,341,351,40,355,363,0,-1,-1,-1,-1,-1,-1,-1,-1,-1,351,354
650,10,10,7853,0,32,52,22,20,2,2,CPU,7874,7884,50,7895,7905,0,-1,-1,-1,-1,-1,-1,-1,-1,-1,7884,7886
649,8,8,4156,0,4,22,2,18,2,2,CPU,4157,4165,50,4168,4178,0,-1,-1,-1,-1,-1,-1,-1,-1,-1,4165,4167
648,2,2,1142,0,10,13,1,3,8,2,I/O,1142,1144,5,1154,1155,0,-1,-1,-1,-1,-1,-1,-1,-1,-1,1144,1153
647,9,9,4369,0,24,41,10,17,1,2,CPU,4378,4387,40,4402,4410,0,-1,-1,-1,-1,-1,-1,-1,-1,-1,4387,4388
646,9,9,8176,0,23,42,8,19,2,2,CPU,8183,8192,50,8208,8218,0,-1,-1,-1,-1,-1,-1,-1,-1,-1,8192,8194
645,11,11,9496,0,276,298,260,22,2,4,CPU,9755,9765,5,9765,9766,55,9783,9793,5,9793,9794,0,-1,-1,-1,9766,9768
644,11,11,4342,0,384,403,379,19,2,3,CPU,4720,4730,5,4730,4731,40,4737,4745,0,-1,-1,-1,-1,-1,-1,4731,4733
643,1,1,2149,0,16,18,1,2,12,2,I/O,2149,2150,5,2166,2167,0,-1,-1,-1,-1,-1,-1,-1,-1,-1,2150,2164
642,9,9,4582,0,4,21,2,17,2,2,CPU,4583,4592,40,4595,4603,0,-1,-1,-1,-1,-1,-1,-1,-1,-1,4592,4594
641,2,2,5975,0,12,16,2,4,10,2,I/O,5976,5978,10,5989,5991,0,-1,-1,-1,-1,-1,-1,-1,-1,-1,5978,5989
640,11,11,2794,0,113,135,111,22,1,4,CPU,2904,2914,5,2914,2915,55,2918,2928,5,2928,2929,0,-1,-1,-1,2915,2916
639,9,9,8043,0,3156,3177,11,21,2,3,CPU,8053,8062,60,11208,11213,35,11213,11220,0,-1,-1,-1,-1,-1,-1,8062,8065
638,12,12,4692,0,4366,4389,4339,23,2,4,CPU,9030,9035,35,9035,9042,55,9070,9080,5,9080,9081,0,-1,-1,-1,9042,9044
637,10,10,7559,0,68,88,59,20,2,2,CPU,7617,7627,50,7637,7647,0,-1,-1,-1,-1,-1,-1,-1,-1,-1,7627,7629
636,1,1,2316,0,18,22,4,4,12,2,I/O,2319,2320,15,2335,2338,0,-1,-1,-1,-1,-1,-1,-1,-1,-1,2320,2332
635,12,12,7040,0,3802,3822,3791,20,2,3,CPU,10830,10835,35,10835,10842,40,10854,10862,0,-1,-1,-1,-1,-1,-1,10842,10844
634,3,3,2411,0,17,21,7,4,8,2,I/O,2417,2420,5,2431,2432,0,-1,-1,-1,-1,-1,-1,-1,-1,-1,2420,2429
633,11,11,1906,0,42,63,34,21,2,3,CPU,1939,1949,5,1949,1950,50,1959,1969,0,-1,-1,-1,-1,-1,-1,1950,1953
632,3,3,8189,0,13,17,4,4,9,2,I/O,8192,8195,5,8205,8206,0,-1,-1,-1,-1,-1,-1,-1,-1,-1,8195,8204
631,1,1,9852,0,26,29,5,3,12,2,I/O,9856,9857,10,9879,9881,0,-1,-1,-1,-1,-1,-1,-1,-1,-1,9857,9869
630,12,12,4774,0,5300,5322,5292,22,3,3,CPU,10065,10070,35,10070,10077,50,10086,10096,0,-1,-1,-1,-1,-1,-1,10077,10080
629,2,2,8071,0,16,20,8,4,8,2,I/O,8078,8080,10,8089,8091,0,-1,-1,-1,-1,-1,-1,-1,-1,-1,8080,8089
628,1,1,3827,0,13,17,2,4,11,2,I/O,3828,3829,15,3841,3844,0,-1,-1,-1,-1,-1,-1,-1,-1,-1,3829,3840
627,3,3,9987,0,24,28,7,4,9,2,I/O,9993,9996,5,10014,10015,0,-1,-1,-1,-1,-1,-1,-1,-1,-1,9996,10005
626,1,1,5166,0,11,13,1,2,11,2,I/O,5166,5167,5,5178,5179,0,-1,-1,-1,-1,-1,-1,-1,-1,-1,5167,5178
625,10,10,7668,0,23,41,20,18,2,2,CPU,7687,7697,40,7701,7709,0,-1,-1,-1,-1,-1,-1,-1,-1,-1,7697,7699
624,3,3,9648,0,21,25,8,4,12,2,I/O,9655,9658,5,9672,9673,0,-1,-1,-1,-1,-1,-1,-1,-1,-1,9658,9671
623,1,1,9057,0,27,31,7,4,12,2,I/O,9063,9064,15,9085,9088,0,-1,-1,-1,-1,-1,-1,-1,-1,-1,9064,9077
622,10,10,1794,0,19,37,12,18,3,2,CPU,1805,1815,40,1823,1831,0,-1,-1,-1,-1,-1,-1,-1,-1,-1,1815,1818
621,1,1,9793,0,16,18,2,2,11,2,I/O,9794,9795,5,9810,9811,0,-1,-1,-1,-1,-1,-1,-1,-1,-1,9795,9806
620,12,12,9267,0,2365,2387,2354,22,1,3,CPU,11620,11625,35,11625,11632,50,11644,11654,0,-1,-1,-1,-1,-1,-1,11632,11633
619,9,9,2342,0,116,135,22,19,2,2,CPU,2363,2372,50,2467,2477,0,-1,-1,-1,-1,-1,-1,-1,-1,-1,2372,2374
618,8,8,4025,0,460,479,3,19,2,3,CPU,4027,4035,55,4493,4503,5,4503,4504,0,-1,-1,-1,-1,-1,-1,4035,4037
617,8,8,7800,0,76,95,1,19,3,3,CPU,7800,7808,55,7884,7894,5,7894,7895,0,-1,-1,-1,-1,-1,-1,7808,7811
616,9,9,180,0,18,35,6,17,2,2,CPU,185,194,40,207,215,0,-1,-1,-1,-1,-1,-1,-1,-1,-1,194,196
615,2,2,3117,0,9,12,1,3,8,2,I/O,3117,3119,5,3128,3129,0,-1,-1,-1,-1,-1,-1,-1,-1,-1,3119,3128
614,8,8,9111,0,2432,2452,3,20,3,3,CPU,9113,9121,60,11551,11556,35,11556,11563,0,-1,-1,-1,-1,-1,-1,9121,9125
613,12,12,4102,0,2212,2236,2185,24,3,4,CPU,6286,6291,35,6291,6298,60,6326,6331,35,6331,6338,0,-1,-1,-1,6298,6301
612,1,1,5372,0,15,18,5,3,9,2,I/O,5376,5377,10,5388,5390,0,-1,-1,-1,-1,-1,-1,-1,-1,-1,5377,5386
611,3,3,1555,0,19,24,6,5,10,2,I/O,1560,1563,10,1577,1579,0,-1,-1,-1,-1,-1,-1,-1,-1,-1,1563,1573
610,8,8,698,0,25,41,12,16,3,2,CPU,709,717,40,731,739,0,-1,-1,-1,-1,-1,-1,-1,-1,-1,717,720
609,3,3,1672,0,20,24,10,4,11,2,I/O,1681,1684,5,1695,1696,0,-1,-1,-1,-1,-1,-1,-1,-1,-1,1684,1695
608,8,8,1207,0,11,27,2,16,3,2,CPU,1208,1216,40,1226,1234,0,-1,-1,-1,-1,-1,-1,-1,-1,-1,1216,1219
607,3,3,9555,0,25,30,12,5,12,2,I/O,9566,9569,10,9583,9585,0,-1,-1,-1,-1,-1,-1,-1,-1,-1,9569,9582
606,1,1,4264,0,14,18,6,4,8,2,I/O,4269,4270,15,4279,4282,0,-1,-1,-1,-1,-1,-1,-1,-1,-1,4270,4279
605,3,3,9717,0,22,27,9,5,9,2,I/O,9725,9728,10,9742,9744,0,-1,-1,-1,-1,-1,-1,-1,-1,-1,9728,9738
604,12,12,7321,0,3655,3676,3644,21,2,3,CPU,10964,10969,35,10969,10976,45,10988,10997,0,-1,-1,-1,-1,-1,-1,10976,10978
603,12,12,627,0,901,921,886,20,1,3,CPU,1512,1517,35,1517,1524,40,1540,1548,0,-1,-1,-1,-1,-1,-1,1524,1525
602,8,8,4814,0,21,40,15,19,2,3,CPU,4828,4836,55,4843,4853,5,4853,4854,0,-1,-1,-1,-1,-1,-1,4836,4838
601,3,3,9692,0,26,31,15,5,8,2,I/O,9706,9709,10,9721,9723,0,-1,-1,-1,-1,-1,-1,-1,-1,-1,9709,9718
600,2,2,3900,0,19,24,1,5,12,2,I/O,3900,3902,15,3921,3924,0,-1,-1,-1,-1,-1,-1,-1,-1,-1,3902,3915
599,12,12,1247,0,962,982,960,20,3,3,CPU,2206,2211,35,2211,2218,40,2221,2229,0,-1,-1,-1,-1,-1,-1,2218,2221
598,11,11,266,0,392,414,358,22,1,4,CPU,623,633,5,633,634,55,669,679,5,679,680,0,-1,-1,-1,634,635
597,9,9,7573,0,27,44,18,17,1,2,CPU,7590,7599,40,7609,7617,0,-1,-1,-1,-1,-1,-1,-1,-1,-1,7599,7600
596,9,9,6737,0,78,97,9,19,3,2,CPU,6745,6754,50,6824,6834,0,-1,-1,-1,-1,-1,-1,-1,-1,-1,6754,6757
595,12,12,7843,0,3250,3274,3242,24,3,4,CPU,11084,11089,35,11089,11096,60,11105,11110,35,11110,11117,0,-1,-1,-1,11096,11099
594,11,11,1760,0,26,45,10,19,2,3,CPU,1769,1779,5,1779,1780,40,1797,1805,0,-1,-1,-1,-1,-1,-1,1780,1782
593,9,9,5205,0,163,183,2,20,2,3,CPU,5206,5215,55,5377,5387,5,5387,5388,0,-1,-1,-1,-1,-1,-1,5215,5217
592,2,2,5226,0,20,25,2,5,10,2,I/O,5227,5229,15,5248,5251,0,-1,-1,-1,-1,-1,-1,-1,-1,-1,5229,5240
591,1,1,156,0,27,29,8,2,11,2,I/O,163,164,5,184,185,0,-1,-1,-1,-1,-1,-1,-1,-1,-1,164,175
590,10,10,8216,0,10,29,8,19,2,2,CPU,8223,8233,45,8236,8245,0,-1,-1,-1,-1,-1,-1,-1,-1,-1,8233,8236
589,1,1,6379,0,17,19,3,2,12,2,I/O,6381,6382,5,6397,6398,0,-1,-1,-1,-1,-1,-1,-1,-1,-1,6382,6394
588,9,9,4444,0,21,39,10,18,1,2,CPU,4453,4462,45,4474,4483,0,-1,-1,-1,-1,-1,-1,-1,-1,-1,4462,4463
587,9,9,9471,0,2238,2259,9,21,1,3,CPU,9479,9488,60,11718,11723,35,11723,11730,0,-1,-1,-1,-1,-1,-1,9488,9489
586,1,1,8603,0,10,12,1,2,8,2,I/O,8603,8604,5,8614,8615,0,-1,-1,-1,-1,-1,-1,-1,-1,-1,8604,8612
585,11,11,4297,0,354,374,345,20,1,3,CPU,4641,4651,5,4651,4652,45,4662,4671,0,-1,-1,-1,-1,-1,-1,4652,4653
584,2,2,3922,0,12,15,3,3,9,2,I/O,3924,3926,5,3936,3937,0,-1,-1,-1,-1,-1,-1,-1,-1,-1,3926,3935
583,8,8,3360,0,2268,2288,5,20,2,3,CPU,3364,3372,60,5636,5641,35,5641,5648,0,-1,-1,-1,-1,-1,-1,3372,3374
582,1,1,8518,0,15,17,6,2,8,2,I/O,8523,8524,5,8534,8535,0,-1,-1,-1,-1,-1,-1,-1,-1,-1,8524,8532
581,12,12,3491,0,2330,2353,2304,23,3,4,CPU,5794,5799,35,5799,5806,55,5833,5843,5,5843,5844,0,-1,-1,-1,5806,5809
580,3,3,9574,0,32,37,12,5,12,2,I/O,9585,9588,10,9609,9611,0,-1,-1,-1,-1,-1,-1,-1,-1,-1,9588,9601
579,10,10,1005,0,22,40,6,18,2,2,CPU,1010,1020,40,1037,1045,0,-1,-1,-1,-1,-1,-1,-1,-1,-1,1020,1023
578,2,2,4257,0,11,15,1,4,10,2,I/O,4257,4259,10,4270,4272,0,-1,-1,-1,-1,-1,-1,-1,-1,-1,4259,4270
577,1,1,7388,0,21,24,11,3,9,2,I/O,7398,7399,10,7410,7412,0,-1,-1,-1,-1,-1,-1,-1,-1,-1,7399,7409
576,10,10,4383,0,36,54,31,18,2,2,CPU,4413,4423,40,4429,4437,0,-1,-1,-1,-1,-1,-1,-1,-1,-1,4423,4425
575,3,3,9555,0,21,26,6,5,10,2,I/O,9560,9563,10,9579,9581,0,-1,-1,-1,-1,-1,-1,-1,-1,-1,9563,9574
574,1,1,8464,0,17,21,5,4,11,2,I/O,8468,8469,15,8482,8485,0,-1,-1,-1,-1,-1,-1,-1,-1,-1,8469,8480
573,2,2,1907,0,14,17,1,3,11,2,I/O,1907,1909,5,1923,1924,0,-1,-1,-1,-1,-1,-1,-1,-1,-1,1909,1921
572,1,1,6642,0,14,16,2,2,11,2,I/O,6643,6644,5,6657,6658,0,-1,-1,-1,-1,-1,-1,-1,-1,-1,6644,6655
571,3,3,8738,0,17,22,7,5,10,2,I/O,8744,8747,10,8758,8760,0,-1,-1,-1,-1,-1,-1,-1,-1,-1,8747,8758
570,12,12,4287,0,4200,4221,4191,21,3,3,CPU,8477,8482,35,8486,8493,45,8499,8508,0,-1,-1,-1,-1,-1,-1,8493,8496
569,10,10,132,0,392,413,43,21,3,3,CPU,174,184,55,534,544,5,544,545,0,-1,-1,-1,-1,-1,-1,184,187
568,2,2,8915,0,24,28,5,4,12,2,I/O,8919,8921,10,8941,8943,0,-1,-1,-1,-1,-1,-1,-1,-1,-1,8921,8934
567,2,2,62,0,18,22,4,4,12,2,I/O,65,67,10,82,84,0,-1,-1,-1,-1,-1,-1,-1,-1,-1,67,79
566,8,8,6600,0,4073,4093,2,20,2,3,CPU,6601,6609,60,10681,10686,35,10686,10693,0,-1,-1,-1,-1,-1,-1,6609,6611
565,1,1,8924,0,19,22,3,3,10,2,I/O,8926,8927,10,8944,8946,0,-1,-1,-1,-1,-1,-1,-1,-1,-1,8927,8938
564,2,2,900,0,21,26,9,5,8,2,I/O,908,910,15,923,926,0,-1,-1,-1,-1,-1,-1,-1,-1,-1,910,919
563,10,10,7441,0,27,45,27,18,1,2,CPU,7467,7477,40,7478,7486,0,-1,-1,-1,-1,-1,-1,-1,-1,-1,7477,7478
562,1,1,6816,0,27,29,8,2,11,2,I/O,6823,6824,5,6844,6845,0,-1,-1,-1,-1,-1,-1,-1,-1,-1,6824,6835
561,2,2,4960,0,28,32,10,4,11,2,I/O,4969,4971,10,4990,4992,0,-1,-1,-1,-1,-1,-1,-1,-1,-1,4971,4983
560,9,9,8253,0,22,40,19,18,3,2,CPU,8271,8280,45,8284,8293,0,-1,-1,-1,-1,-1,-1,-1,-1,-1,8280,8283
559,10,10,2934,0,18,39,8,21,2,3,CPU,2941,2951,55,2962,2972,5,2972,2973,0,-1,-1,-1,-1,-1,-1,2951,2953
558,3,3,9635,0,14,20,4,6,9,2,I/O,9638,9641,15,9652,9655,0,-1,-1,-1,-1,-1,-1,-1,-1,-1,9641,9651
557,1,1,8934,0,16,20,6,4,10,2,I/O,8939,8940,15,8951,8954,0,-1,-1,-1,-1,-1,-1,-1,-1,-1,8940,8950
556,1,1,6437,0,17,20,7,3,9,2,I/O,6443,6444,10,6455,6457,0,-1,-1,-1,-1,-1,-1,-1,-1,-1,6444,6454
555,9,9,7809,0,3,20,3,17,1,2,CPU,7811,7820,40,7821,7829,0,-1,-1,-1,-1,-1,-1,-1,-1,-1,7820,7821
554,11,11,562,0,146,168,134,22,3,4,CPU,695,705,5,705,706,55,719,729,5,729,730,0,-1,-1,-1,706,709
553,9,9,1687,0,603,624,18,21,2,3,CPU,1704,1713,60,2298,2303,35,2304,2311,0,-1,-1,-1,-1,-1,-1,1713,1715
552,2,2,8230,0,16,20,4,4,12,2,I/O,8233,8235,10,8248,8250,0,-1,-1,-1,-1,-1,-1,-1,-1,-1,8235,8248
551,2,2,5504,0,17,22,7,5,11,2,I/O,5510,5512,15,5523,5526,0,-1,-1,-1,-1,-1,-1,-1,-1,-1,5512,5523
550,10,10,3065,0,21,42,12,21,3,3,CPU,3076,3086,55,3096,3106,5,3106,3107,0,-1,-1,-1,-1,-1,-1,3086,3089
549,10,10,3941,0,66,86,44,20,3,2,CPU,3984,3994,50,4017,4027,0,-1,-1,-1,-1,-1,-1,-1,-1,-1,3994,3998
548,1,1,3106,0,17,19,3,2,12,2,I/O,3108,3109,5,3124,3125,0,-1,-1,-1,-1,-1,-1,-1,-1,-1,3109,3122
547,9,9,9559,0,31,50,11,19,3,2,CPU,9569,9578,50,9599,9609,0,-1,-1,-1,-1,-1,-1,-1,-1,-1,9578,9581
546,1,1,5935,0,18,21,7,3,9,2,I/O,5941,5942,10,5954,5956,0,-1,-1,-1,-1,-1,-1,-1,-1,-1,5942,5951
545,8,8,9983,0,24,40,14,16,3,2,CPU,9996,10004,40,10015,10023,0,-1,-1,-1,-1,-1,-1,-1,-1,-1,10004,10008
544,12,12,4353,0,4438,4462,4376,24,3,4,CPU,8728,8733,35,8735,8742,60,8803,8808,35,8808,8815,0,-1,-1,-1,8742,8745
543,11,11,7962,0,148,170,79,22,2,4,CPU,8040,8050,5,8050,8051,55,8121,8131,5,8131,8132,0,-1,-1,-1,8051,8053
542,10,10,8221,0,31,50,30,19,2,2,CPU,8250,8260,45,8262,8271,0,-1,-1,-1,-1,-1,-1,-1,-1,-1,8260,8262
541,1,1,2146,0,18,20,1,2,8,2,I/O,2146,2147,5,2165,2166,0,-1,-1,-1,-1,-1,-1,-1,-1,-1,2147,2155
540,12,12,2986,0,783,806,773,23,1,4,CPU,3758,3763,35,3763,3770,55,3781,3791,5,3791,3792,0,-1,-1,-1,3770,3771
539,8,8,5423,0,58,76,11,18,2,2,CPU,5433,5441,50,5489,5499,0,-1,-1,-1,-1,-1,-1,-1,-1,-1,5441,5443
538,8,8,3489,0,15,34,4,19,2,3,CPU,3492,3500,55,3512,3522,5,3522,3523,0,-1,-1,-1,-1,-1,-1,3500,3502
537,9,9,6344,0,17,34,8,17,2,2,CPU,6351,6360,40,6370,6378,0,-1,-1,-1,-1,-1,-1,-1,-1,-1,6360,6362
536,2,2,5033,0,18,21,7,3,11,2,I/O,5039,5041,5,5053,5054,0,-1,-1,-1,-1,-1,-1,-1,-1,-1,5041,5053
535,3,3,4866,0,25,30,6,5,12,2,I/O,4871,4874,10,4894,4896,0,-1,-1,-1,-1,-1,-1,-1,-1,-1,4874,4887
534,2,2,5441,0,13,16,3,3,8,2,I/O,5443,5445,5,5456,5457,0,-1,-1,-1,-1,-1,-1,-1,-1,-1,5445,5453
533,1,1,9448,0,18,20,7,2,12,2,I/O,9454,9455,5,9467,9468,0,-1,-1,-1,-1,-1,-1,-1,-1,-1,9455,9467
532,1,1,3007,0,17,19,3,2,10,2,I/O,3009,3010,5,3025,3026,0,-1,-1,-1,-1,-1,-1,-1,-1,-1,3010,3020
531,8,8,6161,0,23,40,12,17,3,2,CPU,6172,6180,45,6192,6201,0,-1,-1,-1,-1,-1,-1,-1,-1,-1,6180,6183
530,2,2,2144,0,22,26,1,4,11,2,I/O,2144,2146,10,2168,2170,0,-1,-1,-1,-1,-1,-1,-1,-1,-1,2146,2158
529,8,8,2673,0,17,35,3,18,2,2,CPU,2675,2683,50,2698,2708,0,-1,-1,-1,-1,-1,-1,-1,-1,-1,2683,2685
528,9,9,7029,0,46,64,45,18,1,2,CPU,7073,7082,45,7084,7093,0,-1,-1,-1,-1,-1,-1,-1,-1,-1,7082,7083
527,12,12,4720,0,4408,4430,4381,22,3,3,CPU,9100,9105,35,9105,9112,50,9140,9150,0,-1,-1,-1,-1,-1,-1,9112,9115
526,8,8,6933,0,3865,3885,15,20,2,3,CPU,6947,6955,60,10806,10811,35,10811,10818,0,-1,-1,-1,-1,-1,-1,6955,6957
525,12,12,603,0,886,909,878,23,1,4,CPU,1480,1485,35,1485,1492,55,1501,1511,5,1511,1512,0,-1,-1,-1,1492,1493
524,2,2,7011,0,18,21,6,3,11,2,I/O,7016,7018,5,7031,7032,0,-1,-1,-1,-1,-1,-1,-1,-1,-1,7018,7029
523,2,2,1135,0,14,19,1,5,9,2,I/O,1135,1137,15,1151,1154,0,-1,-1,-1,-1,-1,-1,-1,-1,-1,1137,1146
522,1,1,1030,0,14,17,1,3,10,2,I/O,1030,1031,10,1045,1047,0,-1,-1,-1,-1,-1,-1,-1,-1,-1,1031,1042
521,3,3,2252,0,15,19,5,4,10,2,I/O,2256,2259,5,2270,2271,0,-1,-1,-1,-1,-1,-1,-1,-1,-1,2259,2270
520,3,3,4917,0,23,28,5,5,10,2,I/O,4921,4924,10,4943,4945,0,-1,-1,-1,-1,-1,-1,-1,-1,-1,4924,4934
519,2,2,3333,0,25,28,9,3,12,2,I/O,3341,3343,5,3360,3361,0,-1,-1,-1,-1,-1,-1,-1,-1,-1,3343,3356
518,3,3,3166,0,25,30,14,5,9,2,I/O,3179,3182,10,3194,3196,0,-1,-1,-1,-1,-1,-1,-1,-1,-1,3182,3192
517,11,11,2103,0,56,77,51,21,2,3,CPU,2153,2163,5,2163,2164,50,2170,2180,0,-1,-1,-1,-1,-1,-1,2164,2166
516,3,3,9127,0,20,25,1,5,11,2,I/O,9127,9130,10,9150,9152,0,-1,-1,-1,-1,-1,-1,-1,-1,-1,9130,9142
515,12,12,8378,0,2946,2969,2935,23,1,4,CPU,11312,11317,35,11317,11324,55,11336,11346,5,11346,11347,0,-1,-1,-1,11324,11325
514,2,2,2098,0,18,21,6,3,12,2,I/O,2103,2105,5,2118,2119,0,-1,-1,-1,-1,-1,-1,-1,-1,-1,2105,2118
513,12,12,2692,0,779,800,759,21,2,3,CPU,3450,3455,35,3455,3462,45,3483,3492,0,-1,-1,-1,-1,-1,-1,3462,3464
512,8,8,4599,0,15,33,5,18,2,2,CPU,4603,4611,50,4622,4632,0,-1,-1,-1,-1,-1,-1,-1,-1,-1,4611,4613
511,11,11,7244,0,245,267,243,22,2,4,CPU,7486,7496,5,7496,7497,55,7500,7510,5,7510,7511,0,-1,-1,-1,7497,7499
510,2,2,8282,0,9,14,1,5,8,2,I/O,8282,8284,15,8293,8296,0,-1,-1,-1,-1,-1,-1,-1,-1,-1,8284,8292
509,11,11,3780,0,29,48,21,19,2,3,CPU,3800,3810,5,3810,3811,40,3820,3828,0,-1,-1,-1,-1,-1,-1,3811,3813
508,1,1,6111,0,22,26,4,4,12,2,I/O,6114,6115,15,6134,6137,0,-1,-1,-1,-1,-1,-1,-1,-1,-1,6115,6128
507,10,10,403,0,700,722,50,22,3,3,CPU,452,462,60,1113,1118,35,1118,1125,0,-1,-1,-1,-1,-1,-1,462,466
506,2,2,1658,0,15,20,4,5,9,2,I/O,1661,1663,15,1675,1678,0,-1,-1,-1,-1,-1,-1,-1,-1,-1,1663,1673
505,8,8,3788,0,15,32,5,17,2,2,CPU,3792,3800,45,3811,3820,0,-1,-1,-1,-1,-1,-1,-1,-1,-1,3800,3802
504,1,1,4322,0,18,22,2,4,10,2,I/O,4323,4324,15,4341,4344,0,-1,-1,-1,-1,-1,-1,-1,-1,-1,4324,4334
503,9,9,733,0,16,35,11,19,3,2,CPU,743,752,50,758,768,0,-1,-1,-1,-1,-1,-1,-1,-1,-1,752,756
502,9,9,5038,0,16,34,7,18,3,2,CPU,5044,5053,45,5063,5072,0,-1,-1,-1,-1,-1,-1,-1,-1,-1,5053,5057
501,9,9,5325,0,22,41,10,19,3,2,CPU,5334,5343,50,5356,5366,0,-1,-1,-1,-1,-1,-1,-1,-1,-1,5343,5347
500,8,8,5568,0,4751,4771,11,20,3,3,CPU,5578,5586,60,10327,10332,35,10332,10339,0,-1,-1,-1,-1,-1,-1,5586,5589
499,11,11,9621,0,249,271,237,22,1,4,CPU,9857,9867,5,9867,9868,55,9881,9891,5,9891,9892,0,-1,-1,-1,9868,9870
498,2,2,7695,0,24,28,5,4,9,2,I/O,7699,7701,10,7721,7723,0,-1,-1,-1,-1,-1,-1,-1,-1,-1,7701,7710
497,3,3,5040,0,11,15,2,4,9,2,I/O,5041,5044,5,5054,5055,0,-1,-1,-1,-1,-1,-1,-1,-1,-1,5044,5054
496,2,2,5459,0,17,21,7,4,8,2,I/O,5465,5467,10,5478,5480,0,-1,-1,-1,-1,-1,-1,-1,-1,-1,5467,5475
495,1,1,8645,0,16,19,3,3,12,2,I/O,8647,8648,10,8662,8664,0,-1,-1,-1,-1,-1,-1,-1,-1,-1,8648,8660
494,10,10,3516,0,30,51,19,21,2,3,CPU,3534,3544,55,3556,3566,5,3566,3567,0,-1,-1,-1,-1,-1,-1,3544,3546
493,10,10,6879,0,12,31,4,19,1,2,CPU,6882,6892,45,6901,6910,0,-1,-1,-1,-1,-1,-1,-1,-1,-1,6892,6893
492,8,8,8113,0,51,70,1,19,2,3,CPU,8113,8121,55,8172,8182,5,8182,8183,0,-1,-1,-1,-1,-1,-1,8121,8123
491,3,3,5438,0,26,32,8,6,9,2,I/O,5445,5448,15,5467,5470,0,-1,-1,-1,-1,-1,-1,-1,-1,-1,5448,5458
490,1,1,5128,0,26,28,8,2,12,2,I/O,5135,5136,5,5155,5156,0,-1,-1,-1,-1,-1,-1,-1,-1,-1,5136,5148
489,11,11,1628,0,75,96,12,21,2,3,CPU,1639,1649,5,1649,1650,50,1714,1724,0,-1,-1,-1,-1,-1,-1,1650,1653
488,2,2,41,0,18,23,7,5,9,2,I/O,47,49,15,61,64,0,-1,-1,-1,-1,-1,-1,-1,-1,-1,49,58
487,9,9,5127,0,20,39,10,19,2,2,CPU,5136,5145,50,5156,5166,0,-1,-1,-1,-1,-1,-1,-1,-1,-1,5145,5147
486,10,10,4281,0,96,114,87,18,2,2,CPU,4367,4377,40,4387,4395,0,-1,-1,-1,-1,-1,-1,-1,-1,-1,4377,4379
485,1,1,4701,0,29,33,10,4,10,2,I/O,4710,4711,15,4731,4734,0,-1,-1,-1,-1,-1,-1,-1,-1,-1,4711,4722
484,12,12,5793,0,4602,4622,4591,20,2,3,CPU,10383,10388,35,10388,10395,40,10407,10415,0,-1,-1,-1,-1,-1,-1,10395,10397
483,1,1,668,0,11,15,1,4,8,2,I/O,668,669,15,680,683,0,-1,-1,-1,-1,-1,-1,-1,-1,-1,669,677
482,1,1,8057,0,18,21,6,3,10,2,I/O,8062,8063,10,8076,8078,0,-1,-1,-1,-1,-1,-1,-1,-1,-1,8063,8074
481,1,1,8623,0,22,24,4,2,11,2,I/O,8626,8627,5,8646,8647,0,-1,-1,-1,-1,-1,-1,-1,-1,-1,8627,8639
480,9,9,7253,0,35,52,35,17,1,2,CPU,7287,7296,40,7297,7305,0,-1,-1,-1,-1,-1,-1,-1,-1,-1,7296,7297
479,2,2,8564,0,22,26,11,4,10,2,I/O,8574,8576,10,8588,8590,0,-1,-1,-1,-1,-1,-1,-1,-1,-1,8576,8586
478,9,9,9460,0,24,41,9,17,3,2,CPU,9468,9477,40,9493,9501,0,-1,-1,-1,-1,-1,-1,-1,-1,-1,9477,9480
477,1,1,4276,0,15,18,1,3,10,2,I/O,4276,4277,10,4292,4294,0,-1,-1,-1,-1,-1,-1,-1,-1,-1,4277,4288
476,1,1,5284,0,16,20,3,4,12,2,I/O,5286,5287,15,5301,5304,0,-1,-1,-1,-1,-1,-1,-1,-1,-1,5287,5300
475,12,12,1961,0,1041,1064,1013,23,1,4,CPU,2973,2978,35,2978,2985,55,3014,3024,5,3024,3025,0,-1,-1,-1,2985,2986
474,2,2,880,0,24,27,8,3,12,2,I/O,887,889,5,906,907,0,-1,-1,-1,-1,-1,-1,-1,-1,-1,889,901
473,2,2,5235,0,14,17,3,3,9,2,I/O,5237,5239,5,5251,5252,0,-1,-1,-1,-1,-1,-1,-1,-1,-1,5239,5249
472,9,9,3270,0,5,23,4,18,2,2,CPU,3273,3282,45,3284,3293,0,-1,-1,-1,-1,-1,-1,-1,-1,-1,3282,3284
471,12,12,3814,0,2217,2241,2198,24,3,4,CPU,6011,6016,35,6020,6027,60,6039,6044,35,6048,6055,0,-1,-1,-1,6027,6031
470,3,3,3406,0,27,32,9,5,12,2,I/O,3414,3417,10,3436,3438,0,-1,-1,-1,-1,-1,-1,-1,-1,-1,3417,3429
469,9,9,1661,0,14,32,5,18,1,2,CPU,1665,1674,45,1684,1693,0,-1,-1,-1,-1,-1,-1,-1,-1,-1,1674,1676
468,1,1,7358,0,12,14,3,2,10,2,I/O,7360,7361,5,7371,7372,0,-1,-1,-1,-1,-1,-1,-1,-1,-1,7361,7371
467,8,8,6512,0,19,36,18,17,2,2,CPU,6529,6537,45,6539,6548,0,-1,-1,-1,-1,-1,-1,-1,-1,-1,6537,6539
466,3,3,6083,0,18,22,1,4,12,2,I/O,6083,6086,5,6104,6105,0,-1,-1,-1,-1,-1,-1,-1,-1,-1,6086,6099
465,12,12,3180,0,710,730,708,20,2,3,CPU,3887,3892,35,3893,3900,40,3902,3910,0,-1,-1,-1,-1,-1,-1,3900,3902
464,2,2,4162,0,17,22,5,5,12,2,I/O,4166,4168,15,4181,4184,0,-1,-1,-1,-1,-1,-1,-1,-1,-1,4168,4181
463,10,10,6049,0,80,100,7,20,3,2,CPU,6055,6065,50,6139,6149,0,-1,-1,-1,-1,-1,-1,-1,-1,-1,6065,6068
462,11,11,6852,0,347,368,331,21,3,3,CPU,7182,7192,5,7192,7193,50,7210,7220,0,-1,-1,-1,-1,-1,-1,7193,7196
461,1,1,6926,0,14,18,4,4,9,2,I/O,6929,6930,15,6941,6944,0,-1,-1,-1,-1,-1,-1,-1,-1,-1,6930,6939
460,8,8,1301,0,24,40,12,16,3,2,CPU,1312,1320,40,1333,1341,0,-1,-1,-1,-1,-1,-1,-1,-1,-1,1320,1324
459,9,9,6214,0,4322,4343,13,21,3,3,CPU,6226,6235,60,10545,10550,35,10550,10557,0,-1,-1,-1,-1,-1,-1,6235,6238
458,11,11,936,0,1115,1138,35,23,3,4,CPU,970,980,5,980,981,60,2062,2067,35,2067,2074,0,-1,-1,-1,981,984
457,8,8,6567,0,34,51,18,17,3,2,CPU,6584,6592,45,6609,6618,0,-1,-1,-1,-1,-1,-1,-1,-1,-1,6592,6595
456,1,1,4996,0,19,22,10,3,9,2,I/O,5005,5006,10,5016,5018,0,-1,-1,-1,-1,-1,-1,-1,-1,-1,5006,5016
455,1,1,5872,0,21,25,9,4,11,2,I/O,5880,5881,15,5894,5897,0,-1,-1,-1,-1,-1,-1,-1,-1,-1,5881,5893
454,3,3,2741,0,17,22,10,5,8,2,I/O,2750,2753,10,2761,2763,0,-1,-1,-1,-1,-1,-1,-1,-1,-1,2753,2761
453,2,2,5090,0,20,24,3,4,10,2,I/O,5092,5094,10,5112,5114,0,-1,-1,-1,-1,-1,-1,-1,-1,-1,5094,5104
452,3,3,7565,0,20,25,1,5,12,2,I/O,7565,7568,10,7588,7590,0,-1,-1,-1,-1,-1,-1,-1,-1,-1,7568,7581
451,3,3,983,0,18,24,6,6,8,2,I/O,988,991,15,1004,1007,0,-1,-1,-1,-1,-1,-1,-1,-1,-1,991,999
450,12,12,8258,0,3021,3042,3010,21,1,3,CPU,11267,11272,35,11272,11279,45,11291,11300,0,-1,-1,-1,-1,-1,-1,11279,11280
449,9,9,69,0,62,81,24,19,1,2,CPU,92,101,50,140,150,0,-1,-1,-1,-1,-1,-1,-1,-1,-1,101,102
448,10,10,7603,0,3439,3461,25,22,1,3,CPU,7627,7637,60,11052,11057,35,11057,11064,0,-1,-1,-1,-1,-1,-1,7637,7638
447,2,2,1724,0,13,17,1,4,11,2,I/O,1724,1726,10,1739,1741,0,-1,-1,-1,-1,-1,-1,-1,-1,-1,1726,1737
446,2,2,4822,0,15,18,5,3,10,2,I/O,4826,4828,5,4839,4840,0,-1,-1,-1,-1,-1,-1,-1,-1,-1,4828,4839
445,1,1,3466,0,10,14,3,4,8,2,I/O,3468,3469,15,3477,3480,0,-1,-1,-1,-1,-1,-1,-1,-1,-1,3469,3477
444,2,2,6792,0,14,18,1,4,12,2,I/O,6792,6794,10,6808,6810,0,-1,-1,-1,-1,-1,-1,-1,-1,-1,6794,6807
443,8,8,3838,0,18,35,7,17,1,2,CPU,3844,3852,45,3864,3873,0,-1,-1,-1,-1,-1,-1,-1,-1,-1,3852,3853
442,3,3,6106,0,24,28,12,4,9,2,I/O,6117,6120,5,6133,6134,0,-1,-1,-1,-1,-1,-1,-1,-1,-1,6120,6131
441,8,8,8324,0,26,43,4,17,3,2,CPU,8327,8335,45,8358,8367,0,-1,-1,-1,-1,-1,-1,-1,-1,-1,8335,8339
440,3,3,2141,0,20,24,10,4,8,2,I/O,2150,2153,5,2164,2165,0,-1,-1,-1,-1,-1,-1,-1,-1,-1,2153,2161
439,8,8,7973,0,11,27,9,16,3,2,CPU,7981,7989,40,7992,8000,0,-1,-1,-1,-1,-1,-1,-1,-1,-1,7989,7992
438,1,1,433,0,14,18,2,4,11,2,I/O,434,435,15,448,451,0,-1,-1,-1,-1,-1,-1,-1,-1,-1,435,446
437,9,9,4766,0,4592,4613,4,21,2,3,CPU,4769,4778,60,9367,9372,35,9372,9379,0,-1,-1,-1,-1,-1,-1,4778,4780
436,3,3,4829,0,22,28,12,6,9,2,I/O,4840,4843,15,4854,4857,0,-1,-1,-1,-1,-1,-1,-1,-1,-1,4843,4852
435,8,8,4758,0,4509,4529,4,20,3,3,CPU,4761,4769,60,9271,9276,35,9280,9287,0,-1,-1,-1,-1,-1,-1,4769,4772
434,1,1,8956,0,12,15,1,3,12,2,I/O,8956,8957,10,8969,8971,0,-1,-1,-1,-1,-1,-1,-1,-1,-1,8957,8969
433,10,10,1984,0,39,59,25,20,2,2,CPU,2008,2018,50,2033,2043,0,-1,-1,-1,-1,-1,-1,-1,-1,-1,2018,2020
432,11,11,6563,0,103,123,100,20,3,3,CPU,6662,6672,5,6672,6673,45,6677,6686,0,-1,-1,-1,-1,-1,-1,6673,6676
431,8,8,983,0,1085,1105,9,20,2,3,CPU,991,999,60,2074,2079,35,2081,2088,0,-1,-1,-1,-1,-1,-1,999,1002
430,11,11,3000,0,34,53,27,19,1,3,CPU,3026,3036,5,3036,3037,40,3045,3053,0,-1,-1,-1,-1,-1,-1,3037,3038
429,1,1,945,0,20,23,2,3,11,2,I/O,946,947,10,966,968,0,-1,-1,-1,-1,-1,-1,-1,-1,-1,947,959
428,11,11,1062,0,13,33,9,20,2,3,CPU,1070,1080,5,1080,1081,45,1086,1095,0,-1,-1,-1,-1,-1,-1,1081,1083
427,3,3,740,0,12,16,1,4,11,2,I/O,740,743,5,755,756,0,-1,-1,-1,-1,-1,-1,-1,-1,-1,743,755
426,11,11,9019,0,12,33,1,21,3,3,CPU,9019,9029,5,9029,9030,50,9042,9052,0,-1,-1,-1,-1,-1,-1,9030,9033
425,10,10,8591,0,35,55,14,20,3,2,CPU,8604,8614,50,8636,8646,0,-1,-1,-1,-1,-1,-1,-1,-1,-1,8614,8617
424,12,12,5810,0,4593,4615,4586,22,3,3,CPU,10395,10400,35,10400,10407,50,10415,10425,0,-1,-1,-1,-1,-1,-1,10407,10410
423,12,12,2491,0,914,935,902,21,3,3,CPU,3392,3397,35,3397,3404,45,3417,3426,0,-1,-1,-1,-1,-1,-1,3404,3407
422,8,8,3947,0,187,206,13,19,3,3,CPU,3959,3967,55,4142,4152,5,4152,4153,0,-1,-1,-1,-1,-1,-1,3967,3971
421,12,12,6901,0,3869,3893,3862,24,2,4,CPU,10762,10767,35,10767,10774,60,10782,10787,35,10787,10794,0,-1,-1,-1,10774,10776
420,8,8,1695,0,825,845,2,20,2,3,CPU,1696,1704,60,2526,2531,35,2533,2540,0,-1,-1,-1,-1,-1,-1,1704,1707
419,1,1,2864,0,25,29,7,4,11,2,I/O,2870,2871,15,2890,2893,0,-1,-1,-1,-1,-1,-1,-1,-1,-1,2871,2882
418,3,3,7187,0,17,23,8,6,10,2,I/O,7194,7197,15,7207,7210,0,-1,-1,-1,-1,-1,-1,-1,-1,-1,7197,7207
417,9,9,4214,0,23,40,14,17,2,2,CPU,4227,4236,40,4246,4254,0,-1,-1,-1,-1,-1,-1,-1,-1,-1,4236,4238
416,3,3,3166,0,22,28,8,6,12,2,I/O,3173,3176,15,3191,3194,0,-1,-1,-1,-1,-1,-1,-1,-1,-1,3176,3188
415,12,12,9612,0,2142,2165,2131,23,1,4,CPU,11742,11747,35,11747,11754,55,11766,11776,5,11776,11777,0,-1,-1,-1,11754,11755
414,1,1,8850,0,17,20,4,3,8,2,I/O,8853,8854,10,8868,8870,0,-1,-1,-1,-1,-1,-1,-1,-1,-1,8854,8862
413,2,2,8041,0,31,35,11,4,11,2,I/O,8051,8053,10,8074,8076,0,-1,-1,-1,-1,-1,-1,-1,-1,-1,8053,8064
412,1,1,5588,0,20,24,10,4,8,2,I/O,5597,5598,15,5609,5612,0,-1,-1,-1,-1,-1,-1,-1,-1,-1,5598,5607
411,3,3,19,0,10,15,1,5,10,2,I/O,19,22,10,32,34,0,-1,-1,-1,-1,-1,-1,-1,-1,-1,22,32
410,10,10,4521,0,277,298,30,21,1,3,CPU,4550,4560,55,4808,4818,5,4818,4819,0,-1,-1,-1,-1,-1,-1,4560,4561
409,10,10,9921,0,1950,1972,39,22,2,4,CPU,9959,9969,60,11881,11886,35,11886,11891,10,11891,11893,0,-1,-1,-1,9969,9971
408,11,11,3299,0,1883,1906,5,23,1,4,CPU,3303,3313,5,3313,3314,60,5193,5198,35,5198,5205,0,-1,-1,-1,3314,3315
407,12,12,7903,0,3262,3285,3251,23,1,4,CPU,11153,11158,35,11158,11165,55,11177,11187,5,11187,11188,0,-1,-1,-1,11165,11166
406,10,10,3593,0,16,34,14,18,1,2,CPU,3606,3616,40,3619,3627,0,-1,-1,-1,-1,-1,-1,-1,-1,-1,3616,3617
405,2,2,1631,0,25,29,7,4,11,2,I/O,1637,1639,10,1658,1660,0,-1,-1,-1,-1,-1,-1,-1,-1,-1,1639,1651
404,12,12,7601,0,3451,3471,3440,20,1,3,CPU,11040,11045,35,11045,11052,40,11064,11072,0,-1,-1,-1,-1,-1,-1,11052,11053
403,1,1,692,0,13,17,3,4,9,2,I/O,694,695,15,706,709,0,-1,-1,-1,-1,-1,-1,-1,-1,-1,695,704
402,12,12,6354,0,4255,4276,4244,21,2,3,CPU,10597,10602,35,10602,10609,45,10621,10630,0,-1,-1,-1,-1,-1,-1,10609,10611
401,2,2,1533,0,13,17,4,4,10,2,I/O,1536,1538,10,1548,1550,0,-1,-1,-1,-1,-1,-1,-1,-1,-1,1538,1548
400,2,2,6447,0,26,29,7,3,12,2,I/O,6453,6455,5,6475,6476,0,-1,-1,-1,-1,-1,-1,-1,-1,-1,6455,6468
399,3,3,93,0,21,26,11,5,9,2,I/O,103,106,10,117,119,0,-1,-1,-1,-1,-1,-1,-1,-1,-1,106,116
398,2,2,1927,0,22,26,9,4,8,2,I/O,1935,1937,10,1951,1953,0,-1,-1,-1,-1,-1,-1,-1,-1,-1,1937,1945
397,2,2,4741,0,16,19,6,3,8,2,I/O,4746,4748,5,4759,4760,0,-1,-1,-1,-1,-1,-1,-1,-1,-1,4748,4757
396,10,10,7827,0,17,35,15,18,1,2,CPU,7841,7851,40,7854,7862,0,-1,-1,-1,-1,-1,-1,-1,-1,-1,7851,7852
395,3,3,6381,0,14,18,2,4,12,2,I/O,6382,6385,5,6398,6399,0,-1,-1,-1,-1,-1,-1,-1,-1,-1,6385,6398
394,3,3,6750,0,19,25,7,6,12,2,I/O,6756,6759,15,6772,6775,0,-1,-1,-1,-1,-1,-1,-1,-1,-1,6759,6772
393,8,8,9540,0,40,58,2,18,3,2,CPU,9541,9549,50,9588,9598,0,-1,-1,-1,-1,-1,-1,-1,-1,-1,9549,9552
392,12,12,9452,0,2244,2266,2236,22,1,3,CPU,11687,11692,35,11692,11699,50,11708,11718,0,-1,-1,-1,-1,-1,-1,11699,11700
391,1,1,9314,0,24,28,9,4,10,2,I/O,9322,9323,15,9339,9342,0,-1,-1,-1,-1,-1,-1,-1,-1,-1,9323,9334
390,12,12,7873,0,3256,3280,3245,24,2,4,CPU,11117,11122,35,11122,11129,60,11141,11146,35,11146,11153,0,-1,-1,-1,11129,11131
389,3,3,8566,0,32,37,11,5,11,2,I/O,8576,8579,10,8601,8603,0,-1,-1,-1,-1,-1,-1,-1,-1,-1,8579,8591
388,10,10,9384,0,2269,2291,4,22,1,3,CPU,9387,9397,60,11663,11668,35,11668,11675,0,-1,-1,-1,-1,-1,-1,9397,9399
387,12,12,444,0,733,754,722,21,3,3,CPU,1165,1170,35,1170,1177,45,1189,1198,0,-1,-1,-1,-1,-1,-1,1177,1180
386,3,3,7276,0,26,30,9,4,11,2,I/O,7284,7287,5,7305,7306,0,-1,-1,-1,-1,-1,-1,-1,-1,-1,7287,7299
385,12,12,6124,0,4389,4413,4378,24,1,4,CPU,10501,10506,35,10506,10513,60,10525,10530,35,10530,10537,0,-1,-1,-1,10513,10514
384,8,8,1846,0,21,39,10,18,1,2,CPU,1855,1863,50,1875,1885,0,-1,-1,-1,-1,-1,-1,-1,-1,-1,1863,1864
383,8,8,3027,0,794,814,11,20,3,3,CPU,3037,3045,60,3829,3834,35,3834,3841,0,-1,-1,-1,-1,-1,-1,3045,3048
382,3,3,4391,0,32,38,9,6,11,2,I/O,4399,4402,15,4426,4429,0,-1,-1,-1,-1,-1,-1,-1,-1,-1,4402,4414
381,2,2,6693,0,16,21,3,5,11,2,I/O,6695,6697,15,6711,6714,0,-1,-1,-1,-1,-1,-1,-1,-1,-1,6697,6708
380,8,8,244,0,114,132,8,18,3,2,CPU,251,259,50,366,376,0,-1,-1,-1,-1,-1,-1,-1,-1,-1,259,262
379,12,12,4816,0,5292,5316,5281,24,3,4,CPU,10096,10101,35,10101,10108,60,10120,10125,35,10125,10132,0,-1,-1,-1,10108,10111
378,3,3,9775,0,19,24,6,5,9,2,I/O,9780,9783,10,9797,9799,0,-1,-1,-1,-1,-1,-1,-1,-1,-1,9783,9793
377,3,3,7546,0,14,19,1,5,11,2,I/O,7546,7549,10,7563,7565,0,-1,-1,-1,-1,-1,-1,-1,-1,-1,7549,7561
376,2,2,9677,0,24,29,6,5,10,2,I/O,9682,9684,15,9703,9706,0,-1,-1,-1,-1,-1,-1,-1,-1,-1,9684,9694
375,9,9,6894,0,27,45,26,18,2,2,CPU,6919,6928,45,6930,6939,0,-1,-1,-1,-1,-1,-1,-1,-1,-1,6928,6930
374,11,11,4208,0,4227,4250,364,23,2,4,CPU,4571,4581,5,4581,4582,60,8444,8449,35,8451,8458,0,-1,-1,-1,4582,4584
373,1,1,6653,0,19,22,6,3,11,2,I/O,6658,6659,10,6673,6675,0,-1,-1,-1,-1,-1,-1,-1,-1,-1,6659,6670
372,12,12,727,0,811,831,798,20,1,3,CPU,1524,1529,35,1529,1536,40,1550,1558,0,-1,-1,-1,-1,-1,-1,1536,1537
371,8,8,3137,0,81,99,28,18,3,2,CPU,3164,3172,50,3226,3236,0,-1,-1,-1,-1,-1,-1,-1,-1,-1,3172,3176
370,11,11,7960,0,58,80,51,22,1,4,CPU,8010,8020,5,8020,8021,55,8029,8039,5,8039,8040,0,-1,-1,-1,8021,8022
369,10,10,4215,0,386,407,22,21,3,3,CPU,4236,4246,55,4611,4621,5,4621,4622,0,-1,-1,-1,-1,-1,-1,4246,4249
368,1,1,9972,0,17,21,7,4,9,2,I/O,9978,9979,15,9990,9993,0,-1,-1,-1,-1,-1,-1,-1,-1,-1,9979,9988
367,3,3,5011,0,21,26,8,5,10,2,I/O,5018,5021,10,5035,5037,0,-1,-1,-1,-1,-1,-1,-1,-1,-1,5021,5032
366,3,3,133,0,14,20,5,6,8,2,I/O,137,140,15,150,153,0,-1,-1,-1,-1,-1,-1,-1,-1,-1,140,148
365,2,2,6295,0,15,20,5,5,8,2,I/O,6299,6301,15,6312,6315,0,-1,-1,-1,-1,-1,-1,-1,-1,-1,6301,6309
364,2,2,3597,0,17,22,8,5,10,2,I/O,3604,3606,15,3616,3619,0,-1,-1,-1,-1,-1,-1,-1,-1,-1,3606,3616
363,1,1,9420,0,18,22,8,4,11,2,I/O,9427,9428,15,9439,9442,0,-1,-1,-1,-1,-1,-1,-1,-1,-1,9428,9439
362,2,2,9083,0,14,17,1,3,8,2,I/O,9083,9085,5,9099,9100,0,-1,-1,-1,-1,-1,-1,-1,-1,-1,9085,9093
361,10,10,5008,0,96,116,75,20,1,2,CPU,5082,5092,50,5114,5124,0,-1,-1,-1,-1,-1,-1,-1,-1,-1,5092,5093
360,11,11,1855,0,44,65,42,21,3,3,CPU,1896,1906,5,1906,1907,50,1910,1920,0,-1,-1,-1,-1,-1,-1,1907,1910
359,2,2,4172,0,21,24,7,3,10,2,I/O,4178,4180,5,4195,4196,0,-1,-1,-1,-1,-1,-1,-1,-1,-1,4180,4191
358,2,2,6359,0,17,22,2,5,12,2,I/O,6360,6362,15,6378,6381,0,-1,-1,-1,-1,-1,-1,-1,-1,-1,6362,6374
357,11,11,2343,0,994,1017,147,23,3,4,CPU,2489,2499,5,2499,2500,60,3348,3353,35,3353,3360,0,-1,-1,-1,2500,2504
356,1,1,655,0,10,13,1,3,9,2,I/O,655,656,10,666,668,0,-1,-1,-1,-1,-1,-1,-1,-1,-1,656,665
355,10,10,9745,0,2034,2056,1,22,2,3,CPU,9745,9755,60,11789,11794,35,11794,11801,0,-1,-1,-1,-1,-1,-1,9755,9757
354,3,3,5024,0,28,33,8,5,12,2,I/O,5031,5034,10,5055,5057,0,-1,-1,-1,-1,-1,-1,-1,-1,-1,5034,5046
353,12,12,2315,0,966,988,944,22,1,3,CPU,3258,3263,35,3266,3273,50,3293,3303,0,-1,-1,-1,-1,-1,-1,3273,3274
352,11,11,9276,0,44,63,36,19,3,3,CPU,9311,9321,5,9321,9322,40,9331,9339,0,-1,-1,-1,-1,-1,-1,9322,9325
351,1,1,4811,0,24,26,9,2,12,2,I/O,4819,4820,5,4836,4837,0,-1,-1,-1,-1,-1,-1,-1,-1,-1,4820,4832
350,2,2,2356,0,14,17,3,3,11,2,I/O,2358,2360,5,2372,2373,0,-1,-1,-1,-1,-1,-1,-1,-1,-1,2360,2371
349,11,11,5268,0,128,150,125,22,1,4,CPU,5392,5402,5,5402,5403,55,5407,5417,5,5417,5418,0,-1,-1,-1,5403,5405
348,2,2,6761,0,23,26,10,3,10,2,I/O,6770,6772,5,6786,6787,0,-1,-1,-1,-1,-1,-1,-1,-1,-1,6772,6782
347,3,3,999,0,29,34,9,5,11,2,I/O,1007,1010,10,1031,1033,0,-1,-1,-1,-1,-1,-1,-1,-1,-1,1010,1022
346,3,3,3153,0,20,26,9,6,10,2,I/O,3161,3164,15,3176,3179,0,-1,-1,-1,-1,-1,-1,-1,-1,-1,3164,3175
345,2,2,2510,0,19,23,7,4,12,2,I/O,2516,2518,10,2531,2533,0,-1,-1,-1,-1,-1,-1,-1,-1,-1,2518,2530
344,10,10,9406,0,3,21,1,18,3,2,CPU,9406,9416,40,9419,9427,0,-1,-1,-1,-1,-1,-1,-1,-1,-1,9416,9419
343,3,3,7540,0,18,23,4,5,11,2,I/O,7543,7546,10,7561,7563,0,-1,-1,-1,-1,-1,-1,-1,-1,-1,7546,7557
342,2,2,894,0,15,20,4,5,11,2,I/O,897,899,15,911,914,0,-1,-1,-1,-1,-1,-1,-1,-1,-1,899,911
341,1,1,2303,0,18,22,1,4,11,2,I/O,2303,2304,15,2322,2325,0,-1,-1,-1,-1,-1,-1,-1,-1,-1,2304,2315
340,2,2,2596,0,13,18,1,5,10,2,I/O,2596,2598,15,2611,2614,0,-1,-1,-1,-1,-1,-1,-1,-1,-1,2598,2608
339,2,2,4809,0,26,30,16,4,10,2,I/O,4824,4826,10,4837,4839,0,-1,-1,-1,-1,-1,-1,-1,-1,-1,4826,4837
338,2,2,4353,0,22,25,3,3,10,2,I/O,4355,4357,5,4377,4378,0,-1,-1,-1,-1,-1,-1,-1,-1,-1,4357,4368
337,3,3,2914,0,12,16,2,4,9,2,I/O,2915,2918,5,2929,2930,0,-1,-1,-1,-1,-1,-1,-1,-1,-1,2918,2927
336,11,11,169,0,391,412,381,21,1,3,CPU,549,559,5,559,560,50,571,581,0,-1,-1,-1,-1,-1,-1,560,561
335,8,8,4315,0,35,52,1,17,1,2,CPU,4315,4323,45,4358,4367,0,-1,-1,-1,-1,-1,-1,-1,-1,-1,4323,4324
334,2,2,621,0,11,14,1,3,10,2,I/O,621,623,5,634,635,0,-1,-1,-1,-1,-1,-1,-1,-1,-1,623,634
333,3,3,9612,0,21,26,11,5,9,2,I/O,9622,9625,10,9636,9638,0,-1,-1,-1,-1,-1,-1,-1,-1,-1,9625,9634
332,10,10,65,0,445,466,63,21,3,3,CPU,127,137,55,520,530,5,530,531,0,-1,-1,-1,-1,-1,-1,137,140
331,3,3,2548,0,12,17,1,5,12,2,I/O,2548,2551,10,2563,2565,0,-1,-1,-1,-1,-1,-1,-1,-1,-1,2551,2563
330,12,12,3044,0,818,842,809,24,2,4,CPU,3852,3857,35,3857,3864,60,3874,3879,35,3879,3886,0,-1,-1,-1,3864,3866
329,3,3,3947,0,17,21,7,4,8,2,I/O,3953,3956,5,3967,3968,0,-1,-1,-1,-1,-1,-1,-1,-1,-1,3956,3965
328,3,3,4862,0,17,23,7,6,8,2,I/O,4868,4871,15,4882,4885,0,-1,-1,-1,-1,-1,-1,-1,-1,-1,4871,4879
327,2,2,383,0,15,20,4,5,12,2,I/O,386,388,15,400,403,0,-1,-1,-1,-1,-1,-1,-1,-1,-1,388,400
326,12,12,4143,0,4239,4262,4228,23,3,4,CPU,8370,8375,35,8375,8382,55,8394,8404,5,8404,8405,0,-1,-1,-1,8382,8385
325,9,9,6448,0,21,38,19,17,3,2,CPU,6466,6475,40,6478,6486,0,-1,-1,-1,-1,-1,-1,-1,-1,-1,6475,6478
324,1,1,4095,0,21,25,6,4,10,2,I/O,4100,4101,15,4117,4120,0,-1,-1,-1,-1,-1,-1,-1,-1,-1,4101,4112
323,9,9,6014,0,4458,4479,17,21,1,3,CPU,6030,6039,60,10481,10486,35,10486,10493,0,-1,-1,-1,-1,-1,-1,6039,6041
322,9,9,7315,0,3605,3626,1,21,1,3,CPU,7315,7324,60,10929,10934,35,10934,10941,0,-1,-1,-1,-1,-1,-1,7324,7325
321,2,2,1566,0,12,17,3,5,8,2,I/O,1568,1570,15,1580,1583,0,-1,-1,-1,-1,-1,-1,-1,-1,-1,1570,1579
320,11,11,1616,0,23,42,11,19,3,3,CPU,1626,1636,5,1636,1637,40,1650,1658,0,-1,-1,-1,-1,-1,-1,1637,1640
319,2,2,9821,0,22,26,3,4,11,2,I/O,9823,9825,10,9845,9847,0,-1,-1,-1,-1,-1,-1,-1,-1,-1,9825,9837
318,10,10,214,0,44,64,27,20,3,2,CPU,240,250,50,268,278,0,-1,-1,-1,-1,-1,-1,-1,-1,-1,250,253
317,12,12,6775,0,3942,3966,3931,24,3,4,CPU,10705,10710,35,10710,10717,60,10729,10734,35,10734,10741,0,-1,-1,-1,10717,10720
316,2,2,9684,0,13,16,1,3,11,2,I/O,9684,9686,5,9699,9700,0,-1,-1,-1,-1,-1,-1,-1,-1,-1,9686,9698
315,11,11,1259,0,121,140,111,19,3,3,CPU,1369,1379,5,1379,1380,40,1391,1399,0,-1,-1,-1,-1,-1,-1,1380,1383
314,8,8,8888,0,2631,2651,13,20,3,3,CPU,8900,8908,60,11527,11532,35,11532,11539,0,-1,-1,-1,-1,-1,-1,8908,8911
313,12,12,2850,0,779,803,741,24,2,4,CPU,3590,3595,35,3595,3602,60,3641,3646,35,3646,3653,0,-1,-1,-1,3602,3604
312,9,9,4063,0,48,66,29,18,2,2,CPU,4091,4100,45,4120,4129,0,-1,-1,-1,-1,-1,-1,-1,-1,-1,4100,4102
311,3,3,5188,0,14,18,3,4,11,2,I/O,5190,5193,5,5205,5206,0,-1,-1,-1,-1,-1,-1,-1,-1,-1,5193,5204
310,2,2,346,0,17,20,6,3,10,2,I/O,351,353,5,365,366,0,-1,-1,-1,-1,-1,-1,-1,-1,-1,353,364
309,10,10,6480,0,61,81,32,20,2,2,CPU,6511,6521,50,6551,6561,0,-1,-1,-1,-1,-1,-1,-1,-1,-1,6521,6524
308,1,1,1869,0,15,17,6,2,8,2,I/O,1874,1875,5,1885,1886,0,-1,-1,-1,-1,-1,-1,-1,-1,-1,1875,1883
307,12,12,3974,0,2258,2282,2228,24,2,4,CPU,6201,6206,35,6206,6213,60,6238,6243,35,6249,6256,0,-1,-1,-1,6213,6215
306,8,8,2389,0,107,126,35,19,3,3,CPU,2423,2431,55,2504,2514,5,2514,2515,0,-1,-1,-1,-1,-1,-1,2431,2434
305,9,9,387,0,8,26,5,18,1,2,CPU,391,400,45,404,413,0,-1,-1,-1,-1,-1,-1,-1,-1,-1,400,401
304,8,8,9168,0,19,37,9,18,3,2,CPU,9176,9184,50,9195,9205,0,-1,-1,-1,-1,-1,-1,-1,-1,-1,9184,9187
303,1,1,6782,0,14,17,7,3,8,2,I/O,6788,6789,10,6797,6799,0,-1,-1,-1,-1,-1,-1,-1,-1,-1,6789,6797
302,2,2,7683,0,12,16,3,4,8,2,I/O,7685,7687,10,7697,7699,0,-1,-1,-1,-1,-1,-1,-1,-1,-1,7687,7695
301,1,1,1326,0,15,19,7,4,9,2,I/O,1332,1333,15,1342,1345,0,-1,-1,-1,-1,-1,-1,-1,-1,-1,1333,1342
300,1,1,2582,0,15,18,4,3,11,2,I/O,2585,2586,10,2598,2600,0,-1,-1,-1,-1,-1,-1,-1,-1,-1,2586,2597
299,10,10,7789,0,63,82,41,19,3,2,CPU,7829,7839,45,7862,7871,0,-1,-1,-1,-1,-1,-1,-1,-1,-1,7839,7842
298,2,2,4274,0,18,23,4,5,12,2,I/O,4277,4279,15,4294,4297,0,-1,-1,-1,-1,-1,-1,-1,-1,-1,4279,4292
297,8,8,6060,0,18,34,10,16,1,2,CPU,6069,6077,40,6086,6094,0,-1,-1,-1,-1,-1,-1,-1,-1,-1,6077,6078
296,9,9,8808,0,25,45,16,20,2,3,CPU,8823,8832,55,8842,8852,5,8852,8853,0,-1,-1,-1,-1,-1,-1,8832,8834
295,11,11,597,0,176,195,174,19,3,3,CPU,770,780,5,780,781,40,784,792,0,-1,-1,-1,-1,-1,-1,781,784
294,12,12,7974,0,3234,3257,3223,23,1,4,CPU,11196,11201,35,11201,11208,55,11220,11230,5,11230,11231,0,-1,-1,-1,11208,11209
293,9,9,6083,0,66,85,38,19,2,2,CPU,6120,6129,50,6158,6168,0,-1,-1,-1,-1,-1,-1,-1,-1,-1,6129,6132
292,2,2,838,0,20,24,1,4,12,2,I/O,838,840,10,860,862,0,-1,-1,-1,-1,-1,-1,-1,-1,-1,840,852
291,2,2,99,0,14,18,3,4,12,2,I/O,101,103,10,115,117,0,-1,-1,-1,-1,-1,-1,-1,-1,-1,103,115
290,1,1,1908,0,11,15,2,4,8,2,I/O,1909,1910,15,1920,1923,0,-1,-1,-1,-1,-1,-1,-1,-1,-1,1910,1918
289,3,3,6523,0,11,16,4,5,8,2,I/O,6526,6529,10,6537,6539,0,-1,-1,-1,-1,-1,-1,-1,-1,-1,6529,6537
288,3,3,7254,0,25,30,13,5,10,2,I/O,7266,7269,10,7282,7284,0,-1,-1,-1,-1,-1,-1,-1,-1,-1,7269,7280
287,1,1,5800,0,18,21,7,3,11,2,I/O,5806,5807,10,5819,5821,0,-1,-1,-1,-1,-1,-1,-1,-1,-1,5807,5819
286,1,1,6448,0,16,18,5,2,8,2,I/O,6452,6453,5,6465,6466,0,-1,-1,-1,-1,-1,-1,-1,-1,-1,6453,6462
285,3,3,2809,0,19,23,1,4,10,2,I/O,2809,2812,5,2831,2832,0,-1,-1,-1,-1,-1,-1,-1,-1,-1,2812,2822
284,11,11,2662,0,56,75,49,19,2,3,CPU,2710,2720,5,2720,2721,40,2729,2737,0,-1,-1,-1,-1,-1,-1,2721,2723
283,10,10,5261,0,4942,4964,84,22,3,3,CPU,5344,5354,60,10213,10218,35,10218,10225,0,-1,-1,-1,-1,-1,-1,5354,5357
282,2,2,3155,0,15,18,5,3,9,2,I/O,3159,3161,5,3172,3173,0,-1,-1,-1,-1,-1,-1,-1,-1,-1,3161,3170
281,3,3,2618,0,21,26,5,5,12,2,I/O,2622,2625,10,2642,2644,0,-1,-1,-1,-1,-1,-1,-1,-1,-1,2625,2637
280,2,2,2737,0,8,13,1,5,8,2,I/O,2737,2739,15,2747,2750,0,-1,-1,-1,-1,-1,-1,-1,-1,-1,2739,2747
279,3,3,3934,0,14,19,4,5,11,2,I/O,3937,3940,10,3951,3953,0,-1,-1,-1,-1,-1,-1,-1,-1,-1,3940,3951
278,9,9,4625,0,18,37,8,19,1,2,CPU,4632,4641,50,4652,4662,0,-1,-1,-1,-1,-1,-1,-1,-1,-1,4641,4642
277,9,9,1345,0,3,21,1,18,2,2,CPU,1345,1354,45,1357,1366,0,-1,-1,-1,-1,-1,-1,-1,-1,-1,1354,1356
276,12,12,4003,0,2247,2271,2211,24,3,4,CPU,6213,6218,35,6219,6226,60,6262,6267,35,6267,6274,0,-1,-1,-1,6226,6230
275,3,3,2278,0,16,20,6,4,11,2,I/O,2283,2286,5,2297,2298,0,-1,-1,-1,-1,-1,-1,-1,-1,-1,2286,2297
274,2,2,6476,0,8,13,1,5,8,2,I/O,6476,6478,15,6486,6489,0,-1,-1,-1,-1,-1,-1,-1,-1,-1,6478,6486
273,8,8,7030,0,3780,3800,8,20,3,3,CPU,7037,7045,60,10818,10823,35,10823,10830,0,-1,-1,-1,-1,-1,-1,7045,7049
272,1,1,1950,0,18,21,1,3,10,2,I/O,1950,1951,10,1969,1971,0,-1,-1,-1,-1,-1,-1,-1,-1,-1,1951,1962
271,9,9,2319,0,21,39,20,18,2,2,CPU,2338,2347,45,2349,2358,0,-1,-1,-1,-1,-1,-1,-1,-1,-1,2347,2349
270,11,11,9245,0,36,56,15,20,2,3,CPU,9259,9269,5,9269,9270,45,9292,9301,0,-1,-1,-1,-1,-1,-1,9270,9272
269,12,12,2807,0,705,727,694,22,2,3,CPU,3500,3505,35,3505,3512,50,3524,3534,0,-1,-1,-1,-1,-1,-1,3512,3514
268,8,8,551,0,22,40,13,18,1,2,CPU,563,571,50,581,591,0,-1,-1,-1,-1,-1,-1,-1,-1,-1,571,572
267,10,10,9889,0,135,156,51,21,3,3,CPU,9939,9949,55,10034,10044,5,10044,10045,0,-1,-1,-1,-1,-1,-1,9949,9952
266,3,3,7487,0,21,26,11,5,8,2,I/O,7497,7500,10,7511,7513,0,-1,-1,-1,-1,-1,-1,-1,-1,-1,7500,7508
265,11,11,5328,0,173,194,172,21,2,3,CPU,5499,5509,5,5509,5510,50,5512,5522,0,-1,-1,-1,-1,-1,-1,5510,5512
264,2,2,9716,0,23,26,8,3,9,2,I/O,9723,9725,5,9741,9742,0,-1,-1,-1,-1,-1,-1,-1,-1,-1,9725,9734
263,2,2,2343,0,15,20,5,5,11,2,I/O,2347,2349,15,2360,2363,0,-1,-1,-1,-1,-1,-1,-1,-1,-1,2349,2360
262,2,2,2077,0,14,19,3,5,12,2,I/O,2079,2081,15,2093,2096,0,-1,-1,-1,-1,-1,-1,-1,-1,-1,2081,2093
261,1,1,517,0,14,17,3,3,11,2,I/O,519,520,10,532,534,0,-1,-1,-1,-1,-1,-1,-1,-1,-1,520,531
260,1,1,3566,0,14,18,2,4,11,2,I/O,3567,3568,15,3581,3584,0,-1,-1,-1,-1,-1,-1,-1,-1,-1,3568,3579
259,2,2,5412,0,27,31,9,4,12,2,I/O,5420,5422,10,5441,5443,0,-1,-1,-1,-1,-1,-1,-1,-1,-1,5422,5434
258,8,8,4347,0,431,450,1,19,3,3,CPU,4347,4355,55,4786,4796,5,4796,4797,0,-1,-1,-1,-1,-1,-1,4355,4359
257,3,3,7218,0,14,20,5,6,8,2,I/O,7222,7225,15,7235,7238,0,-1,-1,-1,-1,-1,-1,-1,-1,-1,7225,7233
256,3,3,8245,0,12,16,1,4,8,2,I/O,8245,8248,5,8260,8261,0,-1,-1,-1,-1,-1,-1,-1,-1,-1,8248,8256
255,3,3,8473,0,17,23,2,6,9,2,I/O,8474,8477,15,8493,8496,0,-1,-1,-1,-1,-1,-1,-1,-1,-1,8477,8487
254,1,1,6066,0,13,15,1,2,12,2,I/O,6066,6067,5,6080,6081,0,-1,-1,-1,-1,-1,-1,-1,-1,-1,6067,6080
253,3,3,9772,0,20,25,6,5,8,2,I/O,9777,9780,10,9795,9797,0,-1,-1,-1,-1,-1,-1,-1,-1,-1,9780,9788
252,9,9,6073,0,23,40,23,17,1,2,CPU,6095,6104,40,6105,6113,0,-1,-1,-1,-1,-1,-1,-1,-1,-1,6104,6105
251,1,1,8797,0,22,26,3,4,12,2,I/O,8799,8800,15,8820,8823,0,-1,-1,-1,-1,-1,-1,-1,-1,-1,8800,8813
250,8,8,6441,0,8,24,4,16,1,2,CPU,6444,6452,40,6457,6465,0,-1,-1,-1,-1,-1,-1,-1,-1,-1,6452,6453
249,3,3,8464,0,18,22,8,4,8,2,I/O,8471,8474,5,8485,8486,0,-1,-1,-1,-1,-1,-1,-1,-1,-1,8474,8483
248,1,1,895,0,14,16,2,2,11,2,I/O,896,897,5,910,911,0,-1,-1,-1,-1,-1,-1,-1,-1,-1,897,909
247,8,8,72,0,73,91,3,18,1,2,CPU,74,82,50,153,163,0,-1,-1,-1,-1,-1,-1,-1,-1,-1,82,83
246,9,9,3051,0,5,24,3,19,2,2,CPU,3053,3062,50,3065,3075,0,-1,-1,-1,-1,-1,-1,-1,-1,-1,3062,3064
245,1,1,4444,0,28,30,9,2,11,2,I/O,4452,4453,5,4473,4474,0,-1,-1,-1,-1,-1,-1,-1,-1,-1,4453,4464
244,1,1,1289,0,18,20,6,2,12,2,I/O,1294,1295,5,1308,1309,0,-1,-1,-1,-1,-1,-1,-1,-1,-1,1295,1307
243,9,9,4516,0,1,18,1,17,1,2,CPU,4516,4525,40,4526,4534,0,-1,-1,-1,-1,-1,-1,-1,-1,-1,4525,4526
242,1,1,2164,0,15,17,4,2,11,2,I/O,2167,2168,5,2180,2181,0,-1,-1,-1,-1,-1,-1,-1,-1,-1,2168,2179
241,3,3,5709,0,22,28,5,6,9,2,I/O,5713,5716,15,5734,5737,0,-1,-1,-1,-1,-1,-1,-1,-1,-1,5716,5725
240,11,11,759,0,795,818,34,23,2,4,CPU,792,802,5,802,803,60,1563,1568,35,1570,1577,0,-1,-1,-1,803,805
239,1,1,3428,0,20,22,8,2,8,2,I/O,3435,3436,5,3449,3450,0,-1,-1,-1,-1,-1,-1,-1,-1,-1,3436,3444
238,12,12,6254,0,4315,4335,4304,20,1,3,CPU,10557,10562,35,10562,10569,40,10581,10589,0,-1,-1,-1,-1,-1,-1,10569,10570
237,3,3,5300,0,19,25,8,6,9,2,I/O,5307,5310,15,5322,5325,0,-1,-1,-1,-1,-1,-1,-1,-1,-1,5310,5320
236,10,10,1292,0,19,39,4,20,1,2,CPU,1295,1305,50,1321,1331,0,-1,-1,-1,-1,-1,-1,-1,-1,-1,1305,1306
235,3,3,5677,0,22,28,6,6,8,2,I/O,5682,5685,15,5702,5705,0,-1,-1,-1,-1,-1,-1,-1,-1,-1,5685,5693
234,12,12,8799,0,2696,2717,2685,21,1,3,CPU,11483,11488,35,11488,11495,45,11507,11516,0,-1,-1,-1,-1,-1,-1,11495,11496
233,12,12,6813,0,3949,3969,3938,20,2,3,CPU,10750,10755,35,10755,10762,40,10774,10782,0,-1,-1,-1,-1,-1,-1,10762,10764
232,2,2,1770,0,21,25,11,4,9,2,I/O,1780,1782,10,1793,1795,0,-1,-1,-1,-1,-1,-1,-1,-1,-1,1782,1791
231,3,3,3262,0,17,22,2,5,9,2,I/O,3263,3266,10,3282,3284,0,-1,-1,-1,-1,-1,-1,-1,-1,-1,3266,3275
230,9,9,2664,0,10,29,2,19,2,2,CPU,2665,2674,50,2683,2693,0,-1,-1,-1,-1,-1,-1,-1,-1,-1,2674,2676
229,2,2,4077,0,24,29,4,5,10,2,I/O,4080,4082,15,4103,4106,0,-1,-1,-1,-1,-1,-1,-1,-1,-1,4082,4092
228,1,1,6107,0,22,26,7,4,11,2,I/O,6113,6114,15,6130,6133,0,-1,-1,-1,-1,-1,-1,-1,-1,-1,6114,6125
227,2,2,6239,0,15,20,5,5,9,2,I/O,6243,6245,15,6256,6259,0,-1,-1,-1,-1,-1,-1,-1,-1,-1,6245,6254
226,2,2,274,0,14,18,5,4,10,2,I/O,278,280,10,290,292,0,-1,-1,-1,-1,-1,-1,-1,-1,-1,280,290
225,2,2,7029,0,18,22,4,4,8,2,I/O,7032,7034,10,7049,7051,0,-1,-1,-1,-1,-1,-1,-1,-1,-1,7034,7043
224,10,10,221,0,371,392,109,21,1,3,CPU,329,339,55,602,612,5,612,613,0,-1,-1,-1,-1,-1,-1,339,340
223,2,2,1986,0,18,22,1,4,11,2,I/O,1986,1988,10,2006,2008,0,-1,-1,-1,-1,-1,-1,-1,-1,-1,1988,2000
222,8,8,5427,0,103,122,22,19,1,3,CPU,5448,5456,55,5538,5548,5,5548,5549,0,-1,-1,-1,-1,-1,-1,5456,5457
221,9,9,3935,0,55,74,40,19,3,2,CPU,3974,3983,50,3999,4009,0,-1,-1,-1,-1,-1,-1,-1,-1,-1,3983,3986
220,9,9,6666,0,22,41,21,19,2,2,CPU,6686,6695,50,6697,6707,0,-1,-1,-1,-1,-1,-1,-1,-1,-1,6695,6697
219,9,9,104,0,6,23,3,17,2,2,CPU,106,115,40,119,127,0,-1,-1,-1,-1,-1,-1,-1,-1,-1,115,118
218,1,1,1829,0,15,18,3,3,12,2,I/O,1831,1832,10,1845,1847,0,-1,-1,-1,-1,-1,-1,-1,-1,-1,1832,1844
217,1,1,7043,0,17,21,3,4,11,2,I/O,7045,7046,15,7061,7064,0,-1,-1,-1,-1,-1,-1,-1,-1,-1,7046,7058
216,8,8,605,0,24,40,9,16,3,2,CPU,613,621,40,637,645,0,-1,-1,-1,-1,-1,-1,-1,-1,-1,621,624
215,1,1,6064,0,12,16,2,4,8,2,I/O,6065,6066,15,6077,6080,0,-1,-1,-1,-1,-1,-1,-1,-1,-1,6066,6075
214,10,10,2103,0,22,41,17,19,2,2,CPU,2119,2129,45,2135,2144,0,-1,-1,-1,-1,-1,-1,-1,-1,-1,2129,2131
213,11,11,3649,0,35,57,18,22,1,4,CPU,3666,3676,5,3676,3677,55,3695,3705,5,3705,3706,0,-1,-1,-1,3677,3678
212,10,10,5746,0,1,22,1,21,1,3,CPU,5746,5756,55,5757,5767,5,5767,5768,0,-1,-1,-1,-1,-1,-1,5756,5757
211,2,2,1239,0,15,18,6,3,8,2,I/O,1244,1246,5,1256,1257,0,-1,-1,-1,-1,-1,-1,-1,-1,-1,1246,1254
210,10,10,1124,0,1047,1069,2,22,2,3,CPU,1125,1135,60,2181,2186,35,2186,2193,0,-1,-1,-1,-1,-1,-1,1135,1137
209,3,3,8849,0,19,23,8,4,11,2,I/O,8856,8859,5,8871,8872,0,-1,-1,-1,-1,-1,-1,-1,-1,-1,8859,8871
208,2,2,1084,0,13,17,1,4,10,2,I/O,1084,1086,10,1099,1101,0,-1,-1,-1,-1,-1,-1,-1,-1,-1,1086,1098
207,2,2,6610,0,19,24,9,5,11,2,I/O,6618,6620,15,6631,6634,0,-1,-1,-1,-1,-1,-1,-1,-1,-1,6620,6631
206,3,3,9728,0,13,17,1,4,12,2,I/O,9728,9731,5,9744,9745,0,-1,-1,-1,-1,-1,-1,-1,-1,-1,9731,9744
205,9,9,4263,0,52,69,44,17,1,2,CPU,4306,4315,40,4324,4332,0,-1,-1,-1,-1,-1,-1,-1,-1,-1,4315,4316
204,12,12,4289,0,4415,4439,4223,24,1,4,CPU,8511,8516,35,8516,8523,60,8714,8719,35,8721,8728,0,-1,-1,-1,8523,8524
203,2,2,2996,0,14,18,2,4,8,2,I/O,2997,2999,10,3012,3014,0,-1,-1,-1,-1,-1,-1,-1,-1,-1,2999,3007
202,1,1,9907,0,17,21,3,4,11,2,I/O,9909,9910,15,9925,9928,0,-1,-1,-1,-1,-1,-1,-1,-1,-1,9910,9921
201,2,2,1354,0,10,15,2,5,8,2,I/O,1355,1357,15,1366,1369,0,-1,-1,-1,-1,-1,-1,-1,-1,-1,1357,1365
200,2,2,5548,0,15,19,5,4,8,2,I/O,5552,5554,10,5565,5567,0,-1,-1,-1,-1,-1,-1,-1,-1,-1,5554,5562
199,3,3,9389,0,24,30,15,6,8,2,I/O,9403,9406,15,9416,9419,0,-1,-1,-1,-1,-1,-1,-1,-1,-1,9406,9414
198,3,3,2365,0,26,32,9,6,12,2,I/O,2373,2376,15,2394,2397,0,-1,-1,-1,-1,-1,-1,-1,-1,-1,2376,2388
197,11,11,1306,0,914,937,75,23,1,4,CPU,1380,1390,5,1390,1391,60,2229,2234,35,2236,2243,0,-1,-1,-1,1391,1392
196,9,9,245,0,847,868,15,21,2,3,CPU,259,268,60,1101,1106,35,1106,1113,0,-1,-1,-1,-1,-1,-1,268,270
195,1,1,6292,0,18,20,7,2,11,2,I/O,6298,6299,5,6311,6312,0,-1,-1,-1,-1,-1,-1,-1,-1,-1,6299,6311
194,1,1,5124,0,9,11,1,2,8,2,I/O,5124,5125,5,5134,5135,0,-1,-1,-1,-1,-1,-1,-1,-1,-1,5125,5133
193,1,1,451,0,12,15,1,3,10,2,I/O,451,452,10,464,466,0,-1,-1,-1,-1,-1,-1,-1,-1,-1,452,463
192,3,3,8531,0,16,20,5,4,8,2,I/O,8535,8538,5,8550,8551,0,-1,-1,-1,-1,-1,-1,-1,-1,-1,8538,8546
191,9,9,9114,0,31,48,17,17,2,2,CPU,9130,9139,40,9154,9162,0,-1,-1,-1,-1,-1,-1,-1,-1,-1,9139,9141
190,12,12,6511,0,4142,4162,4131,20,1,3,CPU,10641,10646,35,10646,10653,40,10665,10673,0,-1,-1,-1,-1,-1,-1,10653,10654
189,1,1,1073,0,21,24,9,3,12,2,I/O,1081,1082,10,1095,1097,0,-1,-1,-1,-1,-1,-1,-1,-1,-1,1082,1095
188,2,2,6107,0,20,23,9,3,8,2,I/O,6115,6117,5,6129,6130,0,-1,-1,-1,-1,-1,-1,-1,-1,-1,6117,6125
187,1,1,1726,0,16,20,1,4,10,2,I/O,1726,1727,15,1743,1746,0,-1,-1,-1,-1,-1,-1,-1,-1,-1,1727,1738
186,12,12,6306,0,4271,4291,4264,20,2,3,CPU,10569,10574,35,10574,10581,40,10589,10597,0,-1,-1,-1,-1,-1,-1,10581,10583
185,2,2,9814,0,27,31,8,4,11,2,I/O,9821,9823,10,9843,9845,0,-1,-1,-1,-1,-1,-1,-1,-1,-1,9823,9835
184,11,11,6643,0,331,352,229,21,2,3,CPU,6871,6881,5,6881,6882,50,6985,6995,0,-1,-1,-1,-1,-1,-1,6882,6884
183,12,12,9921,0,1939,1960,1929,21,2,3,CPU,11849,11854,35,11854,11861,45,11872,11881,0,-1,-1,-1,-1,-1,-1,11861,11863
182,1,1,8971,0,12,14,1,2,12,2,I/O,8971,8972,5,8984,8985,0,-1,-1,-1,-1,-1,-1,-1,-1,-1,8972,8984
181,10,10,3898,0,32,51,29,19,2,2,CPU,3926,3936,45,3940,3949,0,-1,-1,-1,-1,-1,-1,-1,-1,-1,3936,3938
180,1,1,4670,0,9,12,2,3,8,2,I/O,4671,4672,10,4680,4682,0,-1,-1,-1,-1,-1,-1,-1,-1,-1,4672,4680
179,10,10,2322,0,984,1006,131,22,2,3,CPU,2452,2462,60,3316,3321,35,3321,3328,0,-1,-1,-1,-1,-1,-1,2462,2464
178,9,9,6579,0,59,78,14,19,2,2,CPU,6592,6601,50,6647,6657,0,-1,-1,-1,-1,-1,-1,-1,-1,-1,6601,6603
177,9,9,9527,0,2194,2215,6,21,2,3,CPU,9532,9541,60,11730,11735,35,11735,11742,0,-1,-1,-1,-1,-1,-1,9541,9543
176,1,1,761,0,19,23,9,4,10,2,I/O,769,770,15,781,784,0,-1,-1,-1,-1,-1,-1,-1,-1,-1,770,780
175,2,2,6136,0,11,15,2,4,10,2,I/O,6137,6139,10,6149,6151,0,-1,-1,-1,-1,-1,-1,-1,-1,-1,6139,6149
174,1,1,6974,0,20,22,3,2,9,2,I/O,6976,6977,5,6995,6996,0,-1,-1,-1,-1,-1,-1,-1,-1,-1,6977,6986
173,11,11,6478,0,87,106,86,19,2,3,CPU,6563,6573,5,6573,6574,40,6576,6584,0,-1,-1,-1,-1,-1,-1,6574,6576
172,3,3,6770,0,14,18,6,4,8,2,I/O,6775,6778,5,6787,6788,0,-1,-1,-1,-1,-1,-1,-1,-1,-1,6778,6787
171,2,2,8536,0,13,17,3,4,10,2,I/O,8538,8540,10,8551,8553,0,-1,-1,-1,-1,-1,-1,-1,-1,-1,8540,8551
170,11,11,8613,0,24,46,3,22,3,4,CPU,8615,8625,5,8625,8626,55,8648,8658,5,8658,8659,0,-1,-1,-1,8626,8629
169,2,2,6933,0,20,25,7,5,11,2,I/O,6939,6941,15,6955,6958,0,-1,-1,-1,-1,-1,-1,-1,-1,-1,6941,6953
168,1,1,5982,0,22,26,4,4,11,2,I/O,5985,5986,15,6005,6008,0,-1,-1,-1,-1,-1,-1,-1,-1,-1,5986,5998
167,10,10,3324,0,2290,2312,8,22,3,3,CPU,3331,3341,60,5624,5629,35,5629,5636,0,-1,-1,-1,-1,-1,-1,3341,3344
166,8,8,5093,0,78,97,2,19,1,3,CPU,5094,5102,55,5179,5189,5,5189,5190,0,-1,-1,-1,-1,-1,-1,5102,5103
165,11,11,7632,0,127,148,109,21,2,3,CPU,7740,7750,5,7750,7751,50,7770,7780,0,-1,-1,-1,-1,-1,-1,7751,7753
164,12,12,9899,0,1950,1973,1939,23,3,4,CPU,11837,11842,35,11842,11849,55,11861,11871,5,11871,11872,0,-1,-1,-1,11849,11852
163,2,2,7318,0,19,22,7,3,11,2,I/O,7324,7326,5,7339,7340,0,-1,-1,-1,-1,-1,-1,-1,-1,-1,7326,7337
162,2,2,8739,0,15,19,4,4,9,2,I/O,8742,8744,10,8756,8758,0,-1,-1,-1,-1,-1,-1,-1,-1,-1,8744,8754
161,12,12,423,0,720,742,715,22,1,3,CPU,1137,1142,35,1144,1151,50,1155,1165,0,-1,-1,-1,-1,-1,-1,1151,1152
160,9,9,9885,0,36,54,31,18,2,2,CPU,9915,9924,45,9930,9939,0,-1,-1,-1,-1,-1,-1,-1,-1,-1,9924,9926
159,3,3,6789,0,15,19,6,4,9,2,I/O,6794,6797,5,6807,6808,0,-1,-1,-1,-1,-1,-1,-1,-1,-1,6797,6806
158,3,3,3575,0,24,29,13,5,11,2,I/O,3587,3590,10,3602,3604,0,-1,-1,-1,-1,-1,-1,-1,-1,-1,3590,3601
157,2,2,2841,0,17,20,8,3,10,2,I/O,2848,2850,5,2860,2861,0,-1,-1,-1,-1,-1,-1,-1,-1,-1,2850,2860
156,10,10,1220,0,53,74,15,21,2,3,CPU,1234,1244,55,1283,1293,5,1293,1294,0,-1,-1,-1,-1,-1,-1,1244,1246
155,2,2,6701,0,20,24,7,4,8,2,I/O,6707,6709,10,6723,6725,0,-1,-1,-1,-1,-1,-1,-1,-1,-1,6709,6717
154,9,9,8076,0,9,27,5,18,3,2,CPU,8080,8089,45,8094,8103,0,-1,-1,-1,-1,-1,-1,-1,-1,-1,8089,8092
153,8,8,2720,0,25,41,20,16,1,2,CPU,2739,2747,40,2753,2761,0,-1,-1,-1,-1,-1,-1,-1,-1,-1,2747,2748
152,3,3,4086,0,12,17,3,5,8,2,I/O,4088,4091,10,4101,4103,0,-1,-1,-1,-1,-1,-1,-1,-1,-1,4091,4100
151,2,2,2757,0,23,27,7,4,9,2,I/O,2763,2765,10,2782,2784,0,-1,-1,-1,-1,-1,-1,-1,-1,-1,2765,2774
150,12,12,9870,0,1943,1967,1932,24,3,4,CPU,11801,11806,35,11806,11813,60,11825,11830,35,11830,11837,0,-1,-1,-1,11813,11816
149,10,10,345,0,80,98,78,18,2,2,CPU,422,432,40,435,443,0,-1,-1,-1,-1,-1,-1,-1,-1,-1,432,434
148,3,3,4338,0,16,20,7,4,10,2,I/O,4344,4347,5,4357,4358,0,-1,-1,-1,-1,-1,-1,-1,-1,-1,4347,4357
147,1,1,4906,0,10,12,2,2,8,2,I/O,4907,4908,5,4917,4918,0,-1,-1,-1,-1,-1,-1,-1,-1,-1,4908,4917
146,8,8,9228,0,15,31,4,16,2,2,CPU,9231,9239,40,9251,9259,0,-1,-1,-1,-1,-1,-1,-1,-1,-1,9239,9241
145,11,11,8378,0,2935,2958,6,23,3,4,CPU,8383,8393,5,8393,8394,60,11324,11329,35,11329,11336,0,-1,-1,-1,8394,8397
144,10,10,8050,0,3183,3205,54,22,3,3,CPU,8103,8113,60,11243,11248,35,11248,11255,0,-1,-1,-1,-1,-1,-1,8113,8116
143,12,12,56,0,735,759,1,24,3,4,CPU,56,61,35,67,74,60,803,808,35,808,815,0,-1,-1,-1,74,77
142,10,10,218,0,81,101,63,20,1,2,CPU,280,290,50,309,319,0,-1,-1,-1,-1,-1,-1,-1,-1,-1,290,291
141,9,9,2606,0,29,48,28,19,2,2,CPU,2633,2642,50,2644,2654,0,-1,-1,-1,-1,-1,-1,-1,-1,-1,2642,2644
140,1,1,8448,0,20,23,3,3,9,2,I/O,8450,8451,10,8469,8471,0,-1,-1,-1,-1,-1,-1,-1,-1,-1,8451,8460
139,1,1,1659,0,14,16,2,2,8,2,I/O,1660,1661,5,1674,1675,0,-1,-1,-1,-1,-1,-1,-1,-1,-1,1661,1669
138,1,1,4745,0,14,16,1,2,9,2,I/O,4745,4746,5,4760,4761,0,-1,-1,-1,-1,-1,-1,-1,-1,-1,4746,4755
137,8,8,9410,0,27,44,22,17,2,2,CPU,9431,9439,45,9445,9454,0,-1,-1,-1,-1,-1,-1,-1,-1,-1,9439,9441
136,3,3,8411,0,18,23,6,5,11,2,I/O,8416,8419,10,8432,8434,0,-1,-1,-1,-1,-1,-1,-1,-1,-1,8419,8430
135,12,12,784,0,810,832,800,22,3,3,CPU,1583,1588,35,1591,1598,50,1606,1616,0,-1,-1,-1,-1,-1,-1,1598,1601
134,3,3,9682,0,16,21,5,5,8,2,I/O,9686,9689,10,9701,9703,0,-1,-1,-1,-1,-1,-1,-1,-1,-1,9689,9697
133,8,8,24,0,3,23,1,20,3,5,CPU,24,29,15,29,32,60,35,40,35,40,45,10,45,47,0,32,34
132,2,2,3994,0,15,20,4,5,8,2,I/O,3997,3999,15,4011,4014,0,-1,-1,-1,-1,-1,-1,-1,-1,-1,3999,4008
131,2,2,8843,0,25,28,12,3,12,2,I/O,8854,8856,5,8870,8871,0,-1,-1,-1,-1,-1,-1,-1,-1,-1,8856,8869
130,3,3,856,0,17,22,7,5,8,2,I/O,862,865,10,876,878,0,-1,-1,-1,-1,-1,-1,-1,-1,-1,865,873
129,12,12,3311,0,2289,2313,1905,24,3,4,CPU,5215,5220,35,5220,5227,60,5612,5617,35,5617,5624,0,-1,-1,-1,5227,5230
128,8,8,2370,0,19,35,7,16,1,2,CPU,2376,2384,40,2397,2405,0,-1,-1,-1,-1,-1,-1,-1,-1,-1,2384,2385
127,1,1,7962,0,17,19,4,2,8,2,I/O,7965,7966,5,7980,7981,0,-1,-1,-1,-1,-1,-1,-1,-1,-1,7966,7974
126,1,1,5034,0,25,29,1,4,11,2,I/O,5034,5035,15,5060,5063,0,-1,-1,-1,-1,-1,-1,-1,-1,-1,5035,5047
125,3,3,5887,0,16,21,5,5,12,2,I/O,5891,5894,10,5906,5908,0,-1,-1,-1,-1,-1,-1,-1,-1,-1,5894,5906
124,3,3,9546,0,15,20,4,5,12,2,I/O,9549,9552,10,9564,9566,0,-1,-1,-1,-1,-1,-1,-1,-1,-1,9552,9564
123,9,9,6425,0,60,79,10,19,2,2,CPU,6434,6443,50,6494,6504,0,-1,-1,-1,-1,-1,-1,-1,-1,-1,6443,6445
122,8,8,1593,0,15,33,6,18,1,2,CPU,1598,1606,50,1616,1626,0,-1,-1,-1,-1,-1,-1,-1,-1,-1,1606,1607
121,12,12,1828,0,760,783,738,23,3,4,CPU,2565,2570,35,2570,2577,55,2600,2610,5,2610,2611,0,-1,-1,-1,2577,2580
120,8,8,8683,0,13,31,5,18,1,2,CPU,8687,8695,50,8704,8714,0,-1,-1,-1,-1,-1,-1,-1,-1,-1,8695,8696
119,11,11,6395,0,6,26,5,20,2,3,CPU,6399,6409,5,6409,6410,45,6412,6421,0,-1,-1,-1,-1,-1,-1,6410,6412
118,2,2,6143,0,23,26,9,3,11,2,I/O,6151,6153,5,6168,6169,0,-1,-1,-1,-1,-1,-1,-1,-1,-1,6153,6164
117,1,1,7550,0,25,29,11,4,8,2,I/O,7560,7561,15,7576,7579,0,-1,-1,-1,-1,-1,-1,-1,-1,-1,7561,7570
116,2,2,1980,0,13,17,2,4,11,2,I/O,1981,1983,10,1995,1997,0,-1,-1,-1,-1,-1,-1,-1,-1,-1,1983,1994
115,3,3,2415,0,24,28,6,4,11,2,I/O,2420,2423,5,2442,2443,0,-1,-1,-1,-1,-1,-1,-1,-1,-1,2423,2435
114,12,12,603,0,877,898,866,21,2,3,CPU,1468,1473,35,1473,1480,45,1492,1501,0,-1,-1,-1,-1,-1,-1,1480,1482
113,2,2,2047,0,12,15,1,3,11,2,I/O,2047,2049,5,2061,2062,0,-1,-1,-1,-1,-1,-1,-1,-1,-1,2049,2061
112,3,3,5316,0,24,28,13,4,11,2,I/O,5328,5331,5,5343,5344,0,-1,-1,-1,-1,-1,-1,-1,-1,-1,5331,5342
111,8,8,2614,0,3,19,1,16,3,2,CPU,2614,2622,40,2625,2633,0,-1,-1,-1,-1,-1,-1,-1,-1,-1,2622,2625
110,12,12,5933,0,4548,4568,4537,20,1,3,CPU,10469,10474,35,10474,10481,40,10493,10501,0,-1,-1,-1,-1,-1,-1,10481,10482
109,3,3,223,0,24,28,6,4,10,2,I/O,228,231,5,250,251,0,-1,-1,-1,-1,-1,-1,-1,-1,-1,231,241
108,1,1,4133,0,19,21,7,2,9,2,I/O,4139,4140,5,4153,4154,0,-1,-1,-1,-1,-1,-1,-1,-1,-1,4140,4149
107,2,2,1535,0,21,25,4,4,12,2,I/O,1538,1540,10,1558,1560,0,-1,-1,-1,-1,-1,-1,-1,-1,-1,1540,1553
106,12,12,6566,0,4095,4115,4088,20,2,3,CPU,10653,10658,35,10658,10665,40,10673,10681,0,-1,-1,-1,-1,-1,-1,10665,10667
105,3,3,5665,0,12,17,1,5,11,2,I/O,5665,5668,10,5680,5682,0,-1,-1,-1,-1,-1,-1,-1,-1,-1,5668,5679
104,2,2,1689,0,22,25,5,3,11,2,I/O,1693,1695,5,1713,1714,0,-1,-1,-1,-1,-1,-1,-1,-1,-1,1695,1706
103,12,12,4459,0,4439,4460,4429,21,3,3,CPU,8887,8892,35,8892,8899,45,8910,8919,0,-1,-1,-1,-1,-1,-1,8899,8902
102,1,1,538,0,21,25,8,4,10,2,I/O,545,546,15,560,563,0,-1,-1,-1,-1,-1,-1,-1,-1,-1,546,556
101,2,2,43,0,19,22,7,3,12,2,I/O,49,51,5,64,65,0,-1,-1,-1,-1,-1,-1,-1,-1,-1,51,64
100,12,12,9429,0,2258,2279,2247,21,1,3,CPU,11675,11680,35,11680,11687,45,11699,11708,0,-1,-1,-1,-1,-1,-1,11687,11688
99,1,1,4186,0,21,24,11,3,9,2,I/O,4196,4197,10,4208,4210,0,-1,-1,-1,-1,-1,-1,-1,-1,-1,4197,4206
98,9,9,6943,0,396,416,16,20,3,3,CPU,6958,6967,55,7348,7358,5,7358,7359,0,-1,-1,-1,-1,-1,-1,6967,6970
97,3,3,7331,0,25,29,6,4,9,2,I/O,7336,7339,5,7359,7360,0,-1,-1,-1,-1,-1,-1,-1,-1,-1,7339,7349
96,1,1,4419,0,19,23,5,4,12,2,I/O,4423,4424,15,4439,4442,0,-1,-1,-1,-1,-1,-1,-1,-1,-1,4424,4437
95,12,12,5843,0,4594,4616,4583,22,1,3,CPU,10425,10430,35,10430,10437,50,10449,10459,0,-1,-1,-1,-1,-1,-1,10437,10438
94,12,12,4509,0,4474,4495,4456,21,2,3,CPU,8964,8969,35,8972,8979,45,8995,9004,0,-1,-1,-1,-1,-1,-1,8979,8981
93,2,2,9276,0,9,13,1,4,9,2,I/O,9276,9278,10,9287,9289,0,-1,-1,-1,-1,-1,-1,-1,-1,-1,9278,9287
92,10,10,9636,0,27,45,23,18,2,2,CPU,9658,9668,40,9673,9681,0,-1,-1,-1,-1,-1,-1,-1,-1,-1,9668,9670
91,1,1,1579,0,8,12,1,4,8,2,I/O,1579,1580,15,1588,1591,0,-1,-1,-1,-1,-1,-1,-1,-1,-1,1580,1588
90,12,12,8289,0,2999,3023,2991,24,3,4,CPU,11279,11284,35,11284,11291,60,11300,11305,35,11305,11312,0,-1,-1,-1,11291,11294
89,2,2,4419,0,16,20,6,4,10,2,I/O,4424,4426,10,4437,4439,0,-1,-1,-1,-1,-1,-1,-1,-1,-1,4426,4436
88,2,2,2216,0,16,20,4,4,12,2,I/O,2219,2221,10,2234,2236,0,-1,-1,-1,-1,-1,-1,-1,-1,-1,2221,2233
87,3,3,6154,0,13,18,2,5,8,2,I/O,6155,6158,10,6170,6172,0,-1,-1,-1,-1,-1,-1,-1,-1,-1,6158,6167
86,12,12,6781,0,3948,3969,3937,21,3,3,CPU,10717,10722,35,10722,10729,45,10741,10750,0,-1,-1,-1,-1,-1,-1,10729,10732
85,1,1,9563,0,14,16,1,2,12,2,I/O,9563,9564,5,9578,9579,0,-1,-1,-1,-1,-1,-1,-1,-1,-1,9564,9577
84,8,8,4872,0,5228,5248,3,20,2,3,CPU,4874,4882,60,10108,10113,35,10113,10120,0,-1,-1,-1,-1,-1,-1,4882,4884
83,10,10,1225,0,32,50,22,18,2,2,CPU,1246,1256,40,1267,1275,0,-1,-1,-1,-1,-1,-1,-1,-1,-1,1256,1258
82,3,3,2438,0,24,29,9,5,12,2,I/O,2446,2449,10,2465,2467,0,-1,-1,-1,-1,-1,-1,-1,-1,-1,2449,2462
81,2,2,3197,0,24,29,10,5,12,2,I/O,3206,3208,15,3223,3226,0,-1,-1,-1,-1,-1,-1,-1,-1,-1,3208,3221
80,1,1,3199,0,18,22,7,4,11,2,I/O,3205,3206,15,3218,3221,0,-1,-1,-1,-1,-1,-1,-1,-1,-1,3206,3218
79,2,2,4202,0,20,24,9,4,8,2,I/O,4210,4212,10,4224,4226,0,-1,-1,-1,-1,-1,-1,-1,-1,-1,4212,4220
78,1,1,949,0,32,36,9,4,12,2,I/O,957,958,15,982,985,0,-1,-1,-1,-1,-1,-1,-1,-1,-1,958,971
77,10,10,6937,0,71,91,70,20,1,2,CPU,7006,7016,50,7018,7028,0,-1,-1,-1,-1,-1,-1,-1,-1,-1,7016,7017
76,1,1,6044,0,22,25,1,3,11,2,I/O,6044,6045,10,6067,6069,0,-1,-1,-1,-1,-1,-1,-1,-1,-1,6045,6056
75,12,12,68,0,760,782,748,22,2,3,CPU,815,820,35,820,827,50,840,850,0,-1,-1,-1,-1,-1,-1,827,829
74,8,8,4671,0,3,20,2,17,1,2,CPU,4672,4680,45,4682,4691,0,-1,-1,-1,-1,-1,-1,-1,-1,-1,4680,4681
73,3,3,7723,0,11,17,1,6,9,2,I/O,7723,7726,15,7737,7740,0,-1,-1,-1,-1,-1,-1,-1,-1,-1,7726,7736
72,8,8,9640,0,41,59,2,18,3,2,CPU,9641,9649,50,9689,9699,0,-1,-1,-1,-1,-1,-1,-1,-1,-1,9649,9653
71,12,12,3608,0,2261,2283,2251,22,2,3,CPU,5858,5863,35,5863,5870,50,5881,5891,0,-1,-1,-1,-1,-1,-1,5870,5872
70,2,2,2312,0,20,23,9,3,8,2,I/O,2320,2322,5,2334,2335,0,-1,-1,-1,-1,-1,-1,-1,-1,-1,2322,2330
69,3,3,7029,0,16,20,6,4,9,2,I/O,7034,7037,5,7048,7049,0,-1,-1,-1,-1,-1,-1,-1,-1,-1,7037,7047
68,2,2,8219,0,14,17,3,3,12,2,I/O,8221,8223,5,8235,8236,0,-1,-1,-1,-1,-1,-1,-1,-1,-1,8223,8235
67,3,3,9910,0,15,20,3,5,12,2,I/O,9912,9915,10,9928,9930,0,-1,-1,-1,-1,-1,-1,-1,-1,-1,9915,9928
66,3,3,3956,0,12,18,1,6,8,2,I/O,3956,3959,15,3971,3974,0,-1,-1,-1,-1,-1,-1,-1,-1,-1,3959,3968
65,2,2,6542,0,30,34,8,4,12,2,I/O,6549,6551,10,6574,6576,0,-1,-1,-1,-1,-1,-1,-1,-1,-1,6551,6564
64,10,10,3669,0,27,46,17,19,2,2,CPU,3685,3695,45,3706,3715,0,-1,-1,-1,-1,-1,-1,-1,-1,-1,3695,3697
63,10,10,6757,0,88,106,78,18,2,2,CPU,6834,6844,40,6855,6863,0,-1,-1,-1,-1,-1,-1,-1,-1,-1,6844,6846
62,1,1,4579,0,12,16,4,4,8,2,I/O,4582,4583,15,4592,4595,0,-1,-1,-1,-1,-1,-1,-1,-1,-1,4583,4592
61,10,10,8546,0,34,55,8,21,1,3,CPU,8553,8563,55,8590,8600,5,8600,8601,0,-1,-1,-1,-1,-1,-1,8563,8564
60,8,8,5439,0,23,39,19,16,1,2,CPU,5457,5465,40,5470,5478,0,-1,-1,-1,-1,-1,-1,-1,-1,-1,5465,5466
59,2,2,6320,0,16,21,5,5,9,2,I/O,6324,6326,15,6338,6341,0,-1,-1,-1,-1,-1,-1,-1,-1,-1,6326,6335
58,2,2,347,0,14,18,7,4,8,2,I/O,353,355,10,363,365,0,-1,-1,-1,-1,-1,-1,-1,-1,-1,355,363
57,10,10,6922,0,3862,3884,75,22,2,3,CPU,6996,7006,60,10794,10799,35,10799,10806,0,-1,-1,-1,-1,-1,-1,7006,7008
56,2,2,6404,0,15,20,7,5,9,2,I/O,6410,6412,15,6421,6424,0,-1,-1,-1,-1,-1,-1,-1,-1,-1,6412,6421
55,9,9,4689,0,13,31,3,18,2,2,CPU,4691,4700,45,4711,4720,0,-1,-1,-1,-1,-1,-1,-1,-1,-1,4700,4702
54,11,11,4095,0,2168,2191,466,23,1,4,CPU,4560,4570,5,4570,4571,60,6274,6279,35,6279,6286,0,-1,-1,-1,4571,4572
53,12,12,3425,0,2287,2309,2251,22,3,3,CPU,5675,5680,35,5685,5692,50,5724,5734,0,-1,-1,-1,-1,-1,-1,5692,5696
52,12,12,1016,0,1080,1102,1073,22,3,3,CPU,2088,2093,35,2096,2103,50,2108,2118,0,-1,-1,-1,-1,-1,-1,2103,2106
51,3,3,7960,0,26,32,7,6,12,2,I/O,7966,7969,15,7989,7992,0,-1,-1,-1,-1,-1,-1,-1,-1,-1,7969,7982
50,10,10,1862,0,52,73,25,21,2,3,CPU,1886,1896,55,1924,1934,5,1934,1935,0,-1,-1,-1,-1,-1,-1,1896,1898
49,9,9,6951,0,17,34,17,17,1,2,CPU,6967,6976,40,6977,6985,0,-1,-1,-1,-1,-1,-1,-1,-1,-1,6976,6977
48,8,8,4776,0,15,32,3,17,1,2,CPU,4778,4786,45,4799,4808,0,-1,-1,-1,-1,-1,-1,-1,-1,-1,4786,4787
47,12,12,7278,0,3651,3674,3640,23,2,4,CPU,10917,10922,35,10922,10929,55,10941,10951,5,10951,10952,0,-1,-1,-1,10929,10931
46,1,1,4789,0,32,35,10,3,11,2,I/O,4798,4799,10,4822,4824,0,-1,-1,-1,-1,-1,-1,-1,-1,-1,4799,4811
45,11,11,841,0,26,46,25,20,2,3,CPU,865,875,5,875,876,45,878,887,0,-1,-1,-1,-1,-1,-1,876,878
44,9,9,3138,0,63,80,59,17,2,2,CPU,3196,3205,40,3210,3218,0,-1,-1,-1,-1,-1,-1,-1,-1,-1,3205,3207
43,2,2,7257,0,18,21,5,3,11,2,I/O,7261,7263,5,7277,7278,0,-1,-1,-1,-1,-1,-1,-1,-1,-1,7263,7275
42,10,10,6948,0,199,219,186,20,3,2,CPU,7133,7143,50,7157,7167,0,-1,-1,-1,-1,-1,-1,-1,-1,-1,7143,7146
41,3,3,8318,0,25,31,7,6,11,2,I/O,8324,8327,15,8346,8349,0,-1,-1,-1,-1,-1,-1,-1,-1,-1,8327,8338
40,2,2,9378,0,19,23,4,4,12,2,I/O,9381,9383,10,9399,9401,0,-1,-1,-1,-1,-1,-1,-1,-1,-1,9383,9396
39,2,2,998,0,20,23,2,3,10,2,I/O,999,1001,5,1020,1021,0,-1,-1,-1,-1,-1,-1,-1,-1,-1,1001,1012
38,12,12,7839,0,3245,3266,3234,21,1,3,CPU,11072,11077,35,11077,11084,45,11096,11105,0,-1,-1,-1,-1,-1,-1,11084,11085
37,1,1,2250,0,17,20,6,3,11,2,I/O,2255,2256,10,2268,2270,0,-1,-1,-1,-1,-1,-1,-1,-1,-1,2256,2268
36,1,1,6547,0,13,16,2,3,12,2,I/O,6548,6549,10,6561,6563,0,-1,-1,-1,-1,-1,-1,-1,-1,-1,6549,6561
35,10,10,3360,0,2278,2300,13,22,1,3,CPU,3372,3382,60,5648,5653,35,5653,5660,0,-1,-1,-1,-1,-1,-1,3382,3383
34,2,2,9644,0,23,28,7,5,9,2,I/O,9650,9652,15,9669,9672,0,-1,-1,-1,-1,-1,-1,-1,-1,-1,9652,9662
33,2,2,1663,0,13,18,1,5,9,2,I/O,1663,1665,15,1678,1681,0,-1,-1,-1,-1,-1,-1,-1,-1,-1,1665,1675
32,2,2,6702,0,21,25,8,4,11,2,I/O,6709,6711,10,6725,6727,0,-1,-1,-1,-1,-1,-1,-1,-1,-1,6711,6723
31,10,10,7403,0,109,130,10,21,2,3,CPU,7412,7422,55,7522,7532,5,7532,7533,0,-1,-1,-1,-1,-1,-1,7422,7424
30,12,12,883,0,1102,1123,1094,21,1,3,CPU,1976,1981,35,1988,1995,45,1997,2006,0,-1,-1,-1,-1,-1,-1,1995,1996
29,3,3,8799,0,13,18,2,5,9,2,I/O,8800,8803,10,8815,8817,0,-1,-1,-1,-1,-1,-1,-1,-1,-1,8803,8812
28,9,9,7082,0,32,50,22,18,1,2,CPU,7103,7112,45,7123,7132,0,-1,-1,-1,-1,-1,-1,-1,-1,-1,7112,7113
27,9,9,9824,0,14,32,11,18,1,2,CPU,9834,9843,45,9847,9856,0,-1,-1,-1,-1,-1,-1,-1,-1,-1,9843,9844
26,12,12,9178,0,2418,2442,2407,24,3,4,CPU,11584,11589,35,11589,11596,60,11608,11613,35,11613,11620,0,-1,-1,-1,11596,11599
25,2,2,9420,0,21,25,10,4,11,2,I/O,9429,9431,10,9443,9445,0,-1,-1,-1,-1,-1,-1,-1,-1,-1,9431,9443
24,2,2,888,0,17,20,2,3,12,2,I/O,889,891,5,907,908,0,-1,-1,-1,-1,-1,-1,-1,-1,-1,891,904
23,2,2,9907,0,15,18,4,3,9,2,I/O,9910,9912,5,9924,9925,0,-1,-1,-1,-1,-1,-1,-1,-1,-1,9912,9922
22,9,9,6714,0,4,21,1,17,1,2,CPU,6714,6723,40,6727,6735,0,-1,-1,-1,-1,-1,-1,-1,-1,-1,6723,6724
21,1,1,5310,0,14,18,1,4,8,2,I/O,5310,5311,15,5325,5328,0,-1,-1,-1,-1,-1,-1,-1,-1,-1,5311,5319
20,2,2,712,0,16,19,6,3,10,2,I/O,717,719,5,730,731,0,-1,-1,-1,-1,-1,-1,-1,-1,-1,719,730
19,11,11,7637,0,142,163,115,21,3,3,CPU,7751,7761,5,7761,7762,50,7790,7800,0,-1,-1,-1,-1,-1,-1,7762,7765
18,12,12,8384,0,2975,2997,2964,22,2,3,CPU,11347,11352,35,11352,11359,50,11371,11381,0,-1,-1,-1,-1,-1,-1,11359,11361
17,3,3,2022,0,18,23,2,5,11,2,I/O,2023,2026,10,2043,2045,0,-1,-1,-1,-1,-1,-1,-1,-1,-1,2026,2037
16,11,11,9473,0,247,268,237,21,1,3,CPU,9709,9719,5,9719,9720,50,9731,9741,0,-1,-1,-1,-1,-1,-1,9720,9721
15,2,2,5983,0,23,28,4,5,9,2,I/O,5986,5988,15,6008,6011,0,-1,-1,-1,-1,-1,-1,-1,-1,-1,5988,5997
14,11,11,9285,0,60,80,58,20,2,3,CPU,9342,9352,5,9352,9353,45,9356,9365,0,-1,-1,-1,-1,-1,-1,9353,9355
13,3,3,4734,0,11,17,1,6,9,2,I/O,4734,4737,15,4748,4751,0,-1,-1,-1,-1,-1,-1,-1,-1,-1,4737,4746
12,11,11,5319,0,150,170,104,20,3,3,CPU,5422,5432,5,5432,5433,45,5480,5489,0,-1,-1,-1,-1,-1,-1,5433,5437
11,2,2,6022,0,21,26,6,5,10,2,I/O,6027,6029,15,6045,6048,0,-1,-1,-1,-1,-1,-1,-1,-1,-1,6029,6040
10,9,9,4946,0,24,43,14,19,1,2,CPU,4959,4968,50,4979,4989,0,-1,-1,-1,-1,-1,-1,-1,-1,-1,4968,4969
9,2,2,3309,0,17,22,6,5,10,2,I/O,3314,3316,15,3328,3331,0,-1,-1,-1,-1,-1,-1,-1,-1,-1,3316,3326
8,8,8,8164,0,23,41,1,18,3,2,CPU,8164,8172,50,8195,8205,0,-1,-1,-1,-1,-1,-1,-1,-1,-1,8172,8175
7,12,12,1412,0,835,856,832,21,2,3,CPU,2243,2248,35,2248,2255,45,2259,2268,0,-1,-1,-1,-1,-1,-1,2255,2257
6,8,8,453,0,953,973,17,20,1,3,CPU,469,477,60,1414,1419,35,1419,1426,0,-1,-1,-1,-1,-1,-1,477,478
5,10,10,8516,0,14,34,9,20,2,2,CPU,8524,8534,50,8540,8550,0,-1,-1,-1,-1,-1,-1,-1,-1,-1,8534,8536
4,10,10,6339,0,13,31,3,18,3,2,CPU,6341,6351,40,6362,6370,0,-1,-1,-1,-1,-1,-1,-1,-1,-1,6351,6354
3,9,9,7445,0,4,21,3,17,1,2,CPU,7447,7456,40,7458,7466,0,-1,-1,-1,-1,-1,-1,-1,-1,-1,7456,7457
2,9,9,221,0,361,381,11,20,3,3,CPU,231,240,55,591,601,5,601,602,0,-1,-1,-1,-1,-1,-1,240,244
1,1,1,3892,0,17,21,1,4,11,2,I/O,3892,3893,15,3910,3913,0,-1,-1,-1,-1,-1,-1,-1,-1,-1,3893,3904
0,12,12,855,0,880,904,873,24,2,4,CPU,1727,1732,35,1732,1739,60,1746,1751,35,1752,1759,0,-1,-1,-1,1739,1741
