id,burst time,initial burst time,arrival time,final priority,wait time,turnaround time,response time,total CPU time,total I/O time,times worked on,start 1,finish 1,priority 1,start 2,finish 2,priority 2,start 3,finish 3,priority 3,start 4,finish 4,priority 4,io start 0,io end 0
999,2,2,4291,8224,939,944,293,5,10,2,4583,4585,8224,5232,5235,8224,-1,-1,-1,-1,-1,-1,4585,4595
998,12,12,3434,4723,1533,1555,217,22,2,3,3650,3660,4723,4188,4190,4723,4979,4989,4723,-1,-1,-1,4190,4192
997,2,2,3167,8700,915,919,309,4,10,2,3475,3477,8700,4084,4086,8700,-1,-1,-1,-1,-1,-1,3477,3487
996,9,9,1367,6980,712,733,94,21,2,3,1460,1469,6980,1644,1654,6980,2098,2100,6980,-1,-1,-1,1469,1471
995,3,3,9935,2036,1514,1520,151,6,10,2,10085,10088,2036,11452,11455,2036,-1,-1,-1,-1,-1,-1,10088,10099
994,3,3,6082,1187,820,825,47,5,8,2,6128,6131,1187,6905,6907,1187,-1,-1,-1,-1,-1,-1,6131,6139
993,12,12,5502,7667,2505,2525,280,20,1,3,5781,5791,7667,6665,6667,7667,8019,8027,7667,-1,-1,-1,6667,6668
992,2,2,1986,2208,401,406,7,5,12,2,1992,1994,2208,2389,2392,2208,-1,-1,-1,-1,-1,-1,1994,2007
991,12,12,248,3253,501,525,16,24,3,4,263,273,3253,382,384,3253,554,564,3253,771,773,3253,384,387
990,2,2,3745,347,1256,1260,9,4,12,2,3753,3755,347,5003,5005,347,-1,-1,-1,-1,-1,-1,3755,3768
989,2,2,2222,9208,881,884,290,3,12,2,2511,2513,9208,3105,3106,9208,-1,-1,-1,-1,-1,-1,2513,2525
988,3,3,2087,9851,950,956,342,6,11,2,2428,2431,9851,3040,3043,9851,-1,-1,-1,-1,-1,-1,2431,2444
987,8,8,10,358,14,33,1,19,2,3,10,18,358,22,32,358,42,43,358,-1,-1,-1,18,20
986,2,2,11,9330,30,34,8,4,8,2,18,20,9330,43,45,9330,-1,-1,-1,-1,-1,-1,20,28
985,1,1,2080,1006,954,957,347,3,11,2,2426,2427,1006,3035,3037,1006,-1,-1,-1,-1,-1,-1,2427,2438
984,12,12,7139,1826,4309,4333,395,24,3,4,7533,7543,1826,8582,8584,1826,10349,10359,1826,11470,11472,1826,8584,8587
983,8,8,3793,7059,2427,2446,503,19,3,3,4295,4303,7059,5021,5031,7059,6238,6239,7059,-1,-1,-1,4303,4307
982,3,3,4420,2068,854,858,206,4,12,2,4625,4628,2068,5277,5278,2068,-1,-1,-1,-1,-1,-1,4628,4642
981,8,8,8131,6551,2495,2512,841,17,2,2,8971,8979,6551,10634,10643,6551,-1,-1,-1,-1,-1,-1,8979,8981
980,12,12,1514,5620,592,614,6,22,2,3,1519,1529,5620,1685,1687,5620,2118,2128,5620,-1,-1,-1,1687,1689
979,2,2,5309,8837,1282,1286,368,4,10,2,5676,5678,8837,6593,6595,8837,-1,-1,-1,-1,-1,-1,5678,5690
978,12,12,2223,1630,1550,1572,291,22,2,3,2513,2523,1630,3106,3108,1630,3785,3795,1630,-1,-1,-1,3108,3110
977,3,3,3229,4517,877,881,270,4,12,2,3498,3501,4517,4109,4110,4517,-1,-1,-1,-1,-1,-1,3501,3514
976,11,11,1220,8581,798,818,124,20,1,3,1343,1353,8581,1579,1580,8581,2029,2038,8581,-1,-1,-1,1580,1581
975,8,8,4322,6133,908,926,269,18,1,2,4590,4598,6133,5238,5248,6133,-1,-1,-1,-1,-1,-1,4598,4599
974,9,9,308,6045,257,277,18,20,3,3,325,334,6045,424,434,6045,584,585,6045,-1,-1,-1,334,337
973,1,1,5966,7852,857,860,61,3,8,2,6026,6027,7852,6824,6826,7852,-1,-1,-1,-1,-1,-1,6027,6036
972,11,11,1824,4075,1911,1933,57,22,2,4,1880,1890,4075,2301,2302,4075,2963,2973,4075,3756,3757,4075,2302,2304
971,1,1,4363,4650,895,899,249,4,10,2,4611,4612,4650,5259,5262,4650,-1,-1,-1,-1,-1,-1,4612,4622
970,1,1,9762,477,1625,1628,245,3,8,2,10006,10007,477,11388,11390,477,-1,-1,-1,-1,-1,-1,10007,10016
969,12,12,4794,5358,1600,1620,30,20,2,3,4823,4833,5358,5426,5428,5358,6406,6414,5358,-1,-1,-1,5428,5430
968,1,1,8272,5477,2442,2444,794,2,11,2,9065,9066,5477,10715,10716,5477,-1,-1,-1,-1,-1,-1,9066,9078
967,8,8,6486,9616,1845,1863,677,18,3,2,7162,7170,9616,8339,8349,9616,-1,-1,-1,-1,-1,-1,7170,7173
966,11,11,652,1692,319,340,66,21,2,3,717,727,1692,837,838,1692,982,992,1692,-1,-1,-1,838,840
965,8,8,7343,6337,3036,3056,295,20,1,3,7637,7645,6337,8647,8657,6337,10397,10399,6337,-1,-1,-1,7645,7646
964,12,12,8222,2137,3285,3305,801,20,2,3,9022,9032,2137,10687,10689,2137,11519,11527,2137,-1,-1,-1,10689,10691
963,2,2,7645,9339,1098,1101,146,3,11,2,7790,7792,9339,8745,8746,9339,-1,-1,-1,-1,-1,-1,7792,7804
962,1,1,8061,8671,2535,2537,871,2,10,2,8931,8932,8671,10597,10598,8671,-1,-1,-1,-1,-1,-1,8932,8942
961,2,2,6204,1131,2009,2012,28,3,12,2,6231,6233,1131,8215,8216,1131,-1,-1,-1,-1,-1,-1,6233,6246
960,2,2,2618,9921,599,604,100,5,10,2,2717,2719,9921,3219,3222,9921,-1,-1,-1,-1,-1,-1,2719,2729
959,2,2,8626,9407,2269,2272,685,3,12,2,9310,9312,9407,10897,10898,9407,-1,-1,-1,-1,-1,-1,9312,9325
958,11,11,6926,8095,4522,4544,488,22,3,4,7413,7423,8095,8493,8494,8095,10308,10318,8095,11469,11470,8095,8494,8498
957,10,10,7719,3717,1049,1068,103,19,1,2,7821,7831,3717,8778,8787,3717,-1,-1,-1,-1,-1,-1,7831,7832
956,2,2,8185,4372,2486,2491,825,5,10,2,9009,9011,4372,10673,10676,4372,-1,-1,-1,-1,-1,-1,9011,9021
955,8,8,7195,5259,1381,1398,349,17,2,2,7543,7551,5259,8584,8593,5259,-1,-1,-1,-1,-1,-1,7551,7553
954,11,11,6423,3847,5015,5038,709,23,3,4,7131,7141,3847,8318,8319,3847,10189,10199,3847,11459,11461,3847,8319,8322
953,8,8,9009,2396,2653,2673,526,20,2,3,9534,9542,2396,11061,11071,2396,11680,11682,2396,-1,-1,-1,9542,9544
952,12,12,1222,395,1667,1690,132,23,3,4,1353,1363,395,1580,1582,395,2038,2048,395,2911,2912,395,1582,1585
951,1,1,9145,9513,1967,1971,446,4,8,2,9590,9591,9513,11113,11116,9513,-1,-1,-1,-1,-1,-1,9591,9601
950,10,10,2623,5548,589,608,97,19,1,2,2719,2729,5548,3222,3231,5548,-1,-1,-1,-1,-1,-1,2729,2730
949,12,12,8824,7677,2797,2818,589,21,1,3,9412,9422,7677,10984,10986,7677,11633,11642,7677,-1,-1,-1,10986,10987
948,9,9,2235,3456,1541,1562,289,21,1,3,2523,2532,3456,3108,3118,3456,3795,3797,3456,-1,-1,-1,2532,2533
947,9,9,6137,5738,2034,2054,36,20,1,3,6172,6181,5738,6931,6941,5738,8190,8191,5738,-1,-1,-1,6181,6182
946,12,12,4765,363,1620,1641,39,21,1,3,4803,4813,363,5416,5418,363,6397,6406,363,-1,-1,-1,5418,5419
945,3,3,8717,8291,2230,2236,645,6,12,2,9361,9364,8291,10950,10953,8291,-1,-1,-1,-1,-1,-1,9364,9377
944,12,12,638,3298,548,571,62,23,1,4,699,709,3298,826,828,3298,972,982,3298,1208,1209,3298,828,829
943,2,2,9672,6977,1694,1697,281,3,8,2,9952,9954,6977,11368,11369,6977,-1,-1,-1,-1,-1,-1,9954,9962
942,8,8,6340,8626,1918,1936,722,18,2,2,7061,7069,8626,8266,8276,8626,-1,-1,-1,-1,-1,-1,7069,7071
941,8,8,3591,754,1391,1411,113,20,1,3,3703,3711,754,4227,4237,754,5000,5002,754,-1,-1,-1,3711,3712
940,9,9,7096,2541,1457,1474,417,17,2,2,7512,7521,2541,8562,8570,2541,-1,-1,-1,-1,-1,-1,7521,7523
939,3,3,8856,1471,2137,2141,606,4,9,2,9461,9464,1471,10996,10997,1471,-1,-1,-1,-1,-1,-1,9464,9473
938,10,10,1521,677,597,617,9,20,1,2,1529,1539,677,2128,2138,677,-1,-1,-1,-1,-1,-1,1539,1540
937,3,3,1909,1355,418,423,28,5,12,2,1936,1939,1355,2330,2332,1355,-1,-1,-1,-1,-1,-1,1939,1952
936,11,11,1413,3661,1481,1503,62,22,2,4,1474,1484,3661,1658,1659,3661,2100,2110,3661,2915,2916,3661,1659,1661
935,1,1,3908,5459,1184,1188,496,4,12,2,4403,4404,5459,5093,5096,5459,-1,-1,-1,-1,-1,-1,4404,4417
934,3,3,6188,1221,2021,2027,41,6,9,2,6228,6231,1221,8212,8215,1221,-1,-1,-1,-1,-1,-1,6231,6241
933,10,10,5614,7776,2426,2447,247,21,3,3,5860,5870,7776,6714,6724,7776,8060,8061,7776,-1,-1,-1,5870,5873
932,9,9,3072,7412,957,975,354,18,3,2,3425,3434,7412,4038,4047,7412,-1,-1,-1,-1,-1,-1,3434,3437
931,9,9,265,8328,123,141,27,18,3,2,291,300,8328,397,406,8328,-1,-1,-1,-1,-1,-1,300,303
930,9,9,4592,7884,754,773,128,19,1,2,4719,4728,7884,5355,5365,7884,-1,-1,-1,-1,-1,-1,4728,4729
929,12,12,7525,718,2903,2924,195,21,3,3,7719,7729,718,8698,8700,718,10440,10449,718,-1,-1,-1,8700,8703
928,9,9,9336,1100,1872,1890,404,18,2,2,9739,9748,1100,11217,11226,1100,-1,-1,-1,-1,-1,-1,9748,9750
927,1,1,600,9964,220,224,87,4,10,2,686,687,9964,821,824,9964,-1,-1,-1,-1,-1,-1,687,697
926,2,2,6845,1588,1625,1630,529,5,12,2,7373,7375,1588,8472,8475,1588,-1,-1,-1,-1,-1,-1,7375,7388
925,10,10,2818,264,493,512,52,19,3,2,2869,2879,264,3321,3330,264,-1,-1,-1,-1,-1,-1,2879,2882
924,10,10,7632,7379,1092,1111,148,19,1,2,7779,7789,7379,8734,8743,7379,-1,-1,-1,-1,-1,-1,7789,7790
923,3,3,9934,3016,1512,1518,149,6,9,2,10082,10085,3016,11449,11452,3016,-1,-1,-1,-1,-1,-1,10085,10094
922,10,10,2755,6175,1140,1162,60,22,2,3,2814,2824,6175,3295,3305,6175,3915,3917,6175,-1,-1,-1,2824,2827
921,12,12,5866,5183,2230,2251,137,21,3,3,6002,6012,5183,6816,6818,5183,8108,8117,5183,-1,-1,-1,6818,6821
920,11,11,690,4727,498,520,39,22,1,4,728,738,4727,840,841,4727,992,1002,4727,1209,1210,4727,841,842
919,2,2,1839,1322,470,473,62,3,9,2,1900,1902,1322,2311,2312,1322,-1,-1,-1,-1,-1,-1,1902,1911
918,8,8,4644,3933,724,741,97,17,2,2,4740,4748,3933,5376,5385,3933,-1,-1,-1,-1,-1,-1,4748,4750
917,3,3,1300,9599,313,317,118,4,11,2,1417,1420,9599,1616,1617,9599,-1,-1,-1,-1,-1,-1,1420,1431
916,1,1,2497,9257,685,688,161,3,12,2,2657,2658,9257,3183,3185,9257,-1,-1,-1,-1,-1,-1,2658,2670
915,9,9,6346,8272,3805,3825,724,20,3,3,7069,7078,8272,8276,8286,8272,10170,10171,8272,-1,-1,-1,7078,7081
914,2,2,2785,388,530,534,71,4,8,2,2855,2857,388,3317,3319,388,-1,-1,-1,-1,-1,-1,2857,2865
913,2,2,6510,8635,1840,1844,664,4,12,2,7173,7175,8635,8352,8354,8635,-1,-1,-1,-1,-1,-1,7175,7188
912,3,3,7395,2224,1269,1274,277,5,11,2,7671,7674,2224,8667,8669,2224,-1,-1,-1,-1,-1,-1,7674,7686
911,9,9,7042,2866,1501,1519,452,18,3,2,7493,7502,2866,8552,8561,2866,-1,-1,-1,-1,-1,-1,7502,7505
910,3,3,8016,2421,2548,2554,878,6,9,2,8893,8896,2421,10567,10570,2421,-1,-1,-1,-1,-1,-1,8896,8905
909,8,8,6834,843,3436,3455,530,19,2,3,7363,7371,843,8461,8471,843,10288,10289,843,-1,-1,-1,7371,7373
908,3,3,4317,1554,917,921,271,4,8,2,4587,4590,1554,5237,5238,1554,-1,-1,-1,-1,-1,-1,4590,4598
907,12,12,3900,6442,2359,2380,492,21,1,3,4391,4401,6442,5089,5091,6442,6271,6280,6442,-1,-1,-1,5091,5092
906,1,1,7329,4320,1306,1308,287,2,8,2,7615,7616,4320,8636,8637,4320,-1,-1,-1,-1,-1,-1,7616,7624
905,8,8,1697,5778,529,545,103,16,2,2,1799,1807,5778,2234,2242,5778,-1,-1,-1,-1,-1,-1,1807,1809
904,3,3,1718,2695,524,530,95,6,9,2,1812,1815,2695,2245,2248,2695,-1,-1,-1,-1,-1,-1,1815,1826
903,3,3,8514,3882,2341,2345,732,4,12,2,9245,9248,3882,10858,10859,3882,-1,-1,-1,-1,-1,-1,9248,9260
902,9,9,8184,73,2471,2489,817,18,2,2,9000,9009,73,10664,10673,73,-1,-1,-1,-1,-1,-1,9009,9011
901,3,3,855,7735,384,388,96,4,9,2,950,953,7735,1242,1243,7735,-1,-1,-1,-1,-1,-1,953,962
900,9,9,1057,4638,227,245,82,18,1,2,1138,1147,4638,1293,1302,4638,-1,-1,-1,-1,-1,-1,1147,1148
899,8,8,324,8335,108,125,15,17,1,2,338,346,8335,440,449,8335,-1,-1,-1,-1,-1,-1,346,347
898,2,2,5862,7223,949,954,139,5,10,2,6000,6002,7223,6813,6816,7223,-1,-1,-1,-1,-1,-1,6002,6013
897,2,2,6038,8929,816,821,33,5,9,2,6070,6072,8929,6856,6859,8929,-1,-1,-1,-1,-1,-1,6072,6081
896,3,3,3291,393,847,852,277,5,12,2,3567,3570,393,4141,4143,393,-1,-1,-1,-1,-1,-1,3570,3582
895,10,10,4236,9968,2077,2099,324,22,3,3,4559,4569,9968,5218,5228,9968,6333,6335,9968,-1,-1,-1,4569,4573
894,1,1,7394,5914,1271,1273,277,2,8,2,7670,7671,5914,8666,8667,5914,-1,-1,-1,-1,-1,-1,7671,7679
893,12,12,4717,4887,3147,3171,76,24,3,4,4792,4802,4887,5412,5414,4887,6387,6397,4887,7886,7888,4887,5414,5417
892,12,12,9325,7992,2582,2606,385,24,2,4,9709,9719,7992,11201,11203,7992,11734,11744,7992,11929,11931,7992,11203,11205
891,10,10,8359,8906,2394,2414,769,20,2,2,9127,9137,8906,10763,10773,8906,-1,-1,-1,-1,-1,-1,9137,9139
890,12,12,8736,9687,3161,3185,630,24,1,4,9365,9375,9687,10956,10958,9687,11612,11622,9687,11919,11921,9687,10958,10959
889,9,9,7999,8100,2547,2566,883,19,3,2,8881,8890,8100,10555,10565,8100,-1,-1,-1,-1,-1,-1,8890,8894
888,2,2,111,6251,82,87,3,5,12,2,113,115,6251,195,198,6251,-1,-1,-1,-1,-1,-1,115,128
887,10,10,3815,3083,1217,1235,512,18,3,2,4326,4336,3083,5042,5050,3083,-1,-1,-1,-1,-1,-1,4336,4339
886,1,1,2597,6388,610,612,101,2,12,2,2697,2698,6388,3208,3209,6388,-1,-1,-1,-1,-1,-1,2698,2710
885,10,10,786,5315,230,250,86,20,3,2,871,881,5315,1026,1036,5315,-1,-1,-1,-1,-1,-1,881,884
884,1,1,8453,1906,2371,2374,750,3,12,2,9202,9203,1906,10825,10827,1906,-1,-1,-1,-1,-1,-1,9203,9216
883,12,12,9708,2650,2116,2138,247,22,3,3,9954,9964,2650,11369,11371,2650,11836,11846,2650,-1,-1,-1,11371,11374
882,3,3,7664,8353,1087,1093,137,6,11,2,7800,7803,8353,8754,8757,8353,-1,-1,-1,-1,-1,-1,7803,7815
881,8,8,8446,1757,2362,2379,749,17,3,2,9194,9202,1757,10816,10825,1757,-1,-1,-1,-1,-1,-1,9202,9205
880,10,10,171,5633,343,365,1,22,2,3,171,181,5633,363,373,5633,534,536,5633,-1,-1,-1,181,184
879,3,3,1693,1779,534,540,94,6,8,2,1786,1789,1779,2230,2233,1779,-1,-1,-1,-1,-1,-1,1789,1799
878,2,2,3776,550,1239,1242,514,3,9,2,4289,4291,550,5017,5018,550,-1,-1,-1,-1,-1,-1,4291,4301
877,10,10,8258,2380,3258,3279,797,21,2,3,9054,9064,2380,10702,10712,2380,11536,11537,2380,-1,-1,-1,9064,9066
876,10,10,8065,1851,3433,3454,868,21,1,3,8932,8942,1851,10598,10608,1851,11518,11519,1851,-1,-1,-1,8942,8944
875,11,11,5476,9074,4612,4635,290,23,2,4,5765,5775,9074,6661,6662,9074,8009,8019,9074,10109,10111,9074,6662,6664
874,2,2,3829,7680,1229,1234,517,5,10,2,4345,4347,7680,5060,5063,7680,-1,-1,-1,-1,-1,-1,4347,4357
873,12,12,6512,2876,4927,4951,664,24,1,4,7175,7185,2876,8354,8356,2876,10199,10209,2876,11461,11463,2876,8356,8357
872,8,8,6988,6491,3314,3333,467,19,2,3,7454,7462,6491,8525,8535,6491,10320,10321,6491,-1,-1,-1,7462,7464
871,9,9,275,6511,280,300,26,20,2,3,300,309,6511,406,416,6511,574,575,6511,-1,-1,-1,309,311
870,10,10,9754,9576,1614,1634,243,20,3,2,9996,10006,9576,11378,11388,9576,-1,-1,-1,-1,-1,-1,10006,10009
869,2,2,9240,7552,1908,1911,403,3,8,2,9642,9644,7552,11150,11151,7552,-1,-1,-1,-1,-1,-1,9644,9653
868,10,10,2418,1154,728,746,178,18,2,2,2595,2605,1154,3156,3164,1154,-1,-1,-1,-1,-1,-1,2605,2607
867,2,2,4648,1226,735,738,101,3,11,2,4748,4750,1226,5385,5386,1226,-1,-1,-1,-1,-1,-1,4750,4762
866,3,3,8006,5868,2556,2561,885,5,12,2,8890,8893,5868,10565,10567,5868,-1,-1,-1,-1,-1,-1,8893,8906
865,2,2,739,287,273,278,24,5,9,2,762,764,287,1014,1017,287,-1,-1,-1,-1,-1,-1,764,773
864,2,2,6153,1293,800,803,40,3,10,2,6192,6194,1293,6955,6956,1293,-1,-1,-1,-1,-1,-1,6194,6205
863,3,3,2441,98,723,729,185,6,8,2,2625,2628,98,3167,3170,98,-1,-1,-1,-1,-1,-1,2628,2636
862,8,8,1190,6997,369,386,11,17,1,2,1200,1208,6997,1567,1576,6997,-1,-1,-1,-1,-1,-1,1208,1209
861,8,8,115,9658,224,244,1,20,1,3,115,123,9658,198,208,9658,357,359,9658,-1,-1,-1,123,124
860,3,3,2969,8669,1027,1031,417,4,9,2,3385,3388,8669,3999,4000,8669,-1,-1,-1,-1,-1,-1,3388,3398
859,3,3,232,834,145,149,27,4,11,2,258,261,834,380,381,834,-1,-1,-1,-1,-1,-1,261,273
858,9,9,5283,2521,1284,1303,378,19,2,2,5660,5669,2521,6576,6586,2521,-1,-1,-1,-1,-1,-1,5669,5671
857,1,1,596,5880,223,225,90,2,12,2,685,686,5880,820,821,5880,-1,-1,-1,-1,-1,-1,686,699
856,3,3,315,774,116,122,20,6,8,2,334,337,774,434,437,774,-1,-1,-1,-1,-1,-1,337,345
855,2,2,6864,3618,1610,1615,522,5,10,2,7385,7387,3618,8476,8479,3618,-1,-1,-1,-1,-1,-1,7387,7398
854,10,10,3626,2606,1356,1377,90,21,2,3,3715,3725,2606,4241,4251,2606,5002,5003,2606,-1,-1,-1,3725,3727
853,8,8,358,6464,222,238,100,16,1,2,457,465,6464,588,596,6464,-1,-1,-1,-1,-1,-1,465,466
852,3,3,4169,1224,1029,1034,371,5,12,2,4539,4542,1224,5201,5203,1224,-1,-1,-1,-1,-1,-1,4542,4555
851,3,3,6949,8371,1542,1547,475,5,12,2,7423,7426,8371,8494,8496,8371,-1,-1,-1,-1,-1,-1,7426,7438
850,3,3,7835,9808,2649,2655,26,6,10,2,7860,7863,9808,10487,10490,9808,-1,-1,-1,-1,-1,-1,7863,7874
849,11,11,2209,2133,2631,2653,273,22,1,4,2481,2491,2133,3093,3094,2133,3763,3773,2133,4861,4862,2133,3094,3095
848,3,3,3795,3330,1233,1237,509,4,10,2,4303,4306,3330,5031,5032,3330,-1,-1,-1,-1,-1,-1,4306,4317
847,12,12,2399,2835,2444,2468,185,24,3,4,2583,2593,2835,3152,3154,2835,3819,3829,2835,4865,4867,2835,3154,3157
846,3,3,567,97,226,230,95,4,9,2,661,664,97,796,797,97,-1,-1,-1,-1,-1,-1,664,674
845,9,9,2051,6918,966,984,367,18,1,2,2417,2426,6918,3026,3035,6918,-1,-1,-1,-1,-1,-1,2426,2427
844,1,1,6319,1743,1940,1943,730,3,11,2,7048,7049,1743,8260,8262,1743,-1,-1,-1,-1,-1,-1,7049,7060
843,2,2,8115,1664,2497,2500,836,3,12,2,8950,8952,1664,10614,10615,1664,-1,-1,-1,-1,-1,-1,8952,8966
842,10,10,5809,3062,978,998,168,20,1,2,5976,5986,3062,6797,6807,3062,-1,-1,-1,-1,-1,-1,5986,5988
841,12,12,7035,915,3283,3304,449,21,2,3,7483,7493,915,8550,8552,915,10330,10339,915,-1,-1,-1,8552,8554
840,10,10,8444,8721,3104,3125,741,21,3,3,9184,9194,8721,10806,10816,8721,11568,11569,8721,-1,-1,-1,9194,9197
839,9,9,7897,300,2614,2633,925,19,3,2,8821,8830,300,10520,10530,300,-1,-1,-1,-1,-1,-1,8830,8833
838,11,11,2538,2572,2309,2332,150,23,2,4,2687,2697,2572,3207,3208,2572,3876,3886,2572,4868,4870,2572,3208,3210
837,8,8,4096,8125,1060,1077,404,17,1,2,4499,4507,8125,5164,5173,8125,-1,-1,-1,-1,-1,-1,4507,4508
836,8,8,1936,6568,398,416,13,18,3,2,1948,1956,6568,2342,2352,6568,-1,-1,-1,-1,-1,-1,1956,1959
835,3,3,4350,6574,895,899,249,4,10,2,4598,4601,6574,5248,5249,6574,-1,-1,-1,-1,-1,-1,4601,4611
834,3,3,4583,9835,759,764,117,5,12,2,4699,4702,9835,5345,5347,9835,-1,-1,-1,-1,-1,-1,4702,4714
833,10,10,1044,1932,477,498,66,21,3,3,1109,1119,1932,1267,1277,1932,1541,1542,1932,-1,-1,-1,1119,1122
832,10,10,8125,9034,2489,2509,837,20,3,2,8961,8971,9034,10624,10634,9034,-1,-1,-1,-1,-1,-1,8971,8974
831,1,1,7758,9820,1031,1033,76,2,10,2,7833,7834,9820,8790,8791,9820,-1,-1,-1,-1,-1,-1,7834,7845
830,3,3,7930,9201,2602,2607,924,5,8,2,8853,8856,9201,10535,10537,9201,-1,-1,-1,-1,-1,-1,8856,8864
829,3,3,2181,5441,884,889,277,5,11,2,2457,2460,5441,3068,3070,5441,-1,-1,-1,-1,-1,-1,2460,2472
828,3,3,8252,328,2436,2440,791,4,9,2,9042,9045,328,10691,10692,328,-1,-1,-1,-1,-1,-1,9045,9054
827,12,12,5813,2805,2273,2295,174,22,1,3,5986,5996,2805,6807,6809,2805,8098,8108,2805,-1,-1,-1,6809,6810
826,11,11,2624,1668,1261,1280,106,19,2,3,2729,2739,1668,3231,3232,1668,3896,3904,1668,-1,-1,-1,3232,3234
825,10,10,1587,6136,561,580,119,19,2,2,1705,1715,6136,2158,2167,6136,-1,-1,-1,-1,-1,-1,1715,1717
824,12,12,5350,7748,2623,2645,342,22,1,3,5691,5701,7748,6602,6604,7748,7985,7995,7748,-1,-1,-1,6604,6605
823,12,12,6014,8316,4079,4102,37,23,1,4,6050,6060,8316,6853,6855,8316,8127,8137,8316,10115,10116,8316,6855,6856
822,1,1,1360,6711,279,282,98,3,11,2,1457,1458,6711,1640,1642,6711,-1,-1,-1,-1,-1,-1,1458,1469
821,12,12,4136,8783,2175,2196,373,21,2,3,4508,4518,8783,5176,5178,8783,6323,6332,8783,-1,-1,-1,5178,5180
820,2,2,5659,6391,1075,1078,232,3,12,2,5890,5892,6391,6736,6737,6391,-1,-1,-1,-1,-1,-1,5892,5905
819,2,2,4173,4369,1028,1032,370,4,12,2,4542,4544,4369,5203,5205,4369,-1,-1,-1,-1,-1,-1,4544,4557
818,3,3,5799,5989,989,994,170,5,9,2,5968,5971,5989,6791,6793,5989,-1,-1,-1,-1,-1,-1,5971,5981
817,9,9,1910,6332,413,432,30,19,2,2,1939,1948,6332,2332,2342,6332,-1,-1,-1,-1,-1,-1,1948,1950
816,9,9,967,3794,554,574,124,20,3,3,1090,1099,3794,1247,1257,3794,1540,1541,3794,-1,-1,-1,1099,1102
815,9,9,2943,9982,1025,1042,420,17,1,2,3362,3371,9982,3977,3985,9982,-1,-1,-1,-1,-1,-1,3371,3372
814,3,3,9986,8870,1918,1922,119,4,9,2,10104,10107,8870,11907,11908,8870,-1,-1,-1,-1,-1,-1,10107,10117
813,9,9,2014,6973,983,1001,5,18,3,2,2018,2027,6973,3006,3015,6973,-1,-1,-1,-1,-1,-1,2027,2030
812,1,1,4420,2198,854,857,205,3,8,2,4624,4625,2198,5275,5277,2198,-1,-1,-1,-1,-1,-1,4625,4633
811,11,11,6307,7584,5129,5151,722,22,1,4,7028,7038,7584,8257,8258,7584,10142,10152,7584,11457,11458,7584,8258,8259
810,10,10,9925,3530,1505,1524,148,19,1,2,10072,10082,3530,11440,11449,3530,-1,-1,-1,-1,-1,-1,10082,10083
809,9,9,4143,496,1036,1055,385,19,1,2,4527,4536,496,5188,5198,496,-1,-1,-1,-1,-1,-1,4536,4537
808,1,1,9644,7401,1715,1719,295,4,8,2,9938,9939,7401,11360,11363,7401,-1,-1,-1,-1,-1,-1,9939,9948
807,1,1,4509,4946,807,809,166,2,8,2,4674,4675,4946,5317,5318,4946,-1,-1,-1,-1,-1,-1,4675,4685
806,9,9,8862,7297,2126,2143,603,17,1,2,9464,9473,7297,10997,11005,7297,-1,-1,-1,-1,-1,-1,9473,9474
805,3,3,95,3671,45,50,10,5,10,2,104,107,3671,143,145,3671,-1,-1,-1,-1,-1,-1,107,117
804,11,11,5777,8274,2302,2321,179,19,2,3,5955,5965,8274,6789,6790,8274,8090,8098,8274,-1,-1,-1,6790,6793
803,3,3,6182,8891,2025,2030,44,5,8,2,6225,6228,8891,8210,8212,8891,-1,-1,-1,-1,-1,-1,6228,6237
802,3,3,5478,846,1181,1185,298,4,12,2,5775,5778,846,6662,6663,846,-1,-1,-1,-1,-1,-1,5778,5790
801,8,8,6636,1860,1764,1780,648,16,2,2,7283,7291,1860,8408,8416,1860,-1,-1,-1,-1,-1,-1,7291,7294
800,3,3,8315,9681,2408,2414,760,6,10,2,9074,9077,9681,10726,10729,9681,-1,-1,-1,-1,-1,-1,9077,9088
799,2,2,5313,2292,1280,1284,366,4,11,2,5678,5680,2292,6595,6597,2292,-1,-1,-1,-1,-1,-1,5680,5692
798,12,12,5093,9597,2815,2836,456,21,2,3,5548,5558,9597,6513,6515,9597,7920,7929,9597,-1,-1,-1,6515,6517
797,2,2,1382,4729,272,276,91,4,10,2,1472,1474,4729,1656,1658,4729,-1,-1,-1,-1,-1,-1,1474,1485
796,12,12,2291,4143,2551,2574,260,23,2,4,2550,2560,4143,3136,3138,4143,3798,3808,4143,4864,4865,4143,3138,3140
795,1,1,4247,4932,982,984,333,2,9,2,4579,4580,4932,5230,5231,4932,-1,-1,-1,-1,-1,-1,4580,4589
794,12,12,5730,9557,2329,2350,200,21,1,3,5929,5939,9557,6781,6783,9557,8071,8080,9557,-1,-1,-1,6783,6784
793,1,1,7643,4210,1099,1102,147,3,9,2,7789,7790,4210,8743,8745,4210,-1,-1,-1,-1,-1,-1,7790,7799
792,12,12,2496,55,1348,1370,152,22,1,3,2647,2657,55,3181,3183,55,3856,3866,55,-1,-1,-1,3183,3184
791,10,10,452,4801,307,328,47,21,2,3,498,508,4801,632,642,4801,779,780,4801,-1,-1,-1,508,510
790,10,10,1649,2488,1262,1283,101,21,2,3,1749,1759,2488,2193,2203,2488,2931,2932,2488,-1,-1,-1,1759,1761
789,3,3,1976,6179,408,413,14,5,8,2,1989,1992,6179,2387,2389,6179,-1,-1,-1,-1,-1,-1,1992,2001
788,10,10,1085,4949,445,467,77,22,1,3,1161,1171,4949,1309,1319,4949,1550,1552,4949,-1,-1,-1,1171,1172
787,3,3,2950,7337,1032,1038,422,6,10,2,3371,3374,7337,3985,3988,7337,-1,-1,-1,-1,-1,-1,3374,3384
786,2,2,3077,4135,969,974,368,5,8,2,3444,3446,4135,4048,4051,4135,-1,-1,-1,-1,-1,-1,3446,3454
785,11,11,7027,7451,3284,3303,447,19,1,3,7473,7483,7451,8549,8550,7451,10322,10330,7451,-1,-1,-1,8550,8551
784,3,3,4963,63,1509,1514,530,5,10,2,5492,5495,63,6475,6477,63,-1,-1,-1,-1,-1,-1,5495,5506
783,3,3,1379,1155,272,277,91,5,8,2,1469,1472,1155,1654,1656,1155,-1,-1,-1,-1,-1,-1,1472,1480
782,10,10,9275,9687,2420,2441,376,21,3,3,9650,9660,9687,11156,11166,9687,11715,11716,9687,-1,-1,-1,9660,9664
781,1,1,7013,7510,1524,1526,452,2,10,2,7464,7465,7510,8538,8539,7510,-1,-1,-1,-1,-1,-1,7465,7476
780,10,10,9623,1691,2172,2193,283,21,1,3,9905,9915,1691,11335,11345,1691,11815,11816,1691,-1,-1,-1,9915,9916
779,10,10,3398,3169,769,789,241,20,2,2,3638,3648,3169,4177,4187,3169,-1,-1,-1,-1,-1,-1,3648,3650
778,11,11,8324,1107,3205,3224,763,19,3,3,9086,9096,1107,10739,10740,1107,11540,11548,1107,-1,-1,-1,10740,10743
777,9,9,2643,9067,591,609,107,18,1,2,2749,2758,9067,3243,3252,9067,-1,-1,-1,-1,-1,-1,2758,2759
776,9,9,5660,5804,1068,1087,233,19,2,2,5892,5901,5804,6737,6747,5804,-1,-1,-1,-1,-1,-1,5901,5903
775,11,11,9748,7795,2168,2191,239,23,1,4,9986,9996,7795,11377,11378,7795,11864,11874,7795,11937,11939,7795,11378,11379
774,3,3,4873,9323,1568,1572,586,4,8,2,5458,5461,9323,6444,6445,9323,-1,-1,-1,-1,-1,-1,5461,5469
773,9,9,8319,5403,3201,3221,759,20,3,3,9077,9086,5403,10729,10739,5403,11539,11540,5403,-1,-1,-1,9086,9090
772,3,3,7945,5279,2601,2607,930,6,8,2,8874,8877,5279,10549,10552,5279,-1,-1,-1,-1,-1,-1,8877,8885
771,1,1,9121,8728,1989,1991,468,2,10,2,9588,9589,8728,11111,11112,8728,-1,-1,-1,-1,-1,-1,9589,9600
770,3,3,295,9423,118,124,15,6,9,2,309,312,9423,416,419,9423,-1,-1,-1,-1,-1,-1,312,321
769,3,3,304,5217,114,120,19,6,8,2,322,325,5217,421,424,5217,-1,-1,-1,-1,-1,-1,325,333
768,2,2,8073,3420,2533,2538,870,5,12,2,8942,8944,3420,10608,10611,3420,-1,-1,-1,-1,-1,-1,8944,8956
767,3,3,8829,3795,2154,2158,594,4,10,2,9422,9425,3795,10986,10987,3795,-1,-1,-1,-1,-1,-1,9425,9435
766,3,3,6438,1780,1878,1884,704,6,9,2,7141,7144,1780,8319,8322,1780,-1,-1,-1,-1,-1,-1,7144,7153
765,11,11,3837,3643,4017,4039,514,22,1,4,4350,4360,3643,5066,5067,3643,6251,6261,3643,7875,7876,3643,5067,5068
764,10,10,1050,1754,225,243,79,18,1,2,1128,1138,1754,1285,1293,1754,-1,-1,-1,-1,-1,-1,1138,1139
763,11,11,9012,4200,2893,2915,531,22,3,4,9542,9552,4200,11071,11072,4200,11682,11692,4200,11926,11927,4200,11072,11075
762,10,10,1540,9443,1356,1378,148,22,1,3,1687,1697,9443,2138,2148,9443,2916,2918,9443,-1,-1,-1,1697,1698
761,3,3,5414,4368,1231,1236,336,5,11,2,5749,5752,4368,6648,6650,4368,-1,-1,-1,-1,-1,-1,5752,5764
760,11,11,6404,6855,3764,3785,708,21,3,3,7111,7121,6855,8309,8310,6855,10179,10189,6855,-1,-1,-1,8310,8313
759,3,3,232,380,144,148,24,4,10,2,255,258,380,379,380,380,-1,-1,-1,-1,-1,-1,258,269
758,12,12,7279,2749,3077,3098,311,21,2,3,7589,7599,2749,8627,8629,2749,10368,10377,2749,-1,-1,-1,8629,8631
757,2,2,6242,264,1972,1975,730,3,9,2,6971,6973,264,8216,8217,264,-1,-1,-1,-1,-1,-1,6973,6982
756,9,9,5352,5620,2624,2645,352,21,3,3,5703,5712,5620,6607,6617,5620,7995,7997,5620,-1,-1,-1,5712,5715
755,1,1,1806,4945,491,495,74,4,11,2,1879,1880,4945,2298,2301,4945,-1,-1,-1,-1,-1,-1,1880,1891
754,10,10,2152,9145,1587,1609,282,22,1,3,2433,2443,9145,3044,3054,9145,3759,3761,9145,-1,-1,-1,2443,2445
753,3,3,6250,9562,1974,1980,732,6,11,2,6981,6984,9562,8227,8230,9562,-1,-1,-1,-1,-1,-1,6984,6995
752,3,3,8835,9628,2151,2156,611,5,12,2,9445,9448,9628,10989,10991,9628,-1,-1,-1,-1,-1,-1,9448,9460
751,9,9,3033,2980,1830,1850,373,20,3,3,3405,3414,2980,4016,4026,2980,4882,4883,2980,-1,-1,-1,3414,3417
750,9,9,453,7347,180,199,56,19,1,2,508,517,7347,642,652,7347,-1,-1,-1,-1,-1,-1,517,518
749,1,1,392,3263,225,227,94,2,8,2,485,486,3263,618,619,3263,-1,-1,-1,-1,-1,-1,486,495
748,12,12,7944,1280,3945,3968,921,23,2,4,8864,8874,1280,10547,10549,1280,11496,11506,1280,11911,11912,1280,10549,10551
747,11,11,7599,6358,2848,2869,151,21,1,3,7749,7759,6358,8712,8713,6358,10458,10468,6358,-1,-1,-1,8713,8714
746,1,1,7555,8393,1147,1151,187,4,9,2,7741,7742,8393,8703,8706,8393,-1,-1,-1,-1,-1,-1,7742,7752
745,3,3,5575,4438,1105,1109,256,4,8,2,5830,5833,4438,6683,6684,4438,-1,-1,-1,-1,-1,-1,5833,5841
744,8,8,4862,4077,1563,1579,576,16,2,2,5437,5445,4077,6433,6441,4077,-1,-1,-1,-1,-1,-1,5445,5447
743,2,2,4235,6744,980,983,323,3,11,2,4557,4559,6744,5217,5218,6744,-1,-1,-1,-1,-1,-1,4559,4571
742,9,9,9154,7086,1964,1981,457,17,2,2,9610,9619,7086,11127,11135,7086,-1,-1,-1,-1,-1,-1,9619,9621
741,8,8,8918,7921,2101,2118,579,17,3,2,9496,9504,7921,11027,11036,7921,-1,-1,-1,-1,-1,-1,9504,9508
740,2,2,3908,9426,1181,1185,494,4,8,2,4401,4403,9426,5091,5093,9426,-1,-1,-1,-1,-1,-1,4403,4411
739,9,9,3866,7755,1202,1221,504,19,2,2,4369,4378,7755,5077,5087,7755,-1,-1,-1,-1,-1,-1,4378,4380
738,1,1,9797,967,1596,1599,223,3,12,2,10019,10020,967,11394,11396,967,-1,-1,-1,-1,-1,-1,10020,10032
737,2,2,4889,8200,1556,1561,575,5,9,2,5463,5465,8200,6447,6450,8200,-1,-1,-1,-1,-1,-1,5465,5475
736,1,1,5709,9035,1068,1072,220,4,12,2,5928,5929,9035,6778,6781,9035,-1,-1,-1,-1,-1,-1,5929,5941
735,2,2,1229,1422,351,356,135,5,10,2,1363,1365,1422,1582,1585,1422,-1,-1,-1,-1,-1,-1,1365,1375
734,1,1,7454,7544,1227,1231,251,4,10,2,7704,7705,7544,8682,8685,7544,-1,-1,-1,-1,-1,-1,7705,7716
733,12,12,9641,8607,2165,2185,288,20,2,3,9928,9938,8607,11358,11360,8607,11818,11826,8607,-1,-1,-1,11360,11362
732,3,3,9094,3719,2001,2007,484,6,9,2,9577,9580,3719,11098,11101,3719,-1,-1,-1,-1,-1,-1,9580,9589
731,11,11,1259,1339,1632,1654,139,22,3,4,1397,1407,1339,1603,1604,1339,2065,2075,1339,2912,2913,1339,1604,1607
730,1,1,857,9139,385,387,97,2,10,2,953,954,9139,1243,1244,9139,-1,-1,-1,-1,-1,-1,954,965
729,1,1,5353,2529,1263,1267,360,4,8,2,5712,5713,2529,6617,6620,2529,-1,-1,-1,-1,-1,-1,5713,5722
728,2,2,549,7557,244,247,111,3,8,2,659,661,7557,795,796,7557,-1,-1,-1,-1,-1,-1,661,669
727,8,8,1739,1374,1193,1213,87,20,3,3,1825,1833,1374,2249,2259,1374,2950,2952,1374,-1,-1,-1,1833,1836
726,3,3,3256,1291,877,881,297,4,11,2,3552,3555,1291,4136,4137,1291,-1,-1,-1,-1,-1,-1,3555,3566
725,8,8,1447,9048,215,231,52,16,3,2,1498,1506,9048,1670,1678,9048,-1,-1,-1,-1,-1,-1,1506,1510
724,1,1,5318,3398,1278,1282,363,4,11,2,5680,5681,3398,6597,6600,3398,-1,-1,-1,-1,-1,-1,5681,5693
723,2,2,4824,6780,607,611,16,4,12,2,4839,4841,6780,5433,5435,6780,-1,-1,-1,-1,-1,-1,4841,4854
722,2,2,5805,9479,989,992,170,3,10,2,5974,5976,9479,6796,6797,9479,-1,-1,-1,-1,-1,-1,5976,5987
721,1,1,9850,8931,1573,1577,200,4,11,2,10049,10050,8931,11424,11427,8931,-1,-1,-1,-1,-1,-1,10050,10062
720,12,12,1342,1926,1549,1573,96,24,3,4,1437,1447,1926,1636,1638,1926,2079,2089,1926,2913,2915,1926,1638,1641
719,12,12,6306,8735,3814,3836,713,22,1,3,7018,7028,8735,8255,8257,8735,10132,10142,8735,-1,-1,-1,8257,8258
718,3,3,2460,3860,707,713,169,6,12,2,2628,2631,3860,3170,3173,3860,-1,-1,-1,-1,-1,-1,2631,2644
717,11,11,2710,4807,1183,1202,69,19,3,3,2778,2788,4807,3272,3273,4807,3904,3912,4807,-1,-1,-1,3273,3276
716,1,1,1620,6608,569,572,127,3,10,2,1746,1747,6608,2190,2192,6608,-1,-1,-1,-1,-1,-1,1747,1757
715,11,11,7857,1203,2622,2643,7,21,1,3,7863,7873,1203,8799,8800,1203,10490,10500,1203,-1,-1,-1,8800,8802
714,2,2,4686,8883,714,717,97,3,9,2,4782,4784,8883,5402,5403,8883,-1,-1,-1,-1,-1,-1,4784,4794
713,2,2,4911,8929,1540,1543,556,3,11,2,5466,5468,8929,6453,6454,8929,-1,-1,-1,-1,-1,-1,5468,5480
712,9,9,6451,86,1864,1882,697,18,3,2,7147,7156,86,8324,8333,86,-1,-1,-1,-1,-1,-1,7156,7160
711,8,8,6245,4661,1964,1982,729,18,1,2,6973,6981,4661,8217,8227,4661,-1,-1,-1,-1,-1,-1,6981,6983
710,11,11,2600,3575,2249,2271,108,22,2,4,2707,2717,3575,3218,3219,3575,3886,3896,3575,4870,4871,3575,3219,3221
709,2,2,9921,2750,1513,1516,147,3,8,2,10067,10069,2750,11436,11437,2750,-1,-1,-1,-1,-1,-1,10069,10077
708,8,8,7624,2838,1083,1101,139,18,1,2,7762,7770,2838,8715,8725,2838,-1,-1,-1,-1,-1,-1,7770,7771
707,8,8,6710,9487,3540,3560,601,20,2,3,7310,7318,9487,8425,8435,9487,10268,10270,9487,-1,-1,-1,7318,7320
706,1,1,353,7869,233,235,4,2,8,2,356,357,7869,587,588,7869,-1,-1,-1,-1,-1,-1,357,366
705,8,8,9495,7560,1768,1784,331,16,1,2,9825,9833,7560,11271,11279,7560,-1,-1,-1,-1,-1,-1,9833,9834
704,9,9,432,5753,326,347,57,21,3,3,488,497,5753,621,631,5753,777,779,5753,-1,-1,-1,497,500
703,11,11,9794,1819,2124,2146,216,22,3,4,10009,10019,1819,11393,11394,1819,11874,11884,1819,11939,11940,1819,11394,11397
702,2,2,7962,9879,2588,2591,916,3,11,2,8877,8879,9879,10552,10553,9879,-1,-1,-1,-1,-1,-1,8879,8891
701,9,9,2852,3422,472,491,48,19,2,2,2899,2908,3422,3333,3343,3422,-1,-1,-1,-1,-1,-1,2908,2910
700,10,10,9185,7577,2500,2522,436,22,1,3,9620,9630,7577,11136,11146,7577,11705,11707,7577,-1,-1,-1,9630,9632
699,9,9,4020,3847,2252,2273,415,21,1,3,4434,4443,3847,5121,5131,3847,6291,6293,3847,-1,-1,-1,4443,4444
698,2,2,9836,4879,1573,1578,204,5,8,2,10039,10041,4879,11411,11414,4879,-1,-1,-1,-1,-1,-1,10041,10049
697,1,1,3626,5539,613,615,89,2,9,2,3714,3715,5539,4240,4241,5539,-1,-1,-1,-1,-1,-1,3715,3725
696,8,8,4373,5776,1954,1974,243,20,3,3,4615,4623,5776,5263,5273,5776,6345,6347,5776,-1,-1,-1,4623,4626
695,11,11,1726,1603,1204,1224,90,20,1,3,1815,1825,1603,2248,2249,1603,2941,2950,1603,-1,-1,-1,2249,2250
694,9,9,9065,2006,2016,2033,504,17,2,2,9568,9577,2006,11090,11098,2006,-1,-1,-1,-1,-1,-1,9577,9579
693,12,12,3305,1200,1642,1663,294,21,2,3,3598,3608,1200,4155,4157,1200,4959,4968,1200,-1,-1,-1,4157,4159
692,2,2,6763,5772,1687,1692,580,5,11,2,7342,7344,5772,8452,8455,5772,-1,-1,-1,-1,-1,-1,7344,7357
691,1,1,6271,7462,1972,1974,735,2,8,2,7005,7006,7462,8244,8245,7462,-1,-1,-1,-1,-1,-1,7006,7015
690,12,12,7535,3328,2902,2923,195,21,1,3,7729,7739,3328,8700,8702,3328,10449,10458,3328,-1,-1,-1,8702,8704
689,2,2,5182,2468,1364,1369,425,5,10,2,5606,5608,2468,6548,6551,2468,-1,-1,-1,-1,-1,-1,5608,5619
688,12,12,1611,5986,1297,1318,116,21,3,3,1726,1736,5986,2178,2180,5986,2920,2929,5986,-1,-1,-1,2180,2183
687,1,1,9747,9283,1627,1630,239,3,9,2,9985,9986,9283,11375,11377,9283,-1,-1,-1,-1,-1,-1,9986,9995
686,3,3,5821,1098,985,990,176,5,9,2,5996,5999,1098,6809,6811,1098,-1,-1,-1,-1,-1,-1,5999,6008
685,1,1,9288,655,1888,1892,382,4,12,2,9669,9670,655,11177,11180,655,-1,-1,-1,-1,-1,-1,9670,9683
684,9,9,8364,8937,2400,2417,774,17,1,2,9137,9146,8937,10773,10781,8937,-1,-1,-1,-1,-1,-1,9146,9147
683,1,1,8764,9123,2205,2207,632,2,11,2,9395,9396,9123,10970,10971,9123,-1,-1,-1,-1,-1,-1,9396,9408
682,2,2,2813,949,505,508,55,3,9,2,2867,2869,949,3320,3321,949,-1,-1,-1,-1,-1,-1,2869,2878
681,1,1,9127,5422,1984,1986,463,2,9,2,9589,9590,5422,11112,11113,5422,-1,-1,-1,-1,-1,-1,9590,9599
680,1,1,9813,6200,1584,1588,218,4,9,2,10030,10031,6200,11398,11401,6200,-1,-1,-1,-1,-1,-1,10031,10041
679,1,1,4656,1552,729,731,95,2,12,2,4750,4751,1552,5386,5387,1552,-1,-1,-1,-1,-1,-1,4751,4764
678,2,2,7337,8705,1298,1301,280,3,8,2,7616,7618,8705,8637,8638,8705,-1,-1,-1,-1,-1,-1,7618,7627
677,9,9,6048,4306,807,825,36,18,1,2,6083,6092,4306,6864,6873,4306,-1,-1,-1,-1,-1,-1,6092,6093
676,8,8,4708,8628,687,704,77,17,1,2,4784,4792,8628,5403,5412,8628,-1,-1,-1,-1,-1,-1,4792,4793
675,1,1,1462,5075,215,218,45,3,12,2,1506,1507,5075,1678,1680,5075,-1,-1,-1,-1,-1,-1,1507,1520
674,1,1,7446,5619,1224,1226,249,2,10,2,7694,7695,5619,8671,8672,5619,-1,-1,-1,-1,-1,-1,7695,7705
673,3,3,62,3003,58,64,4,6,8,2,65,68,3003,123,126,3003,-1,-1,-1,-1,-1,-1,68,76
672,12,12,3968,2434,2300,2322,437,22,3,3,4404,4414,2434,5096,5098,2434,6280,6290,2434,-1,-1,-1,5098,5101
671,2,2,4421,8584,855,858,208,3,8,2,4628,4630,8584,5278,5279,8584,-1,-1,-1,-1,-1,-1,4630,4638
670,3,3,6540,2134,1829,1833,689,4,11,2,7228,7231,2134,8372,8373,2134,-1,-1,-1,-1,-1,-1,7231,7242
669,12,12,9569,690,2342,2365,295,23,2,4,9863,9873,690,11301,11303,690,11803,11813,690,11933,11934,690,11303,11305
668,1,1,5999,8023,850,854,51,4,12,2,6049,6050,8023,6850,6853,8023,-1,-1,-1,-1,-1,-1,6050,6063
667,12,12,5570,6760,4519,4542,251,23,2,4,5820,5830,6760,6681,6683,6760,8047,8057,6760,10111,10112,6760,6683,6686
666,2,2,484,20,304,309,48,5,11,2,531,533,20,790,793,20,-1,-1,-1,-1,-1,-1,533,544
665,1,1,3496,389,695,699,175,4,8,2,3670,3671,389,4192,4195,389,-1,-1,-1,-1,-1,-1,3671,3679
664,12,12,211,4347,323,343,33,20,3,3,243,253,4347,375,377,4347,546,554,4347,-1,-1,-1,377,380
663,3,3,4164,12,1031,1037,373,6,9,2,4536,4539,12,5198,5201,12,-1,-1,-1,-1,-1,-1,4539,4548
662,10,10,5458,3086,1184,1203,298,19,3,2,5755,5765,3086,6652,6661,3086,-1,-1,-1,-1,-1,-1,5765,5769
661,2,2,4027,8460,1104,1107,427,3,12,2,4453,4455,8460,5133,5134,8460,-1,-1,-1,-1,-1,-1,4455,4467
660,2,2,2413,2568,739,743,181,4,8,2,2593,2595,2568,3154,3156,2568,-1,-1,-1,-1,-1,-1,2595,2603
659,8,8,3304,8079,834,851,287,17,1,2,3590,3598,8079,4146,4155,8079,-1,-1,-1,-1,-1,-1,3598,3599
658,2,2,5352,6186,1250,1255,350,5,8,2,5701,5703,6186,6604,6607,6186,-1,-1,-1,-1,-1,-1,5703,5711
657,9,9,3230,2878,1648,1669,272,21,3,3,3501,3510,2878,4110,4120,2878,4897,4899,2878,-1,-1,-1,3510,3513
656,1,1,7282,2349,1346,1348,318,2,12,2,7599,7600,2349,8629,8630,2349,-1,-1,-1,-1,-1,-1,7600,7612
655,12,12,5123,2126,2794,2815,450,21,3,3,5572,5582,2126,6529,6531,2126,7929,7938,2126,-1,-1,-1,6531,6534
654,3,3,2674,2807,578,583,88,5,11,2,2761,2764,2807,3255,3257,2807,-1,-1,-1,-1,-1,-1,2764,2776
653,8,8,9288,4073,1873,1889,374,16,1,2,9661,9669,4073,11169,11177,4073,-1,-1,-1,-1,-1,-1,9669,9670
652,2,2,228,2098,147,151,26,4,11,2,253,255,2098,377,379,2098,-1,-1,-1,-1,-1,-1,255,266
651,8,8,1036,8824,214,231,66,17,2,2,1101,1109,8824,1258,1267,8824,-1,-1,-1,-1,-1,-1,1109,1112
650,9,9,7672,4123,2777,2798,132,21,2,3,7803,7812,4123,8757,8767,4123,10468,10470,4123,-1,-1,-1,7812,7814
649,11,11,7365,6370,3023,3043,286,20,3,3,7650,7660,6370,8663,8664,6370,10399,10408,6370,-1,-1,-1,8664,8667
648,1,1,5831,7573,979,982,169,3,9,2,5999,6000,7573,6811,6813,7573,-1,-1,-1,-1,-1,-1,6000,6010
647,8,8,1678,5831,529,547,96,18,2,2,1773,1781,5831,2215,2225,5831,-1,-1,-1,-1,-1,-1,1781,1784
646,12,12,5656,4679,4434,4457,225,23,2,4,5880,5890,4679,6734,6736,4679,8061,8071,4679,10112,10113,4679,6736,6738
645,11,11,2306,7224,1491,1512,255,21,1,3,2560,2570,7224,3138,3139,7224,3808,3818,7224,-1,-1,-1,3139,3141
644,11,11,6728,7431,4717,4739,591,22,3,4,7318,7328,7431,8435,8436,7431,10270,10280,7431,11466,11467,7431,8436,8439
643,2,2,9230,2199,1915,1920,411,5,8,2,9640,9642,2199,11147,11150,2199,-1,-1,-1,-1,-1,-1,9642,9650
642,11,11,7437,2864,2970,2991,238,21,1,3,7674,7684,2864,8669,8670,2864,10418,10428,2864,-1,-1,-1,8670,8671
641,1,1,3755,4315,1249,1252,1,3,9,2,3755,3756,4315,5005,5007,4315,-1,-1,-1,-1,-1,-1,3756,3765
640,11,11,4029,9456,3828,3851,427,23,2,4,4455,4465,9456,5134,5135,9456,6303,6313,9456,7878,7880,9456,5135,5137
639,9,9,4182,1941,1014,1031,363,17,2,2,4544,4553,1941,5205,5213,1941,-1,-1,-1,-1,-1,-1,4553,4555
638,12,12,8575,1687,3320,3344,693,24,2,4,9267,9277,1687,10883,10885,1687,11580,11590,1687,11917,11919,1687,10885,10887
637,9,9,6731,2959,1699,1716,599,17,3,2,7329,7338,2959,8439,8447,2959,-1,-1,-1,-1,-1,-1,7338,7342
636,3,3,1652,167,548,552,108,4,8,2,1759,1762,167,2203,2204,167,-1,-1,-1,-1,-1,-1,1762,1770
635,9,9,1746,761,1187,1208,97,21,1,3,1842,1851,761,2268,2278,761,2952,2954,761,-1,-1,-1,1851,1852
634,1,1,7106,4916,1463,1465,416,2,12,2,7521,7522,4916,8570,8571,4916,-1,-1,-1,-1,-1,-1,7522,7535
633,12,12,5043,4677,2855,2877,486,22,2,3,5528,5538,4677,6501,6503,4677,7910,7920,4677,-1,-1,-1,6503,6505
632,2,2,6260,2177,1978,1983,734,5,11,2,6993,6995,2177,8240,8243,2177,-1,-1,-1,-1,-1,-1,6995,7007
631,1,1,744,9015,272,276,21,4,8,2,764,765,9015,1017,1020,9015,-1,-1,-1,-1,-1,-1,765,774
630,9,9,9341,7457,2392,2412,408,20,3,3,9748,9757,7457,11226,11236,7457,11752,11753,7457,-1,-1,-1,9757,9760
629,3,3,5492,1980,1168,1173,287,5,8,2,5778,5781,1980,6663,6665,1980,-1,-1,-1,-1,-1,-1,5781,5789
628,3,3,6658,123,1755,1761,634,6,12,2,7291,7294,123,8416,8419,123,-1,-1,-1,-1,-1,-1,7294,7306
627,3,3,884,8239,357,362,71,5,12,2,954,957,8239,1244,1246,8239,-1,-1,-1,-1,-1,-1,957,970
626,3,3,8092,9621,2517,2522,856,5,8,2,8947,8950,9621,10612,10614,9621,-1,-1,-1,-1,-1,-1,8950,8958
625,10,10,9464,8660,2299,2321,342,22,2,3,9805,9815,8660,11259,11269,8660,11783,11785,8660,-1,-1,-1,9815,9817
624,2,2,7581,8915,1126,1131,167,5,8,2,7747,7749,8915,8709,8712,8915,-1,-1,-1,-1,-1,-1,7749,7758
623,2,2,6464,8744,1867,1871,693,4,10,2,7156,7158,8744,8333,8335,8744,-1,-1,-1,-1,-1,-1,7158,7169
622,11,11,5166,567,2761,2780,428,19,3,3,5593,5603,567,6541,6542,567,7938,7946,567,-1,-1,-1,6542,6545
621,1,1,6729,5458,1706,1710,600,4,12,2,7328,7329,5458,8436,8439,5458,-1,-1,-1,-1,-1,-1,7329,7341
620,11,11,9199,9489,2497,2516,432,19,1,3,9630,9640,9489,11146,11147,9489,11707,11715,9489,-1,-1,-1,11147,11148
619,10,10,6976,6385,1520,1539,461,19,1,2,7436,7446,6385,8506,8515,6385,-1,-1,-1,-1,-1,-1,7446,7447
618,9,9,6065,5980,2073,2093,45,20,3,3,6109,6118,5980,6893,6903,5980,8157,8158,5980,-1,-1,-1,6118,6121
617,12,12,6129,578,3968,3991,34,23,1,4,6162,6172,578,6929,6931,578,8180,8190,578,10119,10120,578,6931,6932
616,8,8,1966,8734,401,419,13,18,1,2,1978,1986,8734,2375,2385,8734,-1,-1,-1,-1,-1,-1,1986,1987
615,3,3,2879,4461,1079,1085,30,6,11,2,2908,2911,4461,3961,3964,4461,-1,-1,-1,-1,-1,-1,2911,2922
614,10,10,3078,7283,1796,1817,369,21,1,3,3446,3456,7283,4051,4061,7283,4894,4895,7283,-1,-1,-1,3456,3457
613,12,12,6048,2285,4046,4070,26,24,2,4,6073,6083,2285,6862,6864,2285,8146,8156,2285,10116,10118,2285,6864,6866
612,1,1,105,3829,85,89,6,4,12,2,110,111,3829,191,194,3829,-1,-1,-1,-1,-1,-1,111,124
611,3,3,104,1407,38,43,4,5,12,2,107,110,1407,145,147,1407,-1,-1,-1,-1,-1,-1,110,123
610,12,12,5557,5937,2469,2490,254,21,2,3,5810,5820,5937,6679,6681,5937,8038,8047,5937,-1,-1,-1,6681,6684
609,1,1,5102,6989,1414,1416,460,2,9,2,5561,5562,6989,6517,6518,6989,-1,-1,-1,-1,-1,-1,5562,5571
608,10,10,6519,3647,3670,3692,667,22,3,3,7185,7195,3647,8356,8366,3647,10209,10211,3647,-1,-1,-1,7195,7198
607,1,1,474,541,180,183,47,3,8,2,520,521,541,655,657,541,-1,-1,-1,-1,-1,-1,521,529
606,3,3,8346,2486,2401,2406,759,5,8,2,9104,9107,2486,10750,10752,2486,-1,-1,-1,-1,-1,-1,9107,9115
605,3,3,2533,5995,665,671,150,6,9,2,2682,2685,5995,3201,3204,5995,-1,-1,-1,-1,-1,-1,2685,2695
604,9,9,345,1767,95,112,3,17,1,2,347,356,1767,449,457,1767,-1,-1,-1,-1,-1,-1,356,357
603,11,11,3287,6950,2928,2950,271,22,3,4,3557,3567,6950,4140,4141,6950,4929,4939,6950,6236,6237,6950,4141,4144
602,12,12,9654,7036,2258,2282,289,24,2,4,9942,9952,7036,11366,11368,7036,11826,11836,7036,11934,11936,7036,11368,11370
601,2,2,4591,9483,760,764,127,4,11,2,4717,4719,9483,5353,5355,9483,-1,-1,-1,-1,-1,-1,4719,4731
600,2,2,8870,407,2133,2136,604,3,8,2,9473,9475,407,11005,11006,407,-1,-1,-1,-1,-1,-1,9475,9483
599,8,8,7650,3066,1088,1104,143,16,2,2,7792,7800,3066,8746,8754,3066,-1,-1,-1,-1,-1,-1,7800,7802
598,12,12,2471,8677,1364,1385,163,21,3,3,2633,2643,8677,3176,3178,8677,3847,3856,8677,-1,-1,-1,3178,3181
597,9,9,9613,3169,1705,1722,284,17,1,2,9896,9905,3169,11327,11335,3169,-1,-1,-1,-1,-1,-1,9905,9906
596,11,11,5188,5087,2747,2768,421,21,2,3,5608,5618,5087,6551,6552,5087,7946,7956,5087,-1,-1,-1,6552,6554
595,9,9,3817,2223,2413,2434,520,21,1,3,4336,4345,2223,5050,5060,2223,6249,6251,2223,-1,-1,-1,4345,4346
594,10,10,4767,5320,641,659,47,18,1,2,4813,4823,5320,5418,5426,5320,-1,-1,-1,-1,-1,-1,4823,4824
593,8,8,8660,4767,2932,2952,682,20,3,3,9341,9349,4767,10930,10940,4767,11610,11612,4767,-1,-1,-1,9349,9352
592,1,1,4758,604,655,658,45,3,8,2,4802,4803,604,5414,5416,604,-1,-1,-1,-1,-1,-1,4803,4811
591,3,3,5097,5328,1415,1420,462,5,11,2,5558,5561,5328,6515,6517,5328,-1,-1,-1,-1,-1,-1,5561,5572
590,10,10,5093,6770,1400,1420,446,20,2,2,5538,5548,6770,6503,6513,6770,-1,-1,-1,-1,-1,-1,5548,5550
589,1,1,9909,674,1525,1527,158,2,10,2,10066,10067,674,11435,11436,674,-1,-1,-1,-1,-1,-1,10067,10078
588,10,10,1989,2704,393,413,6,20,1,2,1994,2004,2704,2392,2402,2704,-1,-1,-1,-1,-1,-1,2004,2005
587,9,9,5387,9556,2601,2622,350,21,2,3,5736,5745,9556,6634,6644,9556,8007,8009,9556,-1,-1,-1,5745,5747
586,3,3,5789,2397,998,1002,177,4,11,2,5965,5968,2397,6790,6791,2397,-1,-1,-1,-1,-1,-1,5968,5979
585,11,11,623,5679,329,349,65,20,3,3,687,697,5679,824,825,5679,963,972,5679,-1,-1,-1,825,828
584,2,2,7208,9773,1383,1388,344,5,12,2,7551,7553,9773,8593,8596,9773,-1,-1,-1,-1,-1,-1,7553,7565
583,11,11,3303,4664,1635,1656,278,21,2,3,3580,3590,4664,4145,4146,4664,4949,4959,4664,-1,-1,-1,4146,4149
582,1,1,9772,8836,1617,1620,236,3,8,2,10007,10008,8836,11390,11392,8836,-1,-1,-1,-1,-1,-1,10008,10017
581,8,8,8341,8316,2391,2409,756,18,3,2,9096,9104,8316,10740,10750,8316,-1,-1,-1,-1,-1,-1,9104,9107
580,2,2,7515,9530,1179,1182,201,3,8,2,7715,7717,9530,8696,8697,9530,-1,-1,-1,-1,-1,-1,7717,7726
579,11,11,197,321,328,349,36,21,1,3,232,242,321,373,374,321,536,546,321,-1,-1,-1,374,375
578,1,1,6636,4474,1768,1772,647,4,9,2,7282,7283,4474,8405,8408,4474,-1,-1,-1,-1,-1,-1,7283,7293
577,1,1,6467,6602,1867,1870,692,3,12,2,7158,7159,6602,8335,8337,6602,-1,-1,-1,-1,-1,-1,7159,7172
576,8,8,8545,7412,2313,2331,709,18,2,2,9253,9261,7412,10866,10876,7412,-1,-1,-1,-1,-1,-1,9261,9265
575,3,3,6801,9713,1656,1660,560,4,11,2,7360,7363,9713,8460,8461,9713,-1,-1,-1,-1,-1,-1,7363,7375
574,1,1,250,3793,133,137,24,4,11,2,273,274,3793,384,387,3793,-1,-1,-1,-1,-1,-1,274,285
573,3,3,5801,7072,989,995,171,6,8,2,5971,5974,7072,6793,6796,7072,-1,-1,-1,-1,-1,-1,5974,5983
572,3,3,8154,4306,2495,2501,835,6,10,2,8988,8991,4306,10652,10655,4306,-1,-1,-1,-1,-1,-1,8991,9001
571,3,3,69,3129,57,61,2,4,12,2,70,73,3129,129,130,3129,-1,-1,-1,-1,-1,-1,73,86
570,9,9,5974,110,853,870,63,17,1,2,6036,6045,110,6836,6844,110,-1,-1,-1,-1,-1,-1,6045,6046
569,9,9,6397,175,1890,1909,702,19,1,2,7098,7107,175,8296,8306,175,-1,-1,-1,-1,-1,-1,7107,7108
568,3,3,2753,167,538,542,59,4,11,2,2811,2814,167,3294,3295,167,-1,-1,-1,-1,-1,-1,2814,2825
567,2,2,7248,7374,1358,1362,315,4,11,2,7562,7564,7374,8608,8610,7374,-1,-1,-1,-1,-1,-1,7564,7576
566,10,10,6360,7156,1916,1935,719,19,1,2,7078,7088,7156,8286,8295,7156,-1,-1,-1,-1,-1,-1,7088,7089
565,2,2,8924,2504,2110,2113,581,3,9,2,9504,9506,2504,11036,11037,2504,-1,-1,-1,-1,-1,-1,9506,9516
564,2,2,8713,4122,2234,2237,647,3,9,2,9359,9361,4122,10949,10950,4122,-1,-1,-1,-1,-1,-1,9361,9370
563,8,8,9311,9281,1861,1877,360,16,3,2,9670,9678,9281,11180,11188,9281,-1,-1,-1,-1,-1,-1,9678,9681
562,2,2,8926,611,2109,2114,581,5,8,2,9506,9508,611,11037,11040,611,-1,-1,-1,-1,-1,-1,9508,9517
561,3,3,8570,1026,2308,2313,695,5,9,2,9264,9267,1026,10881,10883,1026,-1,-1,-1,-1,-1,-1,9267,9278
560,9,9,9146,8288,1962,1981,456,19,2,2,9601,9610,8288,11117,11127,8288,-1,-1,-1,-1,-1,-1,9610,9612
559,9,9,9327,6644,1867,1886,393,19,3,2,9719,9728,6644,11203,11213,6644,-1,-1,-1,-1,-1,-1,9728,9731
558,2,2,4295,550,938,942,291,4,12,2,4585,4587,550,5235,5237,550,-1,-1,-1,-1,-1,-1,4587,4601
557,2,2,4518,2674,798,803,158,5,9,2,4675,4677,2674,5318,5321,2674,-1,-1,-1,-1,-1,-1,4677,4687
556,3,3,4942,6037,1520,1524,539,4,11,2,5480,5483,6037,6465,6466,6037,-1,-1,-1,-1,-1,-1,5483,5495
555,11,11,5042,1008,5045,5067,477,22,1,4,5518,5528,1008,6500,6501,1008,7900,7910,1008,10108,10109,1008,6501,6502
554,11,11,854,466,367,388,87,21,2,3,940,950,466,1089,1090,466,1232,1242,466,-1,-1,-1,1090,1092
553,10,10,9319,1212,1861,1879,370,18,3,2,9688,9698,1212,11190,11198,1212,-1,-1,-1,-1,-1,-1,9698,9701
552,2,2,2992,8957,1007,1012,398,5,11,2,3389,3391,8957,4001,4004,8957,-1,-1,-1,-1,-1,-1,3391,3404
551,1,1,8723,116,2229,2233,642,4,9,2,9364,9365,116,10953,10956,116,-1,-1,-1,-1,-1,-1,9365,9374
550,8,8,4062,3931,1065,1082,404,17,2,2,4465,4473,3931,5135,5144,3931,-1,-1,-1,-1,-1,-1,4473,4475
549,12,12,9883,6405,2037,2060,170,23,1,4,10052,10062,6405,11429,11431,6405,11894,11904,6405,11942,11943,6405,11431,11432
548,1,1,3631,8111,619,621,95,2,10,2,3725,3726,8111,4251,4252,8111,-1,-1,-1,-1,-1,-1,3726,3737
547,10,10,7118,516,3210,3231,405,21,2,3,7522,7532,516,8571,8581,516,10348,10349,516,-1,-1,-1,7532,7534
546,1,1,2987,9659,1012,1014,402,2,8,2,3388,3389,9659,4000,4001,9659,-1,-1,-1,-1,-1,-1,3389,3397
545,12,12,3446,2066,1531,1553,215,22,1,3,3660,3670,2066,4190,4192,2066,4989,4999,2066,-1,-1,-1,4192,4193
544,8,8,2935,9951,1918,1938,409,20,2,3,3343,3351,9951,3964,3974,9951,4871,4873,9951,-1,-1,-1,3351,3353
543,9,9,6607,8206,1779,1798,667,19,2,2,7273,7282,8206,8395,8405,8206,-1,-1,-1,-1,-1,-1,7282,7284
542,11,11,4669,3040,1696,1716,93,20,2,3,4761,4771,3040,5388,5389,3040,6376,6385,3040,-1,-1,-1,5389,5391
541,2,2,2536,2371,666,671,150,5,9,2,2685,2687,2371,3204,3207,2371,-1,-1,-1,-1,-1,-1,2687,2697
540,12,12,5329,4146,2635,2656,353,21,1,3,5681,5691,4146,6600,6602,4146,7976,7985,4146,-1,-1,-1,6602,6603
539,11,11,6535,4682,3674,3694,674,20,3,3,7208,7218,4682,8369,8370,4682,10220,10229,4682,-1,-1,-1,8370,8373
538,9,9,8057,5485,2519,2537,863,18,2,2,8919,8928,5485,10585,10594,5485,-1,-1,-1,-1,-1,-1,8928,8930
537,11,11,4843,7313,1570,1590,9,20,3,3,4851,4861,7313,5436,5437,7313,6424,6433,7313,-1,-1,-1,5437,5441
536,3,3,8855,3864,2133,2139,594,6,9,2,9448,9451,3864,10991,10994,3864,-1,-1,-1,-1,-1,-1,9451,9461
535,2,2,2024,7140,989,993,4,4,12,2,2027,2029,7140,3015,3017,7140,-1,-1,-1,-1,-1,-1,2029,2043
534,2,2,2486,5036,691,695,160,4,8,2,2645,2647,5036,3179,3181,5036,-1,-1,-1,-1,-1,-1,2647,2656
533,2,2,5376,9362,1243,1247,340,4,9,2,5715,5717,9362,6621,6623,9362,-1,-1,-1,-1,-1,-1,5717,5727
532,3,3,1435,7026,229,234,59,5,11,2,1493,1496,7026,1667,1669,7026,-1,-1,-1,-1,-1,-1,1496,1507
531,12,12,5918,3708,4174,4197,96,23,2,4,6013,6023,3708,6820,6822,3708,8117,8127,3708,10114,10115,3708,6822,6824
530,3,3,3100,137,963,967,359,4,11,2,3458,3461,137,4066,4067,137,-1,-1,-1,-1,-1,-1,3461,3473
529,8,8,5192,1059,2746,2765,427,19,1,3,5618,5626,1059,6552,6562,1059,7956,7957,1059,-1,-1,-1,5626,5627
528,9,9,7338,2484,1292,1309,291,17,2,2,7628,7637,2484,8639,8647,2484,-1,-1,-1,-1,-1,-1,7637,7639
527,10,10,1087,5480,445,466,85,21,2,3,1171,1181,5480,1319,1329,5480,1552,1553,5480,-1,-1,-1,1181,1183
526,9,9,6093,8191,2056,2077,39,21,3,3,6131,6140,8191,6907,6917,8191,8168,8170,8191,-1,-1,-1,6140,6143
525,11,11,6168,1769,2012,2032,29,20,2,3,6196,6206,1769,6957,6958,1769,8191,8200,1769,-1,-1,-1,6958,6960
524,1,1,9586,2094,1729,1731,299,2,11,2,9884,9885,2094,11316,11317,2094,-1,-1,-1,-1,-1,-1,9885,9897
523,2,2,5372,5667,1246,1249,342,3,9,2,5713,5715,5667,6620,6621,5667,-1,-1,-1,-1,-1,-1,5715,5725
522,2,2,66,2301,58,63,3,5,11,2,68,70,2301,126,129,2301,-1,-1,-1,-1,-1,-1,70,82
521,3,3,2510,3793,682,686,158,4,11,2,2667,2670,3793,3195,3196,3793,-1,-1,-1,-1,-1,-1,2670,2682
520,1,1,5649,8656,1079,1083,228,4,10,2,5876,5877,8656,6729,6732,8656,-1,-1,-1,-1,-1,-1,5877,5887
519,1,1,435,6937,195,197,63,2,8,2,497,498,6937,631,632,6937,-1,-1,-1,-1,-1,-1,498,508
518,2,2,3240,8487,883,886,301,3,8,2,3540,3542,8487,4125,4126,8487,-1,-1,-1,-1,-1,-1,3542,3550
517,9,9,5970,9581,847,866,58,19,3,2,6027,6036,9581,6826,6836,9581,-1,-1,-1,-1,-1,-1,6036,6039
516,3,3,1969,1318,413,418,18,5,8,2,1986,1989,1318,2385,2387,1318,-1,-1,-1,-1,-1,-1,1989,1997
515,9,9,2291,8074,828,845,251,17,1,2,2541,2550,8074,3128,3136,8074,-1,-1,-1,-1,-1,-1,2550,2551
514,3,3,6446,9731,1873,1878,699,5,10,2,7144,7147,9731,8322,8324,9731,-1,-1,-1,-1,-1,-1,7147,7158
513,9,9,5604,7909,2435,2456,248,21,2,3,5851,5860,7909,6704,6714,7909,8058,8060,7909,-1,-1,-1,5860,5862
512,8,8,361,1869,395,415,105,20,1,3,465,473,1869,596,606,1869,774,776,1869,-1,-1,-1,473,474
511,9,9,5508,3598,2500,2521,284,21,2,3,5791,5800,3598,6667,6677,3598,8027,8029,3598,-1,-1,-1,5800,5802
510,3,3,5214,6808,1348,1352,415,4,11,2,5628,5631,6808,6565,6566,6808,-1,-1,-1,-1,-1,-1,5631,5643
509,12,12,301,4508,262,283,12,21,2,3,312,322,4508,419,421,4508,575,584,4508,-1,-1,-1,421,423
508,3,3,9974,3071,1927,1933,128,6,11,2,10101,10104,3071,11904,11907,3071,-1,-1,-1,-1,-1,-1,10104,10115
507,11,11,1993,2072,992,1012,12,20,3,3,2004,2014,2072,2402,2403,2072,2996,3005,2072,-1,-1,-1,2403,2406
506,3,3,8060,4347,2531,2537,869,6,12,2,8928,8931,4347,10594,10597,4347,-1,-1,-1,-1,-1,-1,8931,8943
505,11,11,8581,1260,2998,3019,703,21,2,3,9283,9293,1260,10888,10889,1260,11590,11600,1260,-1,-1,-1,10889,10891
504,2,2,6166,2893,788,791,29,3,11,2,6194,6196,2893,6956,6957,2893,-1,-1,-1,-1,-1,-1,6196,6208
503,8,8,8473,9228,2348,2364,741,16,3,2,9213,9221,9228,10829,10837,9228,-1,-1,-1,-1,-1,-1,9221,9224
502,11,11,7795,854,2664,2683,44,19,3,3,7838,7848,854,8795,8796,854,10470,10478,854,-1,-1,-1,8796,8799
501,10,10,8504,9072,2336,2354,732,18,3,2,9235,9245,9072,10850,10858,9072,-1,-1,-1,-1,-1,-1,9245,9248
500,10,10,8760,1447,2852,2873,626,21,2,3,9385,9395,1447,10960,10970,1447,11632,11633,1447,-1,-1,-1,9395,9397
499,8,8,8644,6027,2248,2266,671,18,2,2,9314,9322,6027,10900,10910,6027,-1,-1,-1,-1,-1,-1,9322,9326
498,2,2,15,6688,28,31,6,3,12,2,20,22,6688,45,46,6688,-1,-1,-1,-1,-1,-1,22,35
497,2,2,9029,7562,2056,2061,538,5,11,2,9566,9568,7562,11087,11090,7562,-1,-1,-1,-1,-1,-1,9568,9580
496,1,1,1683,8967,542,545,103,3,8,2,1785,1786,8967,2226,2228,8967,-1,-1,-1,-1,-1,-1,1786,1795
495,1,1,8038,8206,2541,2543,868,2,12,2,8905,8906,8206,10580,10581,8206,-1,-1,-1,-1,-1,-1,8906,8919
494,11,11,844,8931,674,696,77,22,2,4,920,930,8931,1075,1076,8931,1221,1231,8931,1539,1540,8931,1076,1078
493,11,11,9966,5950,1966,1986,126,20,2,3,10091,10101,5950,11456,11457,5950,11943,11952,5950,-1,-1,-1,11457,11459
492,8,8,5683,3695,1069,1087,230,18,1,2,5912,5920,3695,6760,6770,3695,-1,-1,-1,-1,-1,-1,5920,5921
491,3,3,8579,7238,2305,2309,702,4,9,2,9280,9283,7238,10887,10888,7238,-1,-1,-1,-1,-1,-1,9283,9293
490,2,2,5994,3237,851,856,54,5,11,2,6047,6049,3237,6847,6850,3237,-1,-1,-1,-1,-1,-1,6049,6061
489,10,10,6587,2083,1790,1808,677,18,3,2,7263,7273,2083,8387,8395,2083,-1,-1,-1,-1,-1,-1,7273,7276
488,3,3,4674,9603,712,718,98,6,10,2,4771,4774,9603,5389,5392,9603,-1,-1,-1,-1,-1,-1,4774,4784
487,11,11,6550,506,4892,4914,682,22,2,4,7231,7241,506,8373,8374,506,10239,10249,506,11463,11464,506,8374,8376
486,10,10,4980,4936,1488,1508,517,20,3,2,5496,5506,4936,6478,6488,4936,-1,-1,-1,-1,-1,-1,5506,5509
485,2,2,764,9516,256,260,6,4,8,2,769,771,9516,1022,1024,9516,-1,-1,-1,-1,-1,-1,771,779
484,11,11,3240,4522,1667,1688,291,21,3,3,3530,3540,4522,4124,4125,4522,4918,4928,4522,-1,-1,-1,4125,4128
483,2,2,6401,2082,1904,1908,709,4,8,2,7109,7111,2082,8307,8309,2082,-1,-1,-1,-1,-1,-1,7111,7119
482,1,1,7233,525,1371,1375,329,4,12,2,7561,7562,525,8605,8608,525,-1,-1,-1,-1,-1,-1,7562,7575
481,2,2,4889,4474,1554,1558,573,4,9,2,5461,5463,4474,6445,6447,4474,-1,-1,-1,-1,-1,-1,5463,5473
480,9,9,852,9772,360,380,80,20,3,3,931,940,9772,1079,1089,9772,1231,1232,9772,-1,-1,-1,940,943
479,3,3,4369,7895,890,894,244,4,12,2,4612,4615,7895,5262,5263,7895,-1,-1,-1,-1,-1,-1,4615,4628
478,11,11,5270,5409,2685,2706,379,21,3,3,5648,5658,5409,6574,6575,5409,7966,7976,5409,-1,-1,-1,6575,6578
477,3,3,8896,6737,2123,2129,595,6,8,2,9490,9493,6737,11022,11025,6737,-1,-1,-1,-1,-1,-1,9493,9501
476,2,2,2526,2159,670,675,155,5,12,2,2680,2682,2159,3198,3201,2159,-1,-1,-1,-1,-1,-1,2682,2694
475,9,9,4572,8412,744,763,111,19,1,2,4682,4691,8412,5325,5335,8412,-1,-1,-1,-1,-1,-1,4691,4692
474,1,1,455,1806,196,198,63,2,12,2,517,518,1806,652,653,1806,-1,-1,-1,-1,-1,-1,518,530
473,3,3,9922,8610,1512,1518,148,6,8,2,10069,10072,8610,11437,11440,8610,-1,-1,-1,-1,-1,-1,10072,10082
472,11,11,2420,6584,2426,2448,186,22,1,4,2605,2615,6584,3164,3165,6584,3829,3839,6584,4867,4868,6584,3165,3166
471,8,8,2691,8090,564,581,80,17,3,2,2770,2778,8090,3263,3272,8090,-1,-1,-1,-1,-1,-1,2778,2783
470,2,2,2114,4150,927,930,318,3,9,2,2431,2433,4150,3043,3044,4150,-1,-1,-1,-1,-1,-1,2433,2442
469,10,10,8349,5065,2393,2413,759,20,1,2,9107,9117,5065,10752,10762,5065,-1,-1,-1,-1,-1,-1,9117,9118
468,2,2,238,2995,141,144,24,3,10,2,261,263,2995,381,382,2995,-1,-1,-1,-1,-1,-1,263,274
467,9,9,1944,3542,1030,1050,15,20,1,3,1958,1967,3542,2353,2363,3542,2993,2994,3542,-1,-1,-1,1967,1968
466,3,3,6787,2472,1667,1672,568,5,11,2,7354,7357,2472,8457,8459,2472,-1,-1,-1,-1,-1,-1,7357,7368
465,10,10,6120,2101,788,807,23,19,3,2,6142,6152,2101,6918,6927,2101,-1,-1,-1,-1,-1,-1,6152,6155
464,1,1,8539,3131,2323,2327,714,4,8,2,9252,9253,3131,10863,10866,3131,-1,-1,-1,-1,-1,-1,9253,9262
463,11,11,2780,1614,1134,1155,66,21,2,3,2845,2855,1614,3316,3317,1614,3925,3935,1614,-1,-1,-1,3317,3320
462,10,10,3796,7655,1226,1244,511,18,3,2,4306,4316,7655,5032,5040,7655,-1,-1,-1,-1,-1,-1,4316,4320
461,3,3,1610,4205,562,568,114,6,8,2,1723,1726,4205,2175,2178,4205,-1,-1,-1,-1,-1,-1,1726,1734
460,11,11,1697,5719,1224,1244,93,20,1,3,1789,1799,5719,2233,2234,5719,2932,2941,5719,-1,-1,-1,2234,2235
459,12,12,1862,5783,1873,1897,43,24,2,4,1904,1914,5783,2315,2317,5783,2973,2983,5783,3757,3759,5783,2317,2319
458,11,11,6265,5773,3847,3867,731,20,3,3,6995,7005,5773,8243,8244,5773,10123,10132,5773,-1,-1,-1,8244,8247
457,11,11,5765,7360,4327,4349,181,22,3,4,5945,5955,7360,6788,6789,7360,8080,8090,7360,10113,10114,7360,6789,6792
456,3,3,5963,4058,856,861,61,5,8,2,6023,6026,4058,6822,6824,4058,-1,-1,-1,-1,-1,-1,6026,6034
455,1,1,2011,8629,394,396,5,2,11,2,2015,2016,8629,2406,2407,8629,-1,-1,-1,-1,-1,-1,2016,2028
454,3,3,4199,8028,1011,1017,355,6,9,2,4553,4556,8028,5213,5216,8028,-1,-1,-1,-1,-1,-1,4556,4566
453,1,1,1082,6490,221,225,76,4,12,2,1157,1158,6490,1304,1307,6490,-1,-1,-1,-1,-1,-1,1158,1170
452,3,3,4267,2035,961,965,314,4,12,2,4580,4583,2035,5231,5232,2035,-1,-1,-1,-1,-1,-1,4583,4596
451,2,2,1852,533,458,463,51,5,9,2,1902,1904,533,2312,2315,533,-1,-1,-1,-1,-1,-1,1904,1914
450,9,9,8372,3072,2401,2418,785,17,1,2,9156,9165,3072,10782,10790,3072,-1,-1,-1,-1,-1,-1,9165,9166
449,12,12,5379,3740,2606,2628,348,22,2,3,5726,5736,3740,6632,6634,3740,7997,8007,3740,-1,-1,-1,6634,6636
448,8,8,3056,7707,1809,1828,362,19,1,3,3417,3425,7707,4028,4038,7707,4883,4884,7707,-1,-1,-1,3425,3426
447,2,2,9554,9183,1742,1747,308,5,9,2,9861,9863,9183,11298,11301,9183,-1,-1,-1,-1,-1,-1,9863,9873
446,2,2,5290,5449,1294,1299,380,5,12,2,5669,5671,5449,6586,6589,5449,-1,-1,-1,-1,-1,-1,5671,5683
445,2,2,5639,8606,1084,1087,235,3,11,2,5873,5875,8606,6725,6726,8606,-1,-1,-1,-1,-1,-1,5875,5887
444,3,3,7556,9311,1147,1151,187,4,9,2,7742,7745,9311,8706,8707,9311,-1,-1,-1,-1,-1,-1,7745,7755
443,12,12,2526,3461,1330,1350,145,20,3,3,2670,2680,3461,3196,3198,3461,3868,3876,3461,-1,-1,-1,3198,3201
442,2,2,1683,4845,540,543,101,3,9,2,1783,1785,4845,2225,2226,4845,-1,-1,-1,-1,-1,-1,1785,1794
441,11,11,6708,6638,4735,4758,593,23,2,4,7300,7310,6638,8424,8425,6638,10258,10268,6638,11464,11466,6638,8425,8427
440,2,2,7348,8126,1310,1315,301,5,10,2,7648,7650,8126,8660,8663,8126,-1,-1,-1,-1,-1,-1,7650,7661
439,9,9,2395,4757,1404,1424,180,20,3,3,2574,2583,4757,3142,3152,4757,3818,3819,4757,-1,-1,-1,2583,2586
438,2,2,462,9617,189,193,57,4,10,2,518,520,9617,653,655,9617,-1,-1,-1,-1,-1,-1,520,531
437,10,10,1828,6970,464,483,63,19,1,2,1890,1900,6970,2302,2311,6970,-1,-1,-1,-1,-1,-1,1900,1901
436,3,3,6668,7305,1748,1752,627,4,10,2,7294,7297,7305,8419,8420,7305,-1,-1,-1,-1,-1,-1,7297,7308
435,9,9,9571,8473,2223,2244,303,21,2,3,9873,9882,8473,11303,11313,8473,11813,11815,8473,-1,-1,-1,9882,9884
434,3,3,750,7323,268,272,17,4,10,2,766,769,7323,1021,1022,7323,-1,-1,-1,-1,-1,-1,769,780
433,12,12,9411,8500,2498,2522,367,24,2,4,9777,9787,8500,11246,11248,8500,11762,11772,8500,11931,11933,8500,11248,11250
432,9,9,3170,5255,1706,1727,308,21,3,3,3477,3486,5255,4086,4096,5255,4895,4897,5255,-1,-1,-1,3486,3491
431,11,11,4660,4570,3203,3226,92,23,1,4,4751,4761,4570,5387,5388,4570,6366,6376,4570,7884,7886,4570,5388,5389
430,10,10,2214,4708,1549,1571,288,22,2,3,2501,2511,4708,3095,3105,4708,3783,3785,4708,-1,-1,-1,2511,2513
429,3,3,6585,1658,1798,1802,676,4,9,2,7260,7263,1658,8386,8387,1658,-1,-1,-1,-1,-1,-1,7263,7272
428,8,8,9462,4462,2302,2321,336,19,3,3,9797,9805,4462,11249,11259,4462,11782,11783,4462,-1,-1,-1,9805,9808
427,1,1,7134,5535,1446,1448,399,2,8,2,7532,7533,5535,8581,8582,5535,-1,-1,-1,-1,-1,-1,7533,7543
426,10,10,5131,7457,1390,1408,452,18,2,2,5582,5592,7457,6531,6539,7457,-1,-1,-1,-1,-1,-1,5592,5594
425,12,12,9807,6117,2111,2135,214,24,2,4,10020,10030,6117,11396,11398,6117,11884,11894,6117,11940,11942,6117,11398,11400
424,9,9,3586,5939,1394,1414,109,20,1,3,3694,3703,5939,4217,4227,5939,4999,5000,5939,-1,-1,-1,3703,3704
423,9,9,8876,3673,2773,2793,600,20,3,3,9475,9484,3673,11006,11016,3673,11668,11669,3673,-1,-1,-1,9484,9487
422,8,8,9591,7039,1718,1734,295,16,2,2,9885,9893,7039,11317,11325,7039,-1,-1,-1,-1,-1,-1,9893,9895
421,12,12,1066,7200,464,484,82,20,2,3,1147,1157,7200,1302,1304,7200,1542,1550,7200,-1,-1,-1,1304,1306
420,12,12,2940,3798,1921,1941,413,20,2,3,3352,3362,3798,3975,3977,3798,4873,4881,3798,-1,-1,-1,3977,3979
419,3,3,3356,9525,803,807,267,4,11,2,3622,3625,9525,4162,4163,9525,-1,-1,-1,-1,-1,-1,3625,3637
418,3,3,6529,4967,1835,1840,677,5,8,2,7205,7208,4967,8367,8369,4967,-1,-1,-1,-1,-1,-1,7208,7216
417,9,9,8125,2232,2481,2499,828,18,3,2,8952,8961,2232,10615,10624,2232,-1,-1,-1,-1,-1,-1,8961,8964
416,3,3,3522,3045,670,674,150,4,12,2,3671,3674,3045,4195,4196,3045,-1,-1,-1,-1,-1,-1,3674,3687
415,11,11,783,4493,417,438,79,21,1,3,861,871,4493,1025,1026,4493,1211,1221,4493,-1,-1,-1,1026,1027
414,2,2,7555,5464,1145,1148,185,3,10,2,7739,7741,5464,8702,8703,5464,-1,-1,-1,-1,-1,-1,7741,7751
413,3,3,7903,2354,2624,2628,928,4,10,2,8830,8833,2354,10530,10531,2354,-1,-1,-1,-1,-1,-1,8833,8843
412,3,3,7698,3681,1071,1077,118,6,12,2,7815,7818,3681,8772,8775,3681,-1,-1,-1,-1,-1,-1,7818,7831
411,3,3,7713,1314,1059,1065,106,6,11,2,7818,7821,1314,8775,8778,1314,-1,-1,-1,-1,-1,-1,7821,7833
410,11,11,7287,8671,4164,4186,314,22,3,4,7600,7610,8671,8630,8631,8671,10377,10387,8671,11472,11473,8671,8631,8634
409,9,9,5378,283,1236,1254,340,18,1,2,5717,5726,283,6623,6632,283,-1,-1,-1,-1,-1,-1,5726,5728
408,9,9,8156,1529,2490,2508,836,18,3,2,8991,9000,1529,10655,10664,1529,-1,-1,-1,-1,-1,-1,9000,9004
407,12,12,1506,4188,592,612,4,20,1,3,1509,1519,4188,1683,1685,4188,2110,2118,4188,-1,-1,-1,1685,1686
406,8,8,7936,6244,2593,2611,921,18,1,2,8856,8864,6244,10537,10547,6244,-1,-1,-1,-1,-1,-1,8864,8865
405,2,2,624,2651,199,202,74,3,9,2,697,699,2651,825,826,2651,-1,-1,-1,-1,-1,-1,699,708
404,9,9,83,4530,79,99,3,20,2,3,85,94,4530,131,141,4530,181,182,4530,-1,-1,-1,94,97
403,2,2,571,2994,224,229,94,5,12,2,664,666,2994,797,800,2994,-1,-1,-1,-1,-1,-1,666,679
402,8,8,837,3267,220,238,76,18,1,2,912,920,3267,1065,1075,3267,-1,-1,-1,-1,-1,-1,920,921
401,2,2,7276,4117,1347,1351,312,4,9,2,7587,7589,4117,8625,8627,4117,-1,-1,-1,-1,-1,-1,7589,7599
400,3,3,9253,1472,1897,1903,395,6,12,2,9647,9650,1472,11153,11156,1472,-1,-1,-1,-1,-1,-1,9650,9663
399,2,2,6331,3090,1929,1933,719,4,11,2,7049,7051,3090,8262,8264,3090,-1,-1,-1,-1,-1,-1,7051,7063
398,1,1,6180,3765,778,781,37,3,11,2,6216,6217,3765,6959,6961,3765,-1,-1,-1,-1,-1,-1,6217,6228
397,2,2,9892,605,1539,1543,173,4,9,2,10064,10066,605,11433,11435,605,-1,-1,-1,-1,-1,-1,10066,10076
396,8,8,9101,5291,2574,2594,480,20,2,3,9580,9588,5291,11101,11111,5291,11693,11695,5291,-1,-1,-1,9588,9591
395,1,1,9328,6773,1884,1888,401,4,12,2,9728,9729,6773,11213,11216,6773,-1,-1,-1,-1,-1,-1,9729,9742
394,3,3,7346,8859,1308,1314,300,6,10,2,7645,7648,8859,8657,8660,8859,-1,-1,-1,-1,-1,-1,7648,7658
393,8,8,136,3632,205,224,22,19,1,3,157,165,3632,216,226,3632,359,360,3632,-1,-1,-1,165,166
392,10,10,9539,1024,1740,1759,313,19,3,2,9851,9861,1024,11289,11298,1024,-1,-1,-1,-1,-1,-1,9861,9864
391,1,1,5388,5908,1255,1258,358,3,8,2,5745,5746,5908,6644,6646,5908,-1,-1,-1,-1,-1,-1,5746,5755
390,8,8,6064,4722,811,829,38,18,1,2,6101,6109,4722,6883,6893,4722,-1,-1,-1,-1,-1,-1,6109,6110
389,3,3,3671,4233,588,593,67,5,9,2,3737,3740,4233,4262,4264,4233,-1,-1,-1,-1,-1,-1,3740,3750
388,9,9,5010,1728,1471,1489,498,18,2,2,5507,5516,1728,6490,6499,1728,-1,-1,-1,-1,-1,-1,5516,5519
387,12,12,3797,8066,4054,4078,520,24,2,4,4316,4326,8066,5040,5042,8066,6239,6249,8066,7873,7875,8066,5042,5044
386,3,3,3045,7362,978,983,370,5,12,2,3414,3417,7362,4026,4028,7362,-1,-1,-1,-1,-1,-1,3417,3429
385,8,8,1249,8253,336,352,131,16,2,2,1379,1387,8253,1593,1601,8253,-1,-1,-1,-1,-1,-1,1387,1389
384,10,10,3578,2079,619,639,107,20,3,2,3684,3694,2079,4207,4217,2079,-1,-1,-1,-1,-1,-1,3694,3697
383,12,12,4873,6413,5212,5235,576,23,1,4,5448,5458,6413,6442,6444,6413,7890,7900,6413,10107,10108,6413,6444,6445
382,1,1,8377,7582,2412,2416,789,4,10,2,9165,9166,7582,10790,10793,7582,-1,-1,-1,-1,-1,-1,9166,9176
381,3,3,8579,7661,2303,2308,699,5,8,2,9277,9280,7661,10885,10887,7661,-1,-1,-1,-1,-1,-1,9280,9288
380,9,9,2639,1407,586,604,102,18,1,2,2740,2749,1407,3234,3243,1407,-1,-1,-1,-1,-1,-1,2749,2750
379,8,8,9823,8715,1570,1588,209,18,1,2,10031,10039,8715,11401,11411,8715,-1,-1,-1,-1,-1,-1,10039,10040
378,1,1,6702,7656,1719,1722,598,3,12,2,7299,7300,7656,8422,8424,7656,-1,-1,-1,-1,-1,-1,7300,7313
377,2,2,2966,6368,1029,1033,418,4,8,2,3383,3385,6368,3997,3999,6368,-1,-1,-1,-1,-1,-1,3385,3394
376,3,3,6500,5848,1846,1852,671,6,12,2,7170,7173,5848,8349,8352,5848,-1,-1,-1,-1,-1,-1,7173,7186
375,9,9,826,5321,202,221,59,19,3,2,884,893,5321,1037,1047,5321,-1,-1,-1,-1,-1,-1,893,896
374,10,10,1953,1497,1021,1043,16,22,2,3,1968,1978,1497,2365,2375,1497,2994,2996,1497,-1,-1,-1,1978,1980
373,3,3,7275,6960,1345,1350,310,5,9,2,7584,7587,6960,8623,8625,6960,-1,-1,-1,-1,-1,-1,7587,7597
372,10,10,1863,6694,444,463,52,19,2,2,1914,1924,6694,2317,2326,6694,-1,-1,-1,-1,-1,-1,1924,1926
371,11,11,3319,7739,1638,1658,290,20,1,3,3608,3618,7739,4157,4158,7739,4968,4977,7739,-1,-1,-1,4158,4160
370,8,8,6182,4627,771,789,36,18,3,2,6217,6225,4627,6961,6971,4627,-1,-1,-1,-1,-1,-1,6225,6229
369,9,9,5103,3697,1406,1424,460,18,3,2,5562,5571,3697,6518,6527,3697,-1,-1,-1,-1,-1,-1,5571,5575
368,3,3,8886,6980,2130,2136,602,6,11,2,9487,9490,6980,11019,11022,6980,-1,-1,-1,-1,-1,-1,9490,9502
367,2,2,5200,2642,1360,1365,427,5,9,2,5626,5628,2642,6562,6565,2642,-1,-1,-1,-1,-1,-1,5628,5637
366,1,1,3091,8545,971,975,367,4,11,2,3457,3458,8545,4063,4066,8545,-1,-1,-1,-1,-1,-1,3458,3470
365,2,2,9370,7267,1864,1867,388,3,12,2,9757,9759,7267,11236,11237,7267,-1,-1,-1,-1,-1,-1,9759,9772
364,3,3,2162,56,900,906,293,6,9,2,2454,2457,56,3065,3068,56,-1,-1,-1,-1,-1,-1,2457,2467
363,2,2,74,9720,54,57,10,3,10,2,83,85,9720,130,131,9720,-1,-1,-1,-1,-1,-1,85,96
362,2,2,1215,1822,359,364,127,5,10,2,1341,1343,1822,1576,1579,1822,-1,-1,-1,-1,-1,-1,1343,1354
361,8,8,7266,3407,1339,1357,311,18,3,2,7576,7584,3407,8613,8623,3407,-1,-1,-1,-1,-1,-1,7584,7588
360,9,9,2952,1963,1027,1045,423,18,2,2,3374,3383,1963,3988,3997,1963,-1,-1,-1,-1,-1,-1,3383,3386
359,2,2,5252,2852,1319,1322,395,3,10,2,5646,5648,2852,6573,6574,2852,-1,-1,-1,-1,-1,-1,5648,5659
358,2,2,9858,2826,1567,1571,193,4,11,2,10050,10052,2826,11427,11429,2826,-1,-1,-1,-1,-1,-1,10052,10064
357,11,11,6864,8673,4582,4605,512,23,3,4,7375,7385,8673,8475,8476,8673,10289,10299,8673,11467,11469,8673,8476,8479
356,2,2,8529,257,2328,2333,720,5,12,2,9248,9250,257,10859,10862,257,-1,-1,-1,-1,-1,-1,9250,9263
355,9,9,8136,4141,2498,2516,844,18,3,2,8979,8988,4141,10643,10652,4141,-1,-1,-1,-1,-1,-1,8988,8991
354,1,1,5245,7127,1324,1327,399,3,10,2,5643,5644,7127,6570,6572,7127,-1,-1,-1,-1,-1,-1,5644,5655
353,12,12,93,9740,77,98,2,21,3,3,94,104,9740,141,143,9740,182,191,9740,-1,-1,-1,143,146
352,9,9,1325,8029,283,301,96,18,1,2,1420,1429,8029,1617,1626,8029,-1,-1,-1,-1,-1,-1,1429,1430
351,3,3,5750,6197,1032,1037,191,5,10,2,5940,5943,6197,6785,6787,6197,-1,-1,-1,-1,-1,-1,5943,5954
350,3,3,9964,4223,1488,1492,125,4,8,2,10088,10091,4223,11455,11456,4223,-1,-1,-1,-1,-1,-1,10091,10100
349,11,11,5244,1803,2702,2722,390,20,1,3,5633,5643,1803,6569,6570,1803,7957,7966,1803,-1,-1,-1,6570,6571
348,1,1,5671,2214,1075,1079,231,4,10,2,5901,5902,2214,6747,6750,2214,-1,-1,-1,-1,-1,-1,5902,5914
347,1,1,4136,1502,1036,1040,372,4,8,2,4507,4508,1502,5173,5176,1502,-1,-1,-1,-1,-1,-1,4508,4516
346,3,3,4813,9063,614,620,24,6,9,2,4836,4839,9063,5430,5433,9063,-1,-1,-1,-1,-1,-1,4839,4849
345,1,1,5457,4705,1193,1195,298,2,8,2,5754,5755,4705,6651,6652,4705,-1,-1,-1,-1,-1,-1,5755,5763
344,10,10,7881,8943,2620,2639,931,19,1,2,8811,8821,8943,10511,10520,8943,-1,-1,-1,-1,-1,-1,8821,8822
343,2,2,5274,5296,1299,1302,385,3,9,2,5658,5660,5296,6575,6576,5296,-1,-1,-1,-1,-1,-1,5660,5669
342,3,3,8880,1972,2133,2139,605,6,9,2,9484,9487,1972,11016,11019,1972,-1,-1,-1,-1,-1,-1,9487,9496
341,3,3,3833,5608,1227,1233,515,6,8,2,4347,4350,5608,5063,5066,5608,-1,-1,-1,-1,-1,-1,4350,4359
340,1,1,5158,7797,1380,1383,435,3,8,2,5592,5593,7797,6539,6541,7797,-1,-1,-1,-1,-1,-1,5593,5602
339,1,1,2327,9296,811,813,244,2,12,2,2570,2571,9296,3139,3140,9296,-1,-1,-1,-1,-1,-1,2571,2583
338,3,3,7607,2495,1103,1108,153,5,11,2,7759,7762,2495,8713,8715,2495,-1,-1,-1,-1,-1,-1,7762,7773
337,1,1,3760,8564,1254,1257,529,3,11,2,4288,4289,8564,5015,5017,8564,-1,-1,-1,-1,-1,-1,4289,4300
336,10,10,7879,2265,2612,2632,923,20,3,2,8801,8811,2265,10501,10511,2265,-1,-1,-1,-1,-1,-1,8811,8814
335,8,8,7226,1621,1362,1379,328,17,1,2,7553,7561,1621,8596,8605,1621,-1,-1,-1,-1,-1,-1,7561,7562
334,1,1,207,1582,166,168,36,2,8,2,242,243,1582,374,375,1582,-1,-1,-1,-1,-1,-1,243,251
333,3,3,3873,333,1211,1215,506,4,11,2,4378,4381,333,5087,5088,333,-1,-1,-1,-1,-1,-1,4381,4392
332,12,12,8240,6881,3275,3296,793,21,3,3,9032,9042,6881,10689,10691,6881,11527,11536,6881,-1,-1,-1,10691,10694
331,3,3,3689,5860,575,580,54,5,8,2,3742,3745,5860,4267,4269,5860,-1,-1,-1,-1,-1,-1,3745,3753
330,12,12,6068,1336,4028,4051,51,23,3,4,6118,6128,1336,6903,6905,1336,8158,8168,1336,10118,10119,1336,6905,6908
329,2,2,6096,9324,819,822,45,3,8,2,6140,6142,9324,6917,6918,9324,-1,-1,-1,-1,-1,-1,6142,6151
328,3,3,6744,2583,1700,1706,595,6,12,2,7338,7341,2583,8447,8450,2583,-1,-1,-1,-1,-1,-1,7341,7354
327,2,2,5456,4060,1192,1195,297,3,12,2,5752,5754,4060,6650,6651,4060,-1,-1,-1,-1,-1,-1,5754,5767
326,9,9,3005,9714,1857,1877,390,20,3,3,3394,3403,9714,4005,4015,9714,4881,4882,9714,-1,-1,-1,3403,3407
325,12,12,6552,9594,3685,3706,690,21,3,3,7241,7251,9594,8374,8376,9594,10249,10258,9594,-1,-1,-1,8376,8379
324,3,3,8595,9813,2291,2297,699,6,9,2,9293,9296,9813,10889,10892,9813,-1,-1,-1,-1,-1,-1,9296,9305
323,10,10,6889,7828,1584,1602,503,18,2,2,7391,7401,7828,8483,8491,7828,-1,-1,-1,-1,-1,-1,7401,7403
322,12,12,6315,818,3825,3845,724,20,2,3,7038,7048,818,8258,8260,818,10152,10160,818,-1,-1,-1,8260,8262
321,3,3,5616,281,1105,1109,255,4,10,2,5870,5873,281,6724,6725,281,-1,-1,-1,-1,-1,-1,5873,5883
320,9,9,7475,4813,1201,1220,231,19,1,2,7705,7714,4813,8685,8695,4813,-1,-1,-1,-1,-1,-1,7714,7715
319,3,3,4922,5203,1529,1533,547,4,10,2,5468,5471,5203,6454,6455,5203,-1,-1,-1,-1,-1,-1,5471,5482
318,12,12,1254,7499,791,811,134,20,1,3,1387,1397,7499,1601,1603,7499,2057,2065,7499,-1,-1,-1,1603,1604
317,11,11,46,8167,16,37,1,21,3,3,46,56,8167,64,65,8167,73,83,8167,-1,-1,-1,65,68
316,2,2,7296,5596,1336,1340,318,4,12,2,7613,7615,5596,8634,8636,5596,-1,-1,-1,-1,-1,-1,7615,7628
315,10,10,6954,9950,3344,3365,473,21,1,3,7426,7436,9950,8496,8506,9950,10318,10319,9950,-1,-1,-1,7436,7437
314,12,12,8757,6402,3142,3166,619,24,2,4,9375,9385,6402,10958,10960,6402,11622,11632,6402,11921,11923,6402,10960,10962
313,11,11,733,2220,456,478,20,22,3,4,752,762,2220,857,858,2220,1004,1014,2220,1210,1211,2220,858,861
312,10,10,8491,1493,3068,3089,735,21,2,3,9225,9235,1493,10840,10850,1493,11579,11580,1493,-1,-1,-1,9235,9237
311,2,2,1442,4688,225,228,55,3,10,2,1496,1498,4688,1669,1670,4688,-1,-1,-1,-1,-1,-1,1498,1509
310,1,1,4894,1115,1555,1559,572,4,12,2,5465,5466,1115,6450,6453,1115,-1,-1,-1,-1,-1,-1,5466,5479
309,12,12,1351,740,726,747,97,21,1,3,1447,1457,740,1638,1640,740,2089,2098,740,-1,-1,-1,1640,1642
308,2,2,5030,8475,1467,1470,487,3,11,2,5516,5518,8475,6499,6500,8475,-1,-1,-1,-1,-1,-1,5518,5530
307,12,12,2421,5338,1406,1426,195,20,3,3,2615,2625,5338,3165,3167,5338,3839,3847,5338,-1,-1,-1,3167,3170
306,8,8,1111,4664,424,444,71,20,3,3,1181,1189,4664,1329,1339,4664,1553,1555,4664,-1,-1,-1,1189,1192
305,12,12,3235,7016,1662,1683,286,21,1,3,3520,3530,7016,4122,4124,7016,4909,4918,7016,-1,-1,-1,4124,4125
304,8,8,639,7846,181,198,71,17,3,2,709,717,7846,828,837,7846,-1,-1,-1,-1,-1,-1,717,720
303,3,3,8218,3230,2463,2469,802,6,9,2,9019,9022,3230,10684,10687,3230,-1,-1,-1,-1,-1,-1,9022,9032
302,2,2,9889,385,1540,1544,174,4,10,2,10062,10064,385,11431,11433,385,-1,-1,-1,-1,-1,-1,10064,10074
301,1,1,4990,8279,1497,1500,517,3,9,2,5506,5507,8279,6488,6490,8279,-1,-1,-1,-1,-1,-1,5507,5517
300,3,3,4795,9938,630,635,39,5,9,2,4833,4836,9938,5428,5430,9938,-1,-1,-1,-1,-1,-1,4836,4845
299,11,11,6391,959,3769,3788,698,19,1,3,7088,7098,959,8295,8296,959,10171,10179,959,-1,-1,-1,8296,8297
298,3,3,2680,3745,577,583,88,6,9,2,2767,2770,3745,3260,3263,3745,-1,-1,-1,-1,-1,-1,2770,2779
297,9,9,3668,1445,577,594,61,17,2,2,3728,3737,1445,4254,4262,1445,-1,-1,-1,-1,-1,-1,3737,3739
296,8,8,4483,8324,816,834,184,18,3,2,4666,4674,8324,5307,5317,8324,-1,-1,-1,-1,-1,-1,4674,4677
295,10,10,5682,4341,1058,1078,221,20,1,2,5902,5912,4341,6750,6760,4341,-1,-1,-1,-1,-1,-1,5912,5913
294,11,11,7442,438,4011,4034,243,23,2,4,7684,7694,438,8670,8671,438,10428,10438,438,11474,11476,438,8671,8673
293,12,12,9324,5780,2582,2605,376,23,1,4,9699,9709,5780,11199,11201,5780,11724,11734,5780,11928,11929,5780,11201,11202
292,2,2,7256,5146,1354,1357,319,3,9,2,7574,7576,5146,8612,8613,5146,-1,-1,-1,-1,-1,-1,7576,7585
291,1,1,4970,9126,1506,1508,526,2,8,2,5495,5496,9126,6477,6478,9126,-1,-1,-1,-1,-1,-1,5496,5504
290,1,1,9287,9506,1878,1882,374,4,11,2,9660,9661,9506,11166,11169,9506,-1,-1,-1,-1,-1,-1,9661,9673
289,2,2,8622,7394,2272,2275,687,3,9,2,9308,9310,7394,10896,10897,7394,-1,-1,-1,-1,-1,-1,9310,9320
288,3,3,9599,5501,1723,1728,295,5,12,2,9893,9896,5501,11325,11327,5501,-1,-1,-1,-1,-1,-1,9896,9909
287,2,2,5182,8554,1361,1366,423,5,8,2,5604,5606,8554,6545,6548,8554,-1,-1,-1,-1,-1,-1,5606,5615
286,3,3,8422,2866,2379,2384,760,5,9,2,9181,9184,2866,10804,10806,2866,-1,-1,-1,-1,-1,-1,9184,9194
285,2,2,6287,7189,1956,1959,720,3,10,2,7006,7008,7189,8245,8246,7189,-1,-1,-1,-1,-1,-1,7008,7019
284,10,10,2199,5881,1542,1564,273,22,1,3,2471,2481,5881,3083,3093,5881,3761,3763,5881,-1,-1,-1,2481,2482
283,8,8,8291,4237,3228,3248,776,20,3,3,9066,9074,4237,10716,10726,4237,11537,11539,4237,-1,-1,-1,9074,9077
282,1,1,8814,5048,2158,2160,586,2,10,2,9399,9400,5048,10973,10974,5048,-1,-1,-1,-1,-1,-1,9400,9410
281,2,2,3325,1135,831,834,294,3,10,2,3618,3620,1135,4158,4159,1135,-1,-1,-1,-1,-1,-1,3620,3630
280,3,3,5651,5704,1078,1083,227,5,12,2,5877,5880,5704,6732,6734,5704,-1,-1,-1,-1,-1,-1,5880,5894
279,1,1,9169,3721,1965,1967,451,2,10,2,9619,9620,3721,11135,11136,3721,-1,-1,-1,-1,-1,-1,9620,9631
278,8,8,4579,6158,1760,1779,113,19,1,3,4691,4699,6158,5335,5345,6158,6357,6358,6158,-1,-1,-1,4699,4700
277,10,10,1760,7415,508,528,92,20,3,2,1851,1861,7415,2278,2288,7415,-1,-1,-1,-1,-1,-1,1861,1864
276,12,12,264,8614,487,510,18,23,3,4,281,291,8614,395,397,8614,564,574,8614,773,774,8614,397,400
275,1,1,4207,4123,1008,1010,350,2,11,2,4556,4557,4123,5216,5217,4123,-1,-1,-1,-1,-1,-1,4557,4569
274,2,2,1644,1534,546,549,104,3,8,2,1747,1749,1534,2192,2193,1534,-1,-1,-1,-1,-1,-1,1749,1758
273,11,11,2774,5069,1132,1151,62,19,3,3,2835,2845,5069,3315,3316,5069,3917,3925,5069,-1,-1,-1,3316,3319
272,1,1,1953,6349,409,412,15,3,8,2,1967,1968,6349,2363,2365,6349,-1,-1,-1,-1,-1,-1,1968,1977
271,11,11,9146,6527,2760,2782,446,22,1,4,9591,9601,6527,11116,11117,6527,11695,11705,6527,11927,11928,6527,11117,11118
270,8,8,3121,416,944,960,344,16,2,2,3464,3472,416,4073,4081,416,-1,-1,-1,-1,-1,-1,3472,3474
269,8,8,3717,7098,544,561,29,17,2,2,3745,3753,7098,4269,4278,7098,-1,-1,-1,-1,-1,-1,3753,3756
268,9,9,7625,2889,1091,1109,146,18,2,2,7770,7779,2889,8725,8734,2889,-1,-1,-1,-1,-1,-1,7779,7781
267,11,11,8611,7708,2978,2997,686,19,2,3,9296,9306,7708,10892,10893,7708,11600,11608,7708,-1,-1,-1,10893,10895
266,2,2,3666,652,584,588,61,4,12,2,3726,3728,652,4252,4254,652,-1,-1,-1,-1,-1,-1,3728,3741
265,9,9,2599,9304,601,619,100,18,1,2,2698,2707,9304,3209,3218,9304,-1,-1,-1,-1,-1,-1,2707,2708
264,2,2,6399,8517,1905,1908,709,3,12,2,7107,7109,8517,8306,8307,8517,-1,-1,-1,-1,-1,-1,7109,7121
263,3,3,5299,9562,1287,1291,373,4,11,2,5671,5674,9562,6589,6590,9562,-1,-1,-1,-1,-1,-1,5674,5686
262,1,1,8270,3833,2441,2445,795,4,11,2,9064,9065,3833,10712,10715,3833,-1,-1,-1,-1,-1,-1,9065,9077
261,1,1,5176,9790,1365,1369,428,4,9,2,5603,5604,9790,6542,6545,9790,-1,-1,-1,-1,-1,-1,5604,5613
260,1,1,5902,2200,915,918,111,3,9,2,6012,6013,2200,6818,6820,2200,-1,-1,-1,-1,-1,-1,6013,6022
259,2,2,2198,6883,879,884,271,5,9,2,2468,2470,6883,3079,3082,6883,-1,-1,-1,-1,-1,-1,2470,2480
258,11,11,3900,4679,3955,3978,482,23,2,4,4381,4391,4679,5088,5089,4679,6261,6271,4679,7876,7878,4679,5089,5091
257,3,3,7774,6989,1016,1021,62,5,12,2,7835,7838,6989,8793,8795,6989,-1,-1,-1,-1,-1,-1,7838,7852
256,1,1,2638,3018,593,596,102,3,12,2,2739,2740,3018,3232,3234,3018,-1,-1,-1,-1,-1,-1,2740,2752
255,1,1,5645,1834,1080,1084,231,4,12,2,5875,5876,1834,6726,6729,1834,-1,-1,-1,-1,-1,-1,5876,5889
254,1,1,846,164,229,233,85,4,9,2,930,931,164,1076,1079,164,-1,-1,-1,-1,-1,-1,931,940
253,2,2,7523,6101,1172,1175,195,3,9,2,7717,7719,6101,8697,8698,6101,-1,-1,-1,-1,-1,-1,7719,7729
252,8,8,7015,1935,3288,3307,451,19,2,3,7465,7473,1935,8539,8549,1935,10321,10322,1935,-1,-1,-1,7473,7475
251,3,3,691,5536,147,153,48,6,9,2,738,741,5536,841,844,5536,-1,-1,-1,-1,-1,-1,741,750
250,11,11,9386,8251,2356,2376,374,20,1,3,9759,9769,8251,11237,11238,8251,11753,11762,8251,-1,-1,-1,11238,11239
249,3,3,4016,2130,1099,1105,416,6,12,2,4431,4434,2130,5118,5121,2130,-1,-1,-1,-1,-1,-1,4434,4447
248,3,3,3618,8240,616,622,94,6,10,2,3711,3714,8240,4237,4240,8240,-1,-1,-1,-1,-1,-1,3714,3724
247,10,10,6289,3010,1947,1966,720,19,2,2,7008,7018,3010,8246,8255,3010,-1,-1,-1,-1,-1,-1,7018,7021
246,10,10,587,814,213,233,89,20,3,2,675,685,814,810,820,814,-1,-1,-1,-1,-1,-1,685,688
245,2,2,1902,1480,424,428,33,4,8,2,1934,1936,1480,2328,2330,1480,-1,-1,-1,-1,-1,-1,1936,1944
244,2,2,255,7817,130,135,20,5,8,2,274,276,7817,387,390,7817,-1,-1,-1,-1,-1,-1,276,284
243,12,12,9006,9804,2897,2920,519,23,1,4,9524,9534,9804,11059,11061,9804,11670,11680,9804,11925,11926,9804,11061,11062
242,2,2,259,7964,129,134,18,5,9,2,276,278,7964,390,393,7964,-1,-1,-1,-1,-1,-1,278,289
241,1,1,2002,8939,400,404,13,4,9,2,2014,2015,8939,2403,2406,8939,-1,-1,-1,-1,-1,-1,2015,2024
240,8,8,4077,5421,1061,1079,407,18,1,2,4483,4491,5421,5146,5156,5421,-1,-1,-1,-1,-1,-1,4491,4492
239,2,2,5222,3695,1342,1347,410,5,11,2,5631,5633,3695,6566,6569,3695,-1,-1,-1,-1,-1,-1,5633,5645
238,12,12,6773,989,3495,3515,572,20,2,3,7344,7354,989,8455,8457,989,10280,10288,989,-1,-1,-1,8457,8459
237,2,2,7724,9395,1061,1066,108,5,10,2,7831,7833,9395,8787,8790,9395,-1,-1,-1,-1,-1,-1,7833,7843
236,12,12,6538,4944,3679,3701,681,22,1,3,7218,7228,4944,8370,8372,4944,10229,10239,4944,-1,-1,-1,8372,8374
235,2,2,7963,2547,2588,2592,917,4,9,2,8879,8881,2547,10553,10555,2547,-1,-1,-1,-1,-1,-1,8881,8890
234,9,9,373,2898,384,404,101,20,2,3,473,482,2898,606,616,2898,776,777,2898,-1,-1,-1,482,484
233,12,12,5543,588,2474,2495,258,21,3,3,5800,5810,588,6677,6679,588,8029,8038,588,-1,-1,-1,6679,6682
232,3,3,9637,1151,1715,1721,289,6,12,2,9925,9928,1151,11355,11358,1151,-1,-1,-1,-1,-1,-1,9928,9940
231,2,2,161,2547,66,71,9,5,10,2,169,171,2547,229,232,2547,-1,-1,-1,-1,-1,-1,171,181
230,12,12,7911,1586,3975,3998,923,23,2,4,8833,8843,1586,10531,10533,1586,11476,11486,1586,11908,11909,1586,10533,10535
229,2,2,6875,6491,1604,1608,515,4,9,2,7389,7391,6491,8481,8483,6491,-1,-1,-1,-1,-1,-1,7391,7401
228,1,1,9720,3442,1650,1652,245,2,9,2,9964,9965,3442,11371,11372,3442,-1,-1,-1,-1,-1,-1,9965,9974
227,3,3,9647,6403,1713,1719,293,6,11,2,9939,9942,6403,11363,11366,6403,-1,-1,-1,-1,-1,-1,9942,9954
226,2,2,7681,3851,1087,1091,133,4,11,2,7813,7815,3851,8770,8772,3851,-1,-1,-1,-1,-1,-1,7815,7827
225,3,3,6801,5617,1655,1659,557,4,9,2,7357,7360,5617,8459,8460,5617,-1,-1,-1,-1,-1,-1,7360,7370
224,9,9,6150,2412,785,803,33,18,2,2,6182,6191,2412,6944,6953,2412,-1,-1,-1,-1,-1,-1,6191,6193
223,1,1,2464,5023,708,711,168,3,12,2,2631,2632,5023,3173,3175,5023,-1,-1,-1,-1,-1,-1,2632,2645
222,12,12,1136,9877,407,429,54,22,3,3,1189,1199,9877,1339,1341,9877,1555,1565,9877,-1,-1,-1,1341,1344
221,8,8,1581,8967,1319,1339,117,20,3,3,1697,1705,8967,2148,2158,8967,2918,2920,8967,-1,-1,-1,1705,1708
220,12,12,4589,7896,1757,1777,114,20,1,3,4702,4712,7896,5347,5349,7896,6358,6366,7896,-1,-1,-1,5349,5350
219,9,9,4454,1553,821,839,189,18,1,2,4642,4651,1553,5284,5293,1553,-1,-1,-1,-1,-1,-1,4651,4652
218,2,2,4590,4522,757,760,123,3,10,2,4712,4714,4522,5349,5350,4522,-1,-1,-1,-1,-1,-1,4714,4724
217,1,1,3193,7409,905,907,297,2,10,2,3489,3490,7409,4099,4100,7409,-1,-1,-1,-1,-1,-1,3490,3501
216,8,8,1334,4874,725,745,96,20,3,3,1429,1437,4874,1626,1636,4874,2077,2079,4874,-1,-1,-1,1437,1440
215,3,3,3531,1947,665,671,146,6,9,2,3676,3679,1947,4199,4202,1947,-1,-1,-1,-1,-1,-1,3679,3689
214,12,12,8856,8251,3045,3069,596,24,3,4,9451,9461,8251,10994,10996,8251,11658,11668,8251,11923,11925,8251,10996,10999
213,9,9,719,4770,264,285,25,21,2,3,743,752,4770,847,857,4770,1002,1004,4770,-1,-1,-1,752,755
212,8,8,9403,7568,1827,1843,367,16,3,2,9769,9777,7568,11238,11246,7568,-1,-1,-1,-1,-1,-1,9777,9780
211,3,3,8084,4919,2524,2528,861,4,11,2,8944,8947,4919,10611,10612,4919,-1,-1,-1,-1,-1,-1,8947,8959
210,12,12,2820,5711,1111,1133,60,22,2,3,2879,2889,5711,3330,3332,5711,3943,3953,5711,-1,-1,-1,3332,3334
209,2,2,3350,1951,807,812,271,5,9,2,3620,3622,1951,4159,4162,1951,-1,-1,-1,-1,-1,-1,3622,3632
208,2,2,5309,7524,1279,1284,366,5,8,2,5674,5676,7524,6590,6593,7524,-1,-1,-1,-1,-1,-1,5676,5684
207,2,2,4553,3915,768,772,128,4,10,2,4680,4682,3915,5323,5325,3915,-1,-1,-1,-1,-1,-1,4682,4693
206,2,2,9029,2536,2054,2058,536,4,12,2,9564,9566,2536,11085,11087,2536,-1,-1,-1,-1,-1,-1,9566,9578
205,9,9,1742,9376,508,526,92,18,2,2,1833,1842,9376,2259,2268,9376,-1,-1,-1,-1,-1,-1,1842,1844
204,9,9,6574,1969,1793,1812,678,19,3,2,7251,7260,1969,8376,8386,1969,-1,-1,-1,-1,-1,-1,7260,7263
203,3,3,3552,6816,647,652,128,5,9,2,3679,3682,6816,4202,4204,6816,-1,-1,-1,-1,-1,-1,3682,3692
202,3,3,919,8473,324,328,39,4,11,2,957,960,8473,1246,1247,8473,-1,-1,-1,-1,-1,-1,960,972
201,2,2,6695,5533,1723,1727,603,4,9,2,7297,7299,5533,8420,8422,5533,-1,-1,-1,-1,-1,-1,7299,7309
200,2,2,3566,6688,636,641,117,5,8,2,3682,3684,6688,4204,4207,6688,-1,-1,-1,-1,-1,-1,3684,3693
199,1,1,1240,1640,347,351,129,4,8,2,1368,1369,1640,1588,1591,1640,-1,-1,-1,-1,-1,-1,1369,1377
198,2,2,9573,2560,1738,1743,310,5,12,2,9882,9884,2560,11313,11316,2560,-1,-1,-1,-1,-1,-1,9884,9896
197,8,8,3993,8520,2279,2298,422,19,1,3,4414,4422,8520,5098,5108,8520,6290,6291,8520,-1,-1,-1,4422,4423
196,10,10,2725,3212,1168,1190,77,22,1,3,2801,2811,3212,3284,3294,3212,3913,3915,3212,-1,-1,-1,2811,2812
195,2,2,6866,9211,1611,1615,522,4,9,2,7387,7389,9211,8479,8481,9211,-1,-1,-1,-1,-1,-1,7389,7399
194,1,1,4389,5245,883,886,235,3,11,2,4623,4624,5245,5273,5275,5245,-1,-1,-1,-1,-1,-1,4624,4637
193,1,1,2467,1199,707,709,166,2,10,2,2632,2633,1199,3175,3176,1199,-1,-1,-1,-1,-1,-1,2633,2643
192,3,3,4467,7172,831,837,194,6,11,2,4660,4663,7172,5301,5304,7172,-1,-1,-1,-1,-1,-1,4663,4674
191,8,8,4093,3881,1055,1071,399,16,3,2,4491,4499,3881,5156,5164,3881,-1,-1,-1,-1,-1,-1,4499,4502
190,10,10,8652,6756,2248,2268,671,20,2,2,9322,9332,6756,10910,10920,6756,-1,-1,-1,-1,-1,-1,9332,9334
189,2,2,3363,5921,808,813,273,5,8,2,3635,3637,5921,4173,4176,5921,-1,-1,-1,-1,-1,-1,3637,3645
188,1,1,9789,7756,1602,1604,220,2,10,2,10008,10009,7756,11392,11393,7756,-1,-1,-1,-1,-1,-1,10009,10020
187,2,2,1709,9191,532,536,102,4,8,2,1810,1812,9191,2243,2245,9191,-1,-1,-1,-1,-1,-1,1812,1820
186,10,10,3249,3035,1659,1680,294,21,1,3,3542,3552,3035,4126,4136,3035,4928,4929,3035,-1,-1,-1,3552,3553
185,2,2,3530,5126,664,669,145,5,11,2,3674,3676,5126,4196,4199,5126,-1,-1,-1,-1,-1,-1,3676,3688
184,11,11,6018,7161,2108,2128,43,20,1,3,6060,6070,7161,6855,6856,7161,8137,8146,7161,-1,-1,-1,6856,6857
183,12,12,3294,9540,2921,2944,277,23,3,4,3570,3580,9540,4143,4145,9540,4939,4949,9540,6237,6238,9540,4145,4148
182,1,1,2087,1036,949,953,341,4,8,2,2427,2428,1036,3037,3040,1036,-1,-1,-1,-1,-1,-1,2428,2436
181,11,11,8830,6653,2801,2820,596,19,1,3,9425,9435,6653,10987,10988,6653,11642,11650,6653,-1,-1,-1,10988,10989
180,1,1,3785,7497,1233,1236,510,3,10,2,4294,4295,7497,5019,5021,7497,-1,-1,-1,-1,-1,-1,4295,4306
179,8,8,3994,8030,1106,1123,429,17,1,2,4422,4430,8030,5108,5117,8030,-1,-1,-1,-1,-1,-1,4430,4431
178,8,8,5684,7489,1078,1094,237,16,1,2,5920,5928,7489,6770,6778,7489,-1,-1,-1,-1,-1,-1,5928,5929
177,11,11,8368,9086,3526,3549,779,23,2,4,9146,9156,9086,10781,10782,9086,11558,11568,9086,11915,11917,9086,10782,10784
176,3,3,3125,1079,953,959,348,6,12,2,3472,3475,1079,4081,4084,1079,-1,-1,-1,-1,-1,-1,3475,3488
175,2,2,2161,9723,901,904,292,3,11,2,2452,2454,9723,3064,3065,9723,-1,-1,-1,-1,-1,-1,2454,2465
174,2,2,8618,4532,2273,2278,689,5,11,2,9306,9308,4532,10893,10896,4532,-1,-1,-1,-1,-1,-1,9308,9319
173,8,8,5590,8689,2449,2468,244,19,2,3,5833,5841,8689,6684,6694,8689,8057,8058,8689,-1,-1,-1,5841,5843
172,2,2,8481,8684,2355,2359,743,4,9,2,9223,9225,8684,10838,10840,8684,-1,-1,-1,-1,-1,-1,9225,9234
171,3,3,1698,3996,541,545,110,4,12,2,1807,1810,3996,2242,2243,3996,-1,-1,-1,-1,-1,-1,1810,1822
170,10,10,3363,881,1594,1616,263,22,1,3,3625,3635,881,4163,4173,881,4977,4979,881,-1,-1,-1,3635,3636
169,1,1,3085,2722,975,978,372,3,12,2,3456,3457,2722,4061,4063,2722,-1,-1,-1,-1,-1,-1,3457,3469
168,2,2,3029,3690,984,987,375,3,8,2,3403,3405,3690,4015,4016,3690,-1,-1,-1,-1,-1,-1,3405,3414
167,12,12,7375,5147,4076,4099,286,23,1,4,7660,7670,5147,8664,8666,5147,10408,10418,5147,11473,11474,5147,8666,8668
166,9,9,6053,6652,2084,2104,40,20,1,3,6092,6101,6652,6873,6883,6652,8156,8157,6652,-1,-1,-1,6101,6102
165,8,8,6984,8544,3317,3336,463,19,3,3,7446,7454,8544,8515,8525,8544,10319,10320,8544,-1,-1,-1,7454,7457
164,10,10,25,1482,21,39,8,18,3,2,32,42,1482,56,64,1482,-1,-1,-1,-1,-1,-1,42,45
163,2,2,7567,8153,1138,1142,179,4,9,2,7745,7747,8153,8707,8709,8153,-1,-1,-1,-1,-1,-1,7747,7757
162,2,2,3682,2815,580,585,59,5,12,2,3740,3742,2815,4264,4267,2815,-1,-1,-1,-1,-1,-1,3742,3755
161,10,10,1615,3708,1294,1316,122,22,1,3,1736,1746,3708,2180,2190,3708,2929,2931,3708,-1,-1,-1,1746,1747
160,11,11,8355,7455,3537,3560,763,23,1,4,9117,9127,7455,10762,10763,7455,11548,11558,7455,11913,11915,7455,10763,10764
159,2,2,5754,8619,1031,1034,190,3,11,2,5943,5945,8619,6787,6788,8619,-1,-1,-1,-1,-1,-1,5945,5957
158,2,2,8569,210,2308,2312,694,4,10,2,9262,9264,210,10879,10881,210,-1,-1,-1,-1,-1,-1,9264,9274
157,3,3,3780,8906,1235,1239,512,4,8,2,4291,4294,8906,5018,5019,8906,-1,-1,-1,-1,-1,-1,4294,4303
156,12,12,7912,8314,3975,3999,932,24,2,4,8843,8853,8314,10533,10535,8314,11486,11496,8314,11909,11911,8314,10535,10537
155,3,3,801,6405,232,236,81,4,8,2,881,884,6405,1036,1037,6405,-1,-1,-1,-1,-1,-1,884,892
154,9,9,1423,9492,227,244,62,17,1,2,1484,1493,9492,1659,1667,9492,-1,-1,-1,-1,-1,-1,1493,1494
153,10,10,1669,6310,525,545,94,20,1,2,1762,1772,6310,2204,2214,6310,-1,-1,-1,-1,-1,-1,1772,1773
152,2,2,1365,8460,275,279,94,4,11,2,1458,1460,8460,1642,1644,8460,-1,-1,-1,-1,-1,-1,1460,1472
151,1,1,679,5859,158,161,49,3,10,2,727,728,5859,838,840,5859,-1,-1,-1,-1,-1,-1,728,738
150,12,12,475,2625,463,486,47,23,1,4,521,531,2625,657,659,2625,780,790,2625,960,961,2625,659,660
149,12,12,1248,6606,788,809,122,21,1,3,1369,1379,6606,1591,1593,6606,2048,2057,6606,-1,-1,-1,1593,1594
148,3,3,1230,7989,352,358,136,6,12,2,1365,1368,7989,1585,1588,7989,-1,-1,-1,-1,-1,-1,1368,1381
147,1,1,5743,306,1039,1042,197,3,10,2,5939,5940,306,6783,6785,306,-1,-1,-1,-1,-1,-1,5940,5951
146,9,9,4466,3969,818,835,186,17,1,2,4651,4660,3969,5293,5301,3969,-1,-1,-1,-1,-1,-1,4660,4661
145,9,9,8027,8567,3460,3481,870,21,2,3,8896,8905,8567,10570,10580,8567,11506,11508,8567,-1,-1,-1,8905,8908
144,9,9,8257,6689,2426,2445,789,19,3,2,9045,9054,6689,10692,10702,6689,-1,-1,-1,-1,-1,-1,9054,9057
143,9,9,9028,8627,2645,2665,528,20,2,3,9555,9564,8627,11075,11085,8627,11692,11693,8627,-1,-1,-1,9564,9566
142,10,10,834,9506,203,221,60,18,2,2,893,903,9506,1047,1055,9506,-1,-1,-1,-1,-1,-1,903,905
141,9,9,836,8682,210,229,68,19,1,2,903,912,8682,1055,1065,8682,-1,-1,-1,-1,-1,-1,912,913
140,1,1,1270,9662,333,336,138,3,9,2,1407,1408,9662,1604,1606,9662,-1,-1,-1,-1,-1,-1,1408,1417
139,1,1,6152,1910,800,803,40,3,9,2,6191,6192,1910,6953,6955,1910,-1,-1,-1,-1,-1,-1,6192,6202
138,1,1,327,1890,257,260,20,3,10,2,346,347,1890,585,587,1890,-1,-1,-1,-1,-1,-1,347,358
137,9,9,3844,4957,1214,1233,517,19,1,2,4360,4369,4957,5067,5077,4957,-1,-1,-1,-1,-1,-1,4369,4370
136,2,2,1018,9966,237,240,82,3,9,2,1099,1101,9966,1257,1258,9966,-1,-1,-1,-1,-1,-1,1101,1111
135,11,11,9334,2032,2399,2418,396,19,3,3,9729,9739,2032,11216,11217,2032,11744,11752,2032,-1,-1,-1,11217,11220
134,1,1,2936,3219,1037,1039,416,2,11,2,3351,3352,3219,3974,3975,3219,-1,-1,-1,-1,-1,-1,3352,3364
133,11,11,2212,9888,2629,2652,280,23,2,4,2491,2501,9888,3094,3095,9888,3773,3783,9888,4862,4864,9888,3095,3097
132,1,1,9322,5365,1875,1877,377,2,12,2,9698,9699,5365,11198,11199,5365,-1,-1,-1,-1,-1,-1,9699,9712
131,1,1,7772,2857,1018,1021,63,3,8,2,7834,7835,2857,8791,8793,2857,-1,-1,-1,-1,-1,-1,7835,7843
130,2,2,8537,7412,2323,2326,714,3,9,2,9250,9252,7412,10862,10863,7412,-1,-1,-1,-1,-1,-1,9252,9261
129,9,9,572,5462,370,391,95,21,2,3,666,675,5462,800,810,5462,961,963,5462,-1,-1,-1,675,677
128,9,9,1045,5192,223,240,75,17,2,2,1119,1128,5192,1277,1285,5192,-1,-1,-1,-1,-1,-1,1128,1130
127,2,2,2012,2857,991,994,5,3,12,2,2016,2018,2857,3005,3006,2857,-1,-1,-1,-1,-1,-1,2018,2031
126,2,2,8475,9038,2360,2363,747,3,11,2,9221,9223,9038,10837,10838,9038,-1,-1,-1,-1,-1,-1,9223,9235
125,3,3,376,8584,237,242,107,5,9,2,482,485,8584,616,618,8584,-1,-1,-1,-1,-1,-1,485,494
124,2,2,6837,7636,1632,1635,535,3,11,2,7371,7373,7636,8471,8472,7636,-1,-1,-1,-1,-1,-1,7373,7385
123,8,8,1798,831,484,500,74,16,1,2,1871,1879,831,2290,2298,831,-1,-1,-1,-1,-1,-1,1879,1880
122,11,11,7058,3632,3270,3290,445,20,1,3,7502,7512,3632,8561,8562,3632,10339,10348,3632,-1,-1,-1,8562,8563
121,11,11,2831,3085,1111,1130,59,19,1,3,2889,2899,3085,3332,3333,3085,3953,3961,3085,-1,-1,-1,3333,3335
120,9,9,1278,9039,778,799,131,21,2,3,1408,1417,9039,1606,1616,9039,2075,2077,9039,-1,-1,-1,1417,1419
119,9,9,6258,7296,3844,3865,727,21,3,3,6984,6993,7296,8230,8240,7296,10121,10123,7296,-1,-1,-1,6993,6997
118,2,2,4614,5693,758,762,125,4,12,2,4738,4740,5693,5374,5376,5693,-1,-1,-1,-1,-1,-1,4740,4753
117,1,1,4015,7729,1101,1103,416,2,8,2,4430,4431,7729,5117,5118,7729,-1,-1,-1,-1,-1,-1,4431,4439
116,2,2,6899,9712,1590,1593,503,3,10,2,7401,7403,9712,8491,8492,9712,-1,-1,-1,-1,-1,-1,7403,7413
115,3,3,2380,2631,757,762,192,5,12,2,2571,2574,2631,3140,3142,2631,-1,-1,-1,-1,-1,-1,2574,2587
114,10,10,2723,8042,1169,1190,69,21,2,3,2791,2801,8042,3274,3284,8042,3912,3913,8042,-1,-1,-1,2801,2804
113,1,1,2199,8263,882,884,272,2,9,2,2470,2471,8263,3082,3083,8263,-1,-1,-1,-1,-1,-1,2471,2481
112,3,3,5409,1965,1234,1239,338,5,12,2,5746,5749,1965,6646,6648,1965,-1,-1,-1,-1,-1,-1,5749,5762
111,10,10,2035,6947,972,991,373,19,3,2,2407,2417,6947,3017,3026,6947,-1,-1,-1,-1,-1,-1,2417,2420
110,12,12,6121,1333,2037,2059,32,22,1,3,6152,6162,1333,6927,6929,1333,8170,8180,1333,-1,-1,-1,6929,6930
109,3,3,2723,264,547,551,66,4,11,2,2788,2791,264,3273,3274,264,-1,-1,-1,-1,-1,-1,2791,2802
108,2,2,5977,5607,865,870,69,5,8,2,6045,6047,5607,6844,6847,5607,-1,-1,-1,-1,-1,-1,6047,6055
107,2,2,5250,7786,1320,1323,395,3,11,2,5644,5646,7786,6572,6573,7786,-1,-1,-1,-1,-1,-1,5646,5658
106,8,8,9516,3524,1755,1771,318,16,2,2,9833,9841,3524,11279,11287,3524,-1,-1,-1,-1,-1,-1,9841,9843
105,3,3,4591,518,756,762,124,6,12,2,4714,4717,518,5350,5353,518,-1,-1,-1,-1,-1,-1,4717,4730
104,3,3,260,3048,130,135,19,5,10,2,278,281,3048,393,395,3048,-1,-1,-1,-1,-1,-1,281,292
103,9,9,4961,7402,1496,1514,523,18,3,2,5483,5492,7402,6466,6475,7402,-1,-1,-1,-1,-1,-1,5492,5496
102,3,3,2770,666,540,545,63,5,10,2,2832,2835,666,3313,3315,666,-1,-1,-1,-1,-1,-1,2835,2845
101,2,2,7000,3420,1533,1538,463,5,8,2,7462,7464,3420,8535,8538,3420,-1,-1,-1,-1,-1,-1,7464,7472
100,10,10,6413,5931,1887,1905,709,18,1,2,7121,7131,5931,8310,8318,5931,-1,-1,-1,-1,-1,-1,7131,7132
99,2,2,7816,8385,979,983,43,4,8,2,7858,7860,8385,8797,8799,8385,-1,-1,-1,-1,-1,-1,7860,7868
98,8,8,8217,3852,2451,2467,795,16,3,2,9011,9019,3852,10676,10684,3852,-1,-1,-1,-1,-1,-1,9019,9023
97,2,2,2486,9941,690,693,158,3,8,2,2643,2645,9941,3178,3179,9941,-1,-1,-1,-1,-1,-1,2645,2653
96,1,1,1158,6764,406,409,42,3,11,2,1199,1200,6764,1565,1567,6764,-1,-1,-1,-1,-1,-1,1200,1211
95,9,9,8659,4794,2930,2951,674,21,2,3,9332,9341,4794,10920,10930,4794,11608,11610,4794,-1,-1,-1,9341,9343
94,8,8,3202,6377,890,907,289,17,3,2,3490,3498,6377,4100,4109,6377,-1,-1,-1,-1,-1,-1,3498,3502
93,1,1,3370,7657,805,807,268,2,8,2,3637,3638,7657,4176,4177,7657,-1,-1,-1,-1,-1,-1,3638,3647
92,12,12,4069,8192,2232,2254,405,22,2,3,4473,4483,8192,5144,5146,8192,6313,6323,8192,-1,-1,-1,5146,5148
91,1,1,7878,9572,2621,2623,923,2,8,2,8800,8801,9572,10500,10501,9572,-1,-1,-1,-1,-1,-1,8801,8810
90,8,8,4676,4901,1691,1711,99,20,2,3,4774,4782,4901,5392,5402,4901,6385,6387,4901,-1,-1,-1,4782,4785
89,1,1,8553,7338,2322,2326,709,4,12,2,9261,9262,7338,10876,10879,7338,-1,-1,-1,-1,-1,-1,9262,9275
88,2,2,3108,1692,960,965,355,5,12,2,3462,3464,1692,4070,4073,1692,-1,-1,-1,-1,-1,-1,3464,3478
87,3,3,2677,4751,577,583,88,6,12,2,2764,2767,4751,3257,3260,4751,-1,-1,-1,-1,-1,-1,2767,2780
86,12,12,9747,7465,2097,2117,229,20,3,3,9975,9985,7465,11373,11375,7465,11856,11864,7465,-1,-1,-1,11375,11378
85,2,2,1471,886,207,212,37,5,8,2,1507,1509,886,1680,1683,886,-1,-1,-1,-1,-1,-1,1509,1517
84,10,10,9625,4422,2171,2193,291,22,2,3,9915,9925,4422,11345,11355,4422,11816,11818,4422,-1,-1,-1,9925,9927
83,12,12,1882,2535,1089,1111,43,22,3,3,1924,1934,2535,2326,2328,2535,2983,2993,2535,-1,-1,-1,2328,2331
82,1,1,750,6374,269,271,16,2,9,2,765,766,6374,1020,1021,6374,-1,-1,-1,-1,-1,-1,766,776
81,3,3,4536,1425,782,787,142,5,11,2,4677,4680,1425,5321,5323,1425,-1,-1,-1,-1,-1,-1,4680,4692
80,3,3,8050,3582,2530,2535,867,5,12,2,8916,8919,3582,10583,10585,3582,-1,-1,-1,-1,-1,-1,8919,8931
79,2,2,4429,7464,848,853,202,5,11,2,4630,4632,7464,5279,5282,7464,-1,-1,-1,-1,-1,-1,4632,4645
78,3,3,9020,8390,2049,2055,533,6,8,2,9552,9555,8390,11072,11075,8390,-1,-1,-1,-1,-1,-1,9555,9563
77,11,11,9435,3943,2326,2347,353,21,2,3,9787,9797,3943,11248,11249,3943,11772,11782,3943,-1,-1,-1,11249,11252
76,2,2,1683,6431,543,547,99,4,12,2,1781,1783,6431,2228,2230,6431,-1,-1,-1,-1,-1,-1,1783,1796
75,12,12,9315,4570,2389,2409,364,20,3,3,9678,9688,4570,11188,11190,4570,11716,11724,4570,-1,-1,-1,11190,11193
74,10,10,8415,8609,2369,2388,754,19,3,2,9168,9178,8609,10794,10803,8609,-1,-1,-1,-1,-1,-1,9178,9182
73,3,3,161,4579,196,202,6,6,12,2,166,169,4579,360,363,4579,-1,-1,-1,-1,-1,-1,169,182
72,9,9,4140,3973,2173,2193,379,20,3,3,4518,4527,3973,5178,5188,3973,6332,6333,3973,-1,-1,-1,4527,4530
71,12,12,8046,1712,3844,3867,861,23,3,4,8906,8916,1712,10581,10583,1712,11508,11518,1712,11912,11913,1712,10583,10586
70,1,1,498,7323,294,297,36,3,12,2,533,534,7323,793,795,7323,-1,-1,-1,-1,-1,-1,534,547
69,2,2,3265,3652,870,875,291,5,10,2,3555,3557,3652,4137,4140,3652,-1,-1,-1,-1,-1,-1,3557,3568
68,3,3,2650,305,599,605,109,6,8,2,2758,2761,305,3252,3255,305,-1,-1,-1,-1,-1,-1,2761,2769
67,2,2,8396,3039,2395,2398,771,3,12,2,9166,9168,3039,10793,10794,3039,-1,-1,-1,-1,-1,-1,9168,9181
66,2,2,396,2771,221,225,91,4,12,2,486,488,2771,619,621,2771,-1,-1,-1,-1,-1,-1,488,501
65,3,3,4471,2309,830,836,193,6,11,2,4663,4666,2309,5304,5307,2309,-1,-1,-1,-1,-1,-1,4666,4678
64,11,11,6177,2041,3922,3944,30,22,2,4,6206,6216,2041,6958,6959,2041,8200,8210,2041,10120,10121,2041,6959,6962
63,12,12,9519,9959,2263,2284,323,21,2,3,9841,9851,9959,11287,11289,9959,11794,11803,9959,-1,-1,-1,11289,11291
62,2,2,692,2264,150,155,50,5,9,2,741,743,2264,844,847,2264,-1,-1,-1,-1,-1,-1,743,753
61,10,10,8670,2408,2260,2279,680,19,2,2,9349,9359,2408,10940,10949,2408,-1,-1,-1,-1,-1,-1,9359,9361
60,9,9,2159,9092,886,905,285,19,2,2,2443,2452,9092,3054,3064,9092,-1,-1,-1,-1,-1,-1,2452,2454
59,3,3,775,8211,246,250,84,4,10,2,858,861,8211,1024,1025,8211,-1,-1,-1,-1,-1,-1,861,871
58,3,3,4867,6915,1571,1575,579,4,11,2,5445,5448,6915,6441,6442,6915,-1,-1,-1,-1,-1,-1,5448,5459
57,11,11,8835,9303,2804,2823,601,19,3,3,9435,9445,9303,10988,10989,9303,11650,11658,9303,-1,-1,-1,10989,10992
56,3,3,7296,2529,1332,1338,315,6,11,2,7610,7613,2529,8631,8634,2529,-1,-1,-1,-1,-1,-1,7613,7624
55,12,12,1772,431,1170,1191,90,21,3,3,1861,1871,431,2288,2290,431,2954,2963,431,-1,-1,-1,2290,2293
54,10,10,5601,7032,1083,1103,241,20,1,2,5841,5851,7032,6694,6704,7032,-1,-1,-1,-1,-1,-1,5851,5852
53,12,12,6333,9560,5103,5126,719,23,3,4,7051,7061,9560,8264,8266,9560,10160,10170,9560,11458,11459,9560,8266,8269
52,9,9,2501,5725,1346,1367,158,21,3,3,2658,2667,5725,3185,3195,5725,3866,3868,5725,-1,-1,-1,2667,2671
51,1,1,1672,2700,541,543,101,2,9,2,1772,1773,2700,2214,2215,2700,-1,-1,-1,-1,-1,-1,1773,1782
50,12,12,4438,1919,3422,3446,195,24,1,4,4632,4642,1919,5282,5284,1919,6347,6357,1919,7882,7884,1919,5284,5285
49,12,12,3233,1355,2979,3003,278,24,1,4,3510,3520,1355,4120,4122,1355,4899,4909,1355,6234,6236,1355,4122,4123
48,8,8,8982,9294,2060,2077,535,17,1,2,9516,9524,9294,11050,11059,9294,-1,-1,-1,-1,-1,-1,9524,9525
47,11,11,4835,9775,3032,3055,7,23,3,4,4841,4851,9775,5435,5436,9775,6414,6424,9775,7888,7890,9775,5436,5439
46,1,1,5119,7117,1407,1410,453,3,8,2,5571,5572,7117,6527,6529,7117,-1,-1,-1,-1,-1,-1,5572,5581
45,12,12,8472,5504,3085,3107,732,22,3,3,9203,9213,5504,10827,10829,5504,11569,11579,5504,-1,-1,-1,10829,10832
44,11,11,9733,1478,2182,2204,233,22,1,4,9965,9975,1478,11372,11373,1478,11846,11856,1478,11936,11937,1478,11373,11375
43,3,3,2994,7906,1007,1011,398,4,11,2,3391,3394,7906,4004,4005,7906,-1,-1,-1,-1,-1,-1,3394,3406
42,9,9,8819,3083,2146,2163,582,17,3,2,9400,9409,3083,10974,10982,3083,-1,-1,-1,-1,-1,-1,9409,9414
41,3,3,8823,4455,2156,2161,587,5,8,2,9409,9412,4455,10982,10984,4455,-1,-1,-1,-1,-1,-1,9412,9421
40,3,3,8416,4068,2384,2388,763,4,9,2,9178,9181,4068,10803,10804,4068,-1,-1,-1,-1,-1,-1,9181,9191
39,2,2,8632,7164,2264,2268,681,4,10,2,9312,9314,7164,10898,10900,7164,-1,-1,-1,-1,-1,-1,9314,9324
38,8,8,9844,6206,1562,1580,198,18,3,2,10041,10049,6206,11414,11424,6206,-1,-1,-1,-1,-1,-1,10049,10052
37,1,1,6757,2330,1692,1695,585,3,11,2,7341,7342,2330,8450,8452,2330,-1,-1,-1,-1,-1,-1,7342,7353
36,2,2,108,9469,84,87,4,3,11,2,111,113,9469,194,195,9469,-1,-1,-1,-1,-1,-1,113,125
35,8,8,2762,2960,535,551,63,16,3,2,2824,2832,2960,3305,3313,2960,-1,-1,-1,-1,-1,-1,2832,2835
34,3,3,8794,9322,2174,2179,603,5,12,2,9396,9399,9322,10971,10973,9322,-1,-1,-1,-1,-1,-1,9399,9412
33,3,3,6481,8903,1853,1858,679,5,11,2,7159,7162,8903,8337,8339,8903,-1,-1,-1,-1,-1,-1,7162,7174
32,1,1,323,1184,113,117,15,4,11,2,337,338,1184,437,440,1184,-1,-1,-1,-1,-1,-1,338,350
31,11,11,6912,6789,3376,3396,492,20,3,3,7403,7413,6789,8492,8493,6789,10299,10308,6789,-1,-1,-1,8493,8496
30,11,11,7338,2951,3038,3059,281,21,2,3,7618,7628,2951,8638,8639,2951,10387,10397,2951,-1,-1,-1,8639,8641
29,1,1,6046,1807,812,816,27,4,8,2,6072,6073,1807,6859,6862,1807,-1,-1,-1,-1,-1,-1,6073,6082
28,10,10,3757,2473,1240,1258,522,18,1,2,4278,4288,2473,5007,5015,2473,-1,-1,-1,-1,-1,-1,4288,4289
27,11,11,3073,1298,3139,3161,362,22,1,4,3434,3444,1298,4047,4048,1298,4884,4894,1298,6233,6234,1298,4048,4049
26,12,12,4244,5836,3614,3638,326,24,2,4,4569,4579,5836,5228,5230,5836,6335,6345,5836,7880,7882,5836,5230,5232
25,1,1,3106,7454,960,964,356,4,10,2,3461,3462,7454,4067,4070,7454,-1,-1,-1,-1,-1,-1,3462,3472
24,3,3,1083,1835,221,226,76,5,9,2,1158,1161,1835,1307,1309,1835,-1,-1,-1,-1,-1,-1,1161,1171
23,2,2,3422,32,763,766,227,3,10,2,3648,3650,32,4187,4188,32,-1,-1,-1,-1,-1,-1,3650,3660
22,10,10,4360,7724,879,899,242,20,1,2,4601,4611,7724,5249,5259,7724,-1,-1,-1,-1,-1,-1,4611,4612
21,1,1,7477,8712,1217,1219,238,2,9,2,7714,7715,8712,8695,8696,8712,-1,-1,-1,-1,-1,-1,7715,7725
20,1,1,7679,5489,1087,1091,134,4,9,2,7812,7813,5489,8767,8770,5489,-1,-1,-1,-1,-1,-1,7813,7824
19,11,11,6526,4868,3674,3694,670,20,3,3,7195,7205,4868,8366,8367,4868,10211,10220,4868,-1,-1,-1,8367,8370
18,12,12,9494,5384,2279,2300,322,21,1,3,9815,9825,5384,11269,11271,5384,11785,11794,5384,-1,-1,-1,11271,11272
17,1,1,143,1006,82,86,23,4,9,2,165,166,1006,226,229,1006,-1,-1,-1,-1,-1,-1,166,175
16,9,9,2266,3056,1512,1532,267,20,3,3,2532,2541,3056,3118,3128,3056,3797,3798,3056,-1,-1,-1,2541,2544
15,3,3,8897,9242,2125,2130,597,5,9,2,9493,9496,9242,11025,11027,9242,-1,-1,-1,-1,-1,-1,9496,9507
14,12,12,4025,3584,2256,2278,419,22,2,3,4443,4453,3584,5131,5133,3584,6293,6303,3584,-1,-1,-1,5133,5135
13,1,1,6147,8247,793,797,35,4,8,2,6181,6182,8247,6941,6944,8247,-1,-1,-1,-1,-1,-1,6182,6190
12,8,8,1596,6322,563,579,120,16,3,2,1715,1723,6322,2167,2175,6322,-1,-1,-1,-1,-1,-1,1723,1726
11,3,3,3172,996,921,927,315,6,9,2,3486,3489,996,4096,4099,996,-1,-1,-1,-1,-1,-1,3489,3499
10,9,9,4927,2406,1519,1538,545,19,3,2,5471,5480,2406,6455,6465,2406,-1,-1,-1,-1,-1,-1,5480,5484
9,3,3,9250,5360,1898,1903,395,5,9,2,9644,9647,5360,11151,11153,5360,-1,-1,-1,-1,-1,-1,9647,9657
8,11,11,7801,5644,2666,2686,48,20,3,3,7848,7858,5644,8796,8797,5644,10478,10487,5644,-1,-1,-1,8797,8801
7,10,10,134,1467,64,82,14,18,3,2,147,157,1467,208,216,1467,-1,-1,-1,-1,-1,-1,157,160
6,11,11,2801,5188,1123,1142,57,19,3,3,2857,2867,5188,3319,3320,5188,3935,3943,5188,-1,-1,-1,3320,3323
5,9,9,7450,2546,2969,2990,246,21,3,3,7695,7704,2546,8672,8682,2546,10438,10440,2546,-1,-1,-1,7704,7708
4,8,8,2193,8066,869,886,268,17,1,2,2460,2468,8066,3070,3079,8066,-1,-1,-1,-1,-1,-1,2468,2469
3,8,8,8982,3649,2669,2688,527,19,3,3,9508,9516,3649,11040,11050,3649,11669,11670,3649,-1,-1,-1,9516,9520
2,12,12,7249,7943,3098,3119,316,21,3,3,7564,7574,7943,8610,8612,7943,10359,10368,7943,-1,-1,-1,8612,8615
1,2,2,1938,3786,412,415,19,3,11,2,1956,1958,3786,2352,2353,3786,-1,-1,-1,-1,-1,-1,1958,1970
0,10,10,4600,7879,755,774,129,19,3,2,4728,4738,7879,5365,5374,7879,-1,-1,-1,-1,-1,-1,4738,4741
